{"lr": 0.009956325915795412, "data_time": 0.0017998695373535156, "loss": 1.6646920680999755, "decode.loss_ce": 1.1981685936450959, "decode.acc_seg": 76.98594665527344, "aux.loss_ce": 0.46652348041534425, "aux.acc_seg": 76.02849578857422, "time": 0.24519989490509034, "iter": 50, "memory": 5384, "step": 50}
{"lr": 0.009911738346653688, "data_time": 0.0017005205154418945, "loss": 1.6861127138137817, "decode.loss_ce": 1.1947236716747285, "decode.acc_seg": 42.63398361206055, "aux.loss_ce": 0.4913890391588211, "aux.acc_seg": 44.73920440673828, "time": 0.2460998773574829, "iter": 100, "memory": 2587, "step": 100}
{"lr": 0.00986712825274952, "data_time": 0.0018002510070800782, "loss": 1.639373207092285, "decode.loss_ce": 1.1630970656871795, "decode.acc_seg": 79.20752716064453, "aux.loss_ce": 0.47627614736557006, "aux.acc_seg": 78.85543060302734, "time": 0.24520010948181153, "iter": 150, "memory": 2587, "step": 150}
{"lr": 0.009822495508277105, "data_time": 0.0015007734298706054, "loss": 1.5109625697135924, "decode.loss_ce": 1.0720477163791657, "decode.acc_seg": 19.41878318786621, "aux.loss_ce": 0.43891484290361404, "aux.acc_seg": 22.12300682067871, "time": 0.25390303134918213, "iter": 200, "memory": 2587, "step": 200}
{"lr": 0.009777839986082375, "data_time": 0.0017011642456054687, "loss": 1.6361542820930481, "decode.loss_ce": 1.1623711287975311, "decode.acc_seg": 46.691837310791016, "aux.loss_ce": 0.473783141374588, "aux.acc_seg": 49.031089782714844, "time": 0.254599928855896, "iter": 250, "memory": 2587, "step": 250}
{"lr": 0.009733161557641541, "data_time": 0.0019950389862060545, "loss": 1.6020457327365876, "decode.loss_ce": 1.1411132007837295, "decode.acc_seg": 62.18528747558594, "aux.loss_ce": 0.46093251556158066, "aux.acc_seg": 62.52021789550781, "time": 0.25039970874786377, "iter": 300, "memory": 2587, "step": 300}
