{"lr": 0.0001, "data_time": 0.01589236259460449, "loss": 0.2800977036356926, "decode.loss_ce": 0.17741934284567834, "decode.acc_seg": 92.40074157714844, "aux.loss_ce": 0.10267836153507233, "aux.acc_seg": 89.80770111083984, "time": 0.47134881019592284, "iter": 10050, "memory": 13479, "step": 10050}
{"lr": 0.0001, "data_time": 0.01589510440826416, "loss": 0.2847747281193733, "decode.loss_ce": 0.18098920881748198, "decode.acc_seg": 93.48812103271484, "aux.loss_ce": 0.10378551855683327, "aux.acc_seg": 91.18461608886719, "time": 0.4729351043701172, "iter": 10100, "memory": 7189, "step": 10100}
{"lr": 0.0001, "data_time": 0.019046521186828612, "loss": 0.2878213614225388, "decode.loss_ce": 0.18215634822845458, "decode.acc_seg": 92.86670684814453, "aux.loss_ce": 0.10566501021385193, "aux.acc_seg": 90.43521881103516, "time": 0.4709437608718872, "iter": 10150, "memory": 7189, "step": 10150}
{"lr": 0.0001, "data_time": 0.016382813453674316, "loss": 0.28597030937671664, "decode.loss_ce": 0.1785822704434395, "decode.acc_seg": 94.8282241821289, "aux.loss_ce": 0.10738803669810296, "aux.acc_seg": 93.2281494140625, "time": 0.4671990394592285, "iter": 10200, "memory": 7189, "step": 10200}
{"lr": 0.0001, "data_time": 0.018143844604492188, "loss": 0.27433735579252244, "decode.loss_ce": 0.1713437058031559, "decode.acc_seg": 93.4030532836914, "aux.loss_ce": 0.10299364775419236, "aux.acc_seg": 88.62409973144531, "time": 0.4706303596496582, "iter": 10250, "memory": 7189, "step": 10250}
{"lr": 0.0001, "data_time": 0.016218018531799317, "loss": 0.2826631471514702, "decode.loss_ce": 0.17707725167274474, "decode.acc_seg": 93.57719421386719, "aux.loss_ce": 0.10558589175343513, "aux.acc_seg": 91.31107330322266, "time": 0.47020318508148196, "iter": 10300, "memory": 7189, "step": 10300}
{"lr": 0.0001, "data_time": 0.016219949722290038, "loss": 0.3211249947547913, "decode.loss_ce": 0.20357705950736998, "decode.acc_seg": 93.21746826171875, "aux.loss_ce": 0.11754793226718903, "aux.acc_seg": 89.51254272460938, "time": 0.4699653387069702, "iter": 10350, "memory": 7189, "step": 10350}
{"lr": 0.0001, "data_time": 0.016715407371520996, "loss": 0.28652596324682233, "decode.loss_ce": 0.1774134874343872, "decode.acc_seg": 94.68708038330078, "aux.loss_ce": 0.10911247879266739, "aux.acc_seg": 90.89202880859375, "time": 0.4692379474639893, "iter": 10400, "memory": 7189, "step": 10400}
{"lr": 0.0001, "data_time": 0.017085909843444824, "loss": 0.3090259060263634, "decode.loss_ce": 0.194692462682724, "decode.acc_seg": 94.56015014648438, "aux.loss_ce": 0.11433344036340713, "aux.acc_seg": 91.6677474975586, "time": 0.46967220306396484, "iter": 10450, "memory": 7189, "step": 10450}
{"lr": 0.0001, "data_time": 0.019012713432312013, "loss": 0.2806693434715271, "decode.loss_ce": 0.1804230034351349, "decode.acc_seg": 92.28181457519531, "aux.loss_ce": 0.10024633929133415, "aux.acc_seg": 88.19217681884766, "time": 0.4716695785522461, "iter": 10500, "memory": 7189, "step": 10500}
{"aAcc": 87.74, "mIoU": 60.07, "mAcc": 66.94, "data_time": 0.04828873702457973, "time": 0.5709127528326852, "step": 10500}
{"lr": 0.0001, "data_time": 0.017383861541748046, "loss": 0.2952860325574875, "decode.loss_ce": 0.18298302143812178, "decode.acc_seg": 92.30976104736328, "aux.loss_ce": 0.11230301484465599, "aux.acc_seg": 89.798828125, "time": 0.470343279838562, "iter": 10550, "memory": 7190, "step": 10550}
{"lr": 0.0001, "data_time": 0.01667952537536621, "loss": 0.29464044272899625, "decode.loss_ce": 0.18577811866998672, "decode.acc_seg": 93.576904296875, "aux.loss_ce": 0.10886231884360313, "aux.acc_seg": 91.5152587890625, "time": 0.4697505712509155, "iter": 10600, "memory": 7189, "step": 10600}
{"lr": 0.0001, "data_time": 0.016050148010253906, "loss": 0.30396869629621504, "decode.loss_ce": 0.19330703020095824, "decode.acc_seg": 92.5301513671875, "aux.loss_ce": 0.11066166311502457, "aux.acc_seg": 90.10801696777344, "time": 0.4697667360305786, "iter": 10650, "memory": 7189, "step": 10650}
{"lr": 0.0001, "data_time": 0.01798083782196045, "loss": 0.2740370765328407, "decode.loss_ce": 0.1720057912170887, "decode.acc_seg": 96.61492919921875, "aux.loss_ce": 0.10203128680586815, "aux.acc_seg": 94.19755554199219, "time": 0.47100279331207273, "iter": 10700, "memory": 7189, "step": 10700}
{"lr": 0.0001, "data_time": 0.016209864616394044, "loss": 0.3038147628307343, "decode.loss_ce": 0.190903240442276, "decode.acc_seg": 94.13986206054688, "aux.loss_ce": 0.11291152462363244, "aux.acc_seg": 91.99295043945312, "time": 0.4697139263153076, "iter": 10750, "memory": 7189, "step": 10750}
{"lr": 0.0001, "data_time": 0.01818206310272217, "loss": 0.2978518694639206, "decode.loss_ce": 0.19052625298500062, "decode.acc_seg": 93.83612060546875, "aux.loss_ce": 0.10732561498880386, "aux.acc_seg": 90.9261703491211, "time": 0.47106893062591554, "iter": 10800, "memory": 7189, "step": 10800}
{"lr": 0.0001, "data_time": 0.01599907875061035, "loss": 0.25172998905181887, "decode.loss_ce": 0.15869260281324388, "decode.acc_seg": 92.43717193603516, "aux.loss_ce": 0.09303738474845887, "aux.acc_seg": 90.40279388427734, "time": 0.4682368516921997, "iter": 10850, "memory": 7189, "step": 10850}
{"lr": 0.0001, "data_time": 0.015856194496154784, "loss": 0.27092119604349135, "decode.loss_ce": 0.16859166994690894, "decode.acc_seg": 94.27824401855469, "aux.loss_ce": 0.10232952684164047, "aux.acc_seg": 91.04804992675781, "time": 0.4696606159210205, "iter": 10900, "memory": 7189, "step": 10900}
{"lr": 0.0001, "data_time": 0.016193294525146486, "loss": 0.3360429912805557, "decode.loss_ce": 0.21338309943675995, "decode.acc_seg": 93.13935852050781, "aux.loss_ce": 0.12265988811850548, "aux.acc_seg": 89.52465057373047, "time": 0.4694794178009033, "iter": 10950, "memory": 7189, "step": 10950}
{"lr": 0.0001, "data_time": 0.015733742713928224, "loss": 0.2670187994837761, "decode.loss_ce": 0.1677380695939064, "decode.acc_seg": 94.55127716064453, "aux.loss_ce": 0.0992807313799858, "aux.acc_seg": 92.79718017578125, "time": 0.4683136224746704, "iter": 11000, "memory": 7189, "step": 11000}
{"aAcc": 87.65, "mIoU": 60.02, "mAcc": 66.86, "data_time": 0.03890313420976911, "time": 0.40058181967054096, "step": 11000}
{"lr": 0.0001, "data_time": 0.01649949550628662, "loss": 0.2828706666827202, "decode.loss_ce": 0.1797216460108757, "decode.acc_seg": 93.75199890136719, "aux.loss_ce": 0.1031490184366703, "aux.acc_seg": 90.4184341430664, "time": 0.46782736778259276, "iter": 11050, "memory": 7189, "step": 11050}
{"lr": 0.0001, "data_time": 0.017509102821350098, "loss": 0.3026576519012451, "decode.loss_ce": 0.1903526619076729, "decode.acc_seg": 91.68405151367188, "aux.loss_ce": 0.11230499148368836, "aux.acc_seg": 88.83209228515625, "time": 0.46987104415893555, "iter": 11100, "memory": 7189, "step": 11100}
{"lr": 0.0001, "data_time": 0.016272449493408205, "loss": 0.2882459908723831, "decode.loss_ce": 0.17963140308856965, "decode.acc_seg": 93.947509765625, "aux.loss_ce": 0.10861458331346512, "aux.acc_seg": 91.63646697998047, "time": 0.46932668685913087, "iter": 11150, "memory": 7189, "step": 11150}
{"lr": 0.0001, "data_time": 0.015697741508483888, "loss": 0.30697177201509473, "decode.loss_ce": 0.19416905492544173, "decode.acc_seg": 94.11935424804688, "aux.loss_ce": 0.11280271634459496, "aux.acc_seg": 92.28096008300781, "time": 0.4663289785385132, "iter": 11200, "memory": 7189, "step": 11200}
{"lr": 0.0001, "data_time": 0.01699962615966797, "loss": 0.2865609124302864, "decode.loss_ce": 0.18051544576883316, "decode.acc_seg": 93.44005584716797, "aux.loss_ce": 0.10604546815156937, "aux.acc_seg": 91.40386962890625, "time": 0.46896610260009763, "iter": 11250, "memory": 7189, "step": 11250}
{"lr": 0.0001, "data_time": 0.016425395011901857, "loss": 0.2580243721604347, "decode.loss_ce": 0.16019938737154008, "decode.acc_seg": 94.57635498046875, "aux.loss_ce": 0.09782498255372048, "aux.acc_seg": 91.19586944580078, "time": 0.46863911151885984, "iter": 11300, "memory": 7189, "step": 11300}
{"lr": 0.0001,