base_lr,lr,data_time,loss,decode.loss_ce,decode.loss_lovasz,decode.acc_seg,time,iter,memory,step
1.9613655770513682e-06,1.9613655770513682e-06,0.01823005676269531,3.2860328197479247,2.907844591140747,0.37818827033042907,7.071573734283447,0.4987774133682251,50.0,8530.0,50.0
3.962697798532355e-06,3.962697798532355e-06,0.017615437507629395,2.9769458055496214,2.602007746696472,0.37493808269500734,47.90253448486328,0.49649999141693113,100.0,7033.0,100.0
5.964030020013346e-06,5.964030020013346e-06,0.015925025939941405,2.489796590805054,2.1225263357162474,0.36727026104927063,69.37026977539062,0.4957552909851074,150.0,7000.0,150.0
7.965362241494336e-06,7.965362241494336e-06,0.01726870536804199,2.008232855796814,1.6602642059326171,0.34796867370605467,72.07245635986328,0.5097976684570312,200.0,7026.0,200.0
9.96669446297533e-06,9.96669446297533e-06,0.016569185256958007,1.652715802192688,1.3202414631843566,0.3324743300676346,71.13689422607422,0.5011208534240723,250.0,7028.0,250.0
1.1968026684456319e-05,1.1968026684456319e-05,0.016652798652648924,1.4170714020729065,1.09901904463768,0.318052339553833,69.54408264160156,0.5011878252029419,300.0,7026.0,300.0
1.3969358905937323e-05,1.3969358905937323e-05,0.01924891471862793,1.2840829372406006,0.9788293361663818,0.30525358617305753,80.96258544921875,0.5072812080383301,350.0,7069.0,350.0
1.597069112741831e-05,1.597069112741831e-05,0.018185901641845702,1.2894344329833984,0.9853105962276458,0.3041238307952881,75.47639465332031,0.512113356590271,400.0,7030.0,400.0
1.797202334889931e-05,1.797202334889931e-05,0.018619346618652343,1.1656750679016112,0.8680286228656768,0.2976464480161667,85.53897857666016,0.5162022352218628,450.0,7031.0,450.0
1.9973355570380306e-05,1.9973355570380306e-05,0.017814064025878908,1.1544266104698182,0.862817469239235,0.2916091471910477,83.1186752319336,0.50255286693573,500.0,7021.0,500.0
2.1974687791861306e-05,2.1974687791861306e-05,0.015634560585021974,1.0792820155620575,0.801180699467659,0.2781013160943985,85.21392822265625,0.49957220554351806,550.0,7065.0,550.0
2.3976020013342307e-05,2.3976020013342307e-05,0.018445158004760744,0.9424205541610717,0.6730070233345031,0.2694135278463364,85.47749328613281,0.5049254894256592,600.0,7032.0,600.0
2.597735223482329e-05,2.597735223482329e-05,0.01800856590270996,0.942574965953827,0.6829513996839524,0.2596235752105713,74.18639373779297,0.5004207134246826,650.0,7040.0,650.0
2.797868445630428e-05,2.797868445630428e-05,0.015045237541198731,0.9152545690536499,0.6508410632610321,0.26441349685192106,82.30683135986328,0.4931826114654541,700.0,7034.0,700.0
2.99800166777853e-05,2.99800166777853e-05,0.01758701801300049,0.9703992784023285,0.7123838365077972,0.25801544934511184,82.43245697021484,0.4987024784088135,750.0,7035.0,750.0
3.1981348899266314e-05,3.1981348899266314e-05,0.017025113105773926,1.0557059526443482,0.7987318456172943,0.2569740921258926,81.26322937011719,0.49699304103851316,800.0,7072.0,800.0
3.398268112074729e-05,3.398268112074729e-05,0.01619548797607422,0.677783340215683,0.45088307857513427,0.22690026611089706,85.6065902709961,0.4957139253616333,850.0,7038.0,850.0
3.5984013342228235e-05,3.5984013342228235e-05,0.018639278411865235,0.7445685982704162,0.5087882906198502,0.23578030616044998,86.96599578857422,0.5101629018783569,900.0,7024.0,900.0
3.7985345563709256e-05,3.7985345563709256e-05,0.01740269660949707,0.7883187264204026,0.5566408604383468,0.231677870452404,87.54544830322266,0.5026524066925049,950.0,7018.0,950.0
3.998667778519025e-05,3.998667778519025e-05,0.016387176513671876,0.7392264664173126,0.5191982597112655,0.22002820968627929,90.89905548095703,0.49853556156158446,1000.0,7028.0,1000.0
4.198801000667124e-05,4.198801000667124e-05,0.016769886016845703,0.6566705584526062,0.43632699847221373,0.22034356296062468,87.24826049804688,0.5084220170974731,1050.0,7033.0,1050.0
4.398934222815225e-05,4.398934222815225e-05,0.015740275382995605,0.6787981748580932,0.4443520724773407,0.23444610685110093,87.68253326416016,0.5117827415466308,1100.0,7040.0,1100.0
4.599067444963324e-05,4.599067444963324e-05,0.015050601959228516,0.6817320048809051,0.47101058810949326,0.21072141453623772,82.16915893554688,0.4917473316192627,1150.0,7036.0,1150.0
4.7992006671114227e-05,4.7992006671114227e-05,0.015955066680908202,0.6589489668607712,0.44108694046735764,0.2178620234131813,89.30707550048828,0.5023431777954102,1200.0,7035.0,1200.0
4.999333889259521e-05,4.999333889259521e-05,0.014808917045593261,0.6623771488666534,0.4432203620672226,0.21915678679943085,76.71784210205078,0.4931482315063477,1250.0,7028.0,1250.0
5.199467111407618e-05,5.199467111407618e-05,0.01458740234375,0.7188888251781463,0.5029441595077515,0.2159446656703949,86.48796081542969,0.4899430751800537,1300.0,7015.0,1300.0
5.399600333555716e-05,5.399600333555716e-05,0.015534687042236327,0.5869848936796188,0.38794986009597776,0.19903502762317657,83.22064971923828,0.4862276792526245,1350.0,7050.0,1350.0
5.599733555703817e-05,5.599733555703817e-05,0.014929366111755372,0.6182419389486313,0.40722687244415284,0.21101507991552354,87.19964599609375,0.4965125799179077,1400.0,7022.0,1400.0
5.799866777851912e-05,5.799866777851912e-05,0.014247751235961914,0.6928631603717804,0.4753648847341537,0.21749826967716218,86.15666198730469,0.492955756187439,1450.0,7040.0,1450.0
6.000000000000008e-05,6.000000000000008e-05,0.016104888916015626,0.6954928755760192,0.4720937073230743,0.22339916378259658,86.97248840332031,0.4969422101974487,1500.0,7044.0,1500.0
5.996254729359621e-05,5.996254729359621e-05,0.015871739387512206,0.61551274061203,0.3991167575120926,0.21639598160982132,90.111083984375,0.500799298286438,1550.0,7009.0,1550.0
5.992433024624527e-05,5.992433024624527e-05,0.014086437225341798,0.6862729251384735,0.47609569132328033,0.2101772353053093,87.44602966308594,0.49149045944213865,1600.0,7000.0,1600.0
5.9886113198894345e-05,5.9886113198894345e-05,0.01606740951538086,0.5930536568164826,0.3742465108633041,0.21880714297294618,91.61151123046875,0.4989046335220337,1650.0,7031.0,1650.0
5.9847896151543406e-05,5.9847896151543406e-05,0.01624894142150879,0.5442100673913955,0.34702628701925275,0.1971837803721428,88.70191955566406,0.4969771862030029,1700.0,7035.0,1700.0
5.9809679104192507e-05,5.9809679104192507e-05,0.01717536449432373,0.7679512560367584,0.5507478803396225,0.21720337867736816,81.52066040039062,0.5068529129028321,1750.0,7054.0,1750.0
5.977146205684161e-05,5.977146205684161e-05,0.01958327293395996,0.5365081131458282,0.3358184337615967,0.20068967938423157,90.88461303710938,0.5009592533111572,1800.0,7032.0,1800.0
5.9733245009490675e-05,5.9733245009490675e-05,0.016535186767578126,0.5739987075328827,0.37975216209888457,0.19424654990434648,88.98163604736328,0.49398767948150635,1850.0,7098.0,1850.0
5.9695027962139735e-05,5.9695027962139735e-05,0.01760101318359375,0.6243605136871337,0.4229803442955017,0.20138016790151597,84.48603820800781,0.49606800079345703,1900.0,6989.0,1900.0
5.965681091478883e-05,5.965681091478883e-05,0.018878698348999023,0.6669607162475586,0.4719141602516174,0.1950465500354767,91.95958709716797,0.5087353467941285,1950.0,6996.0,1950.0
5.961859386743793e-05,5.961859386743793e-05,0.017902398109436037,0.5364614099264144,0.3382765486836433,0.1981848657131195,89.779052734375,0.5038505077362061,2000.0,7029.0,2000.0
5.958037682008702e-05,5.958037682008702e-05,0.015839576721191406,0.5631329894065857,0.3634333163499832,0.19969967305660247,90.9420394897461,0.4954272747039795,2050.0,7022.0,2050.0
5.9542159772736105e-05,5.9542159772736105e-05,0.01599576473236084,0.5254933357238769,0.3379810243844986,0.1875123143196106,90.2138671875,0.5124434947967529,2100.0,7004.0,2100.0
5.950394272538514e-05,5.950394272538514e-05,0.01722574234008789,0.5843235462903976,0.390143147110939,0.19418040066957473,91.79161071777344,0.4997450351715088,2150.0,7016.0,2150.0
5.9465725678034225e-05,5.9465725678034225e-05,0.015864253044128418,0.5460490882396698,0.35274922996759417,0.1932998552918434,91.98931884765625,0.501894497871399,2200.0,7020.0,2200.0
5.942750863068332e-05,5.942750863068332e-05,0.016447067260742188,0.5790469706058502,0.38219377100467683,0.19685319662094117,89.0598373413086,0.4977046251296997,2250.0,7001.0,2250.0
5.9389291583332434e-05,5.9389291583332434e-05,0.01734471321105957,0.5644332021474838,0.36885991245508193,0.19557329416275024,91.34355926513672,0.49405574798583984,2300.0,7013.0,2300.0
5.935107453598149e-05,5.935107453598149e-05,0.016341304779052733,0.5860259681940079,0.38564830273389816,0.20037766993045808,82.48624420166016,0.4999267101287842,2350.0,7039.0,2350.0
5.931285748863056e-05,5.931285748863056e-05,0.01839442253112793,0.5370769292116165,0.3362883359193802,0.20078859180212022,84.41253662109375,0.5048955917358399,2400.0,7009.0,2400.0
5.92746404412796e-05,5.92746404412796e-05,0.016587114334106444,0.5124131143093109,0.3239677906036377,0.1884453147649765,86.7681884765625,0.5058946371078491,2450.0,7045.0,2450.0
5.923642339392866e-05,5.923642339392866e-05,0.014911890029907227,0.5484746128320694,0.35577462464570997,0.19269998520612716,91.89784240722656,0.4941368103027344,2500.0,7033.0,2500.0
5.9198206346577755e-05,5.9198206346577755e-05,0.016887927055358888,0.5282630652189255,0.34095335751771927,0.18730969727039337,91.31694793701172,0.49822967052459716,2550.0,7031.0,2550.0
5.9159989299226816e-05,5.9159989299226816e-05,0.01475529670715332,0.6102108418941498,0.41103767454624174,0.19917315989732742,84.17078399658203,0.4958714723587036,2600.0,7036.0,2600.0
5.912177225187589e-05,5.912177225187589e-05,0.01476912498474121,0.6341391503810883,0.4341994941234589,0.19993965923786164,89.84395599365234,0.4965101480484009,2650.0,7021.0,2650.0
5.908355520452492e-05,5.908355520452492e-05,0.015926504135131837,0.5828729748725892,0.3893038719892502,0.1935690939426422,91.17039489746094,0.49459502696990965,2700.0,7011.0,2700.0
5.9045338157174023e-05,5.9045338157174023e-05,0.015984535217285156,0.5610296279191971,0.3667696863412857,0.19425994157791138,86.17262268066406,0.49803082942962645,2750.0,7002.0,2750.0
5.9007121109823084e-05,5.9007121109823084e-05,0.015757822990417482,0.5289262950420379,0.33532346189022066,0.19360283464193345,89.41325378417969,0.4960279941558838,2800.0,7068.0,2800.0
5.8968904062472185e-05,5.8968904062472185e-05,0.015458488464355468,0.5394357949495315,0.35242472738027575,0.18701106309890747,86.19679260253906,0.4924799919128418,2850.0,7058.0,2850.0
5.893068701512124e-05,5.893068701512124e-05,0.016965031623840332,0.5299431383609772,0.34895567148923873,0.18098747432231904,90.69232940673828,0.4956035614013672,2900.0,7032.0,2900.0
5.889246996777026e-05,5.889246996777026e-05,0.01893904209136963,0.5030056297779083,0.31617735475301745,0.18682827204465866,91.9708023071289,0.5017383813858032,2950.0,7008.0,2950.0
5.885425292041932e-05,5.885425292041932e-05,0.016442012786865235,0.5730736374855041,0.38652496933937075,0.18654866218566896,87.45171356201172,0.49808392524719236,3000.0,7027.0,3000.0
5.88160358730684e-05,5.88160358730684e-05,0.016616630554199218,0.46458303928375244,0.28350211679935455,0.18108092099428177,89.46318817138672,0.5005642652511597,3050.0,6999.0,3050.0
5.8777818825717445e-05,5.8777818825717445e-05,0.016066956520080566,0.533749309182167,0.3490461088716984,0.18470320254564285,93.8218994140625,0.48745551109313967,3100.0,7011.0,3100.0
5.873960177836648e-05,5.873960177836648e-05,0.016156840324401855,0.5647487133741379,0.37385233789682387,0.19089638590812683,80.13513946533203,0.4970677614212036,3150.0,7021.0,3150.0
5.870138473101558e-05,5.870138473101558e-05,0.016222929954528807,0.5488703340291977,0.36569816917181014,0.18317216783761978,89.11945343017578,0.49866747856140137,3200.0,7031.0,3200.0
5.866316768366465e-05,5.866316768366465e-05,0.015242648124694825,0.477056947350502,0.2867274314165115,0.1903295174241066,88.79059600830078,0.49689602851867676,3250.0,7006.0,3250.0
5.862495063631373e-05,5.862495063631373e-05,0.01744687557220459,0.47279743254184725,0.2935181051492691,0.17927932888269424,92.78550720214844,0.5028680562973022,3300.0,7037.0,3300.0
5.8586733588962814e-05,5.8586733588962814e-05,0.01688218116760254,0.5129251420497895,0.3213119268417358,0.19161322861909866,90.15115356445312,0.5012252569198609,3350.0,7043.0,3350.0
5.854851654161189e-05,5.854851654161189e-05,0.016907310485839842,0.519227409362793,0.34141919314861296,0.17780821621418,88.94194793701172,0.5021192073822022,3400.0,7036.0,3400.0
5.8510299494260935e-05,5.8510299494260935e-05,0.017290115356445312,0.4760015308856964,0.30503666400909424,0.17096486687660217,89.1067886352539,0.4944136142730713,3450.0,7061.0,3450.0
5.8472082446910015e-05,5.8472082446910015e-05,0.017142510414123534,0.5117622315883636,0.32396113127470016,0.18780110478401185,87.39606475830078,0.5019821643829345,3500.0,7030.0,3500.0
5.843386539955907e-05,5.843386539955907e-05,0.018648386001586914,0.5207246512174606,0.32963990718126296,0.19108474403619766,90.97862243652344,0.5056602478027343,3550.0,7018.0,3550.0
5.839564835220814e-05,5.839564835220814e-05,0.017599010467529298,0.4347813457250595,0.2674261018633842,0.16735524386167527,93.62382507324219,0.5006359100341797,3600.0,7032.0,3600.0
5.8357431304857196e-05,5.8357431304857196e-05,0.01645081043243408,0.5060585856437683,0.32611765116453173,0.17994093596935273,80.0200424194336,0.4976863622665405,3650.0,7024.0,3650.0
5.8319214257506304e-05,5.8319214257506304e-05,0.018292737007141114,0.5262789845466613,0.3355149909853935,0.19076400101184846,88.92840576171875,0.5144051790237427,3700.0,7031.0,3700.0
5.828099721015536e-05,5.828099721015536e-05,0.015677666664123534,0.4699670195579529,0.29153944849967955,0.17842757403850557,89.69479370117188,0.49688332080841063,3750.0,7031.0,3750.0
5.824278016280439e-05,5.824278016280439e-05,0.015115189552307128,0.4841019868850708,0.31324103474617004,0.17086095362901688,91.60078430175781,0.4853071212768555,3800.0,7061.0,3800.0
5.820456311545347e-05,5.820456311545347e-05,0.020191025733947755,0.5948522865772248,0.4056775987148285,0.18917468041181565,92.68658447265625,0.49818270206451415,3850.0,7058.0,3850.0
5.8166346068102545e-05,5.8166346068102545e-05,0.017176890373229982,0.491013503074646,0.3109119802713394,0.18010152280330657,88.87757110595703,0.4971081018447876,3900.0,7031.0,3900.0
5.812812902075166e-05,5.812812902075166e-05,0.017517709732055665,0.4808548867702484,0.31626325845718384,0.16459162309765815,91.9220962524414,0.493359375,3950.0,7025.0,3950.0
5.808991197340072e-05,5.808991197340072e-05,0.016022539138793944,0.5751101523637772,0.3927553057670593,0.18235484957695008,93.71612548828125,0.491284704208374,4000.0,7061.0,4000.0
5.805169492604981e-05,5.805169492604981e-05,0.017467331886291505,0.45219835042953493,0.26920363306999207,0.1829947203397751,92.17261505126953,0.4999638319015503,4050.0,7026.0,4050.0
5.80134778786989e-05,5.80134778786989e-05,0.01844959259033203,0.49824707210063934,0.31577682346105573,0.18247024714946747,85.73100280761719,0.4972114562988281,4100.0,7024.0,4100.0
5.7975260831347975e-05,5.7975260831347975e-05,0.016141867637634276,0.5052983820438385,0.3259547993540764,0.1793435901403427,94.59143829345703,0.4937064409255981,4150.0,7015.0,4150.0
5.793704378399701e-05,5.793704378399701e-05,0.017308759689331054,0.46411190629005433,0.2806777760386467,0.1834341287612915,91.39733123779297,0.5000248670578002,4200.0,7010.0,4200.0
5.7898826736646055e-05,5.7898826736646055e-05,0.017505621910095213,0.5021118283271789,0.3174325555562973,0.1846792846918106,92.09952545166016,0.49951016902923584,4250.0,7011.0,4250.0
5.7860609689295176e-05,5.7860609689295176e-05,0.01527853012084961,0.5450458526611328,0.3577601358294487,0.18728572279214858,86.84199523925781,0.4924859762191772,4300.0,7033.0,4300.0
5.782239264194425e-05,5.782239264194425e-05,0.016309738159179688,0.506252121925354,0.32864869982004163,0.17760342136025428,88.53655242919922,0.4935643434524536,4350.0,7033.0,4350.0
5.7784175594593344e-05,5.7784175594593344e-05,0.015695977210998534,0.48420455157756803,0.29158336818218233,0.1926211804151535,88.6501235961914,0.4957854986190796,4400.0,7064.0,4400.0
5.774595854724243e-05,5.774595854724243e-05,0.017949962615966798,0.4680622577667236,0.29185284227132796,0.17620941027998924,84.90010070800781,0.502042031288147,4450.0,7015.0,4450.0
5.7707741499891526e-05,5.7707741499891526e-05,0.018099188804626465,0.5507636368274689,0.36212841272354124,0.1886352315545082,87.67640686035156,0.5149505853652954,4500.0,7053.0,4500.0
5.766952445254057e-05,5.766952445254057e-05,0.018050479888916015,0.6442629903554916,0.4423641309142113,0.20189886391162873,84.84745025634766,0.5076716184616089,4550.0,7027.0,4550.0
5.763130740518965e-05,5.763130740518965e-05,0.01728992462158203,0.5062153786420822,0.3157274916768074,0.1904878869652748,87.4096450805664,0.5042709350585938,4600.0,7017.0,4600.0
5.759309035783875e-05,5.759309035783875e-05,0.01740310192108154,0.44127569198608396,0.26594742834568025,0.1753282643854618,82.30384063720703,0.49667696952819823,4650.0,7068.0,4650.0
5.755487331048783e-05,5.755487331048783e-05,0.019040465354919434,0.46613261103630066,0.2772254690527916,0.18890714943408965,90.96244812011719,0.5024165630340576,4700.0,7016.0,4700.0
5.751665626313693e-05,5.751665626313693e-05,0.016199612617492677,0.5178305327892303,0.34746696054935455,0.17036356925964355,89.48613739013672,0.4938170909881592,4750.0,7004.0,4750.0
5.747843921578602e-05,5.747843921578602e-05,0.017812275886535646,0.4841405987739563,0.30264524966478346,0.1814953565597534,88.28916931152344,0.5144438982009888,4800.0,7038.0,4800.0
5.74402221684351e-05,5.74402221684351e-05,0.016260957717895506,0.43425752222537994,0.27528071850538255,0.15897680670022965,91.79196166992188,0.4911310911178589,4850.0,7000.0,4850.0
5.7402005121084184e-05,5.7402005121084184e-05,0.016913676261901857,0.47140183448791506,0.296001335978508,0.17540049478411673,92.97554016113281,0.4934713840484619,4900.0,7035.0,4900.0
5.736378807373327e-05,5.736378807373327e-05,0.015520167350769044,0.501811096072197,0.3190526619553566,0.18275843560695648,93.92113494873047,0.49255170822143557,4950.0,7055.0,4950.0
5.732557102638233e-05,5.732557102638233e-05,0.016777968406677245,0.4992959976196289,0.318408864736557,0.1808871239423752,91.76934051513672,0.4985851287841797,5000.0,7026.0,5000.0
5.7287353979031385e-05,5.7287353979031385e-05,0.016278529167175294,0.42407534420490267,0.2602280810475349,0.16384726166725158,90.15342712402344,0.49523677825927737,5050.0,7022.0,5050.0
5.724913693168042e-05,5.724913693168042e-05,0.01623873710632324,0.5630589604377747,0.3867250010371208,0.1763339564204216,91.82099914550781,0.511415696144104,5100.0,7025.0,5100.0
5.721091988432948e-05,5.721091988432948e-05,0.01903865337371826,0.3980338215827942,0.23277197480201722,0.16526184752583503,94.58131408691406,0.5069134473800659,5150.0,7046.0,5150.0
5.717270283697856e-05,5.717270283697856e-05,0.016475105285644533,0.6243459165096283,0.4363881126046181,0.18795781433582306,90.38487243652344,0.5041579008102417,5200.0,7008.0,5200.0
5.713448578962762e-05,5.713448578962762e-05,0.018311715126037596,0.455805703997612,0.2899106368422508,0.16589506417512895,92.85710144042969,0.5133233547210694,5250.0,7064.0,5250.0
5.709626874227665e-05,5.709626874227665e-05,0.015984272956848143,0.4370483189821243,0.26897352039813993,0.16807480454444884,89.85596466064453,0.4955249071121216,5300.0,7047.0,5300.0
5.705805169492574e-05,5.705805169492574e-05,0.018472886085510253,0.43286603391170503,0.2726822182536125,0.160183821618557,90.71662139892578,0.49366981983184816,5350.0,7026.0,5350.0
5.7019834647574786e-05,5.7019834647574786e-05,0.01804821491241455,0.3933540552854538,0.2362272098660469,0.15712684467434884,91.79629516601562,0.49917848110198976,5400.0,7017.0,5400.0
5.698161760022386e-05,5.698161760022386e-05,0.017978429794311523,0.4657131344079971,0.29640806615352633,0.1693050630390644,92.5239028930664,0.516671109199524,5450.0,7005.0,5450.0
5.694340055287294e-05,5.694340055287294e-05,0.01683974266052246,0.5133908838033676,0.3454637438058853,0.1679271437227726,81.32830810546875,0.49338598251342775,5500.0,7034.0,5500.0
5.6905183505521994e-05,5.6905183505521994e-05,0.015107870101928711,0.44897842705249785,0.27996317148208616,0.1690152555704117,91.87511444091797,0.49064562320709226,5550.0,7022.0,5550.0
5.686696645817102e-05,5.686696645817102e-05,0.017861700057983397,0.41196325421333313,0.2444539800286293,0.1675092712044716,86.98857116699219,0.508606219291687,5600.0,7051.0,5600.0
5.682874941082008e-05,5.682874941082008e-05,0.017238426208496093,0.4251893848180771,0.2584081768989563,0.1667812153697014,93.20104217529297,0.49391894340515136,5650.0,7027.0,5650.0
5.679053236346915e-05,5.679053236346915e-05,0.017644166946411133,0.5185883343219757,0.33403140902519224,0.18455691486597062,87.72462463378906,0.5061597347259521,5700.0,7044.0,5700.0
5.675231531611823e-05,5.675231531611823e-05,0.017363548278808594,0.4448379874229431,0.2558474183082581,0.1889905735850334,91.81865692138672,0.5031054258346558,5750.0,7043.0,5750.0
5.6714098268767296e-05,5.6714098268767296e-05,0.016962289810180664,0.6052161782979966,0.4185897886753082,0.18662639558315278,91.7861099243164,0.5038416624069214,5800.0,7003.0,5800.0
5.6675881221416396e-05,5.6675881221416396e-05,0.02271127700805664,0.510309386253357,0.32780676931142805,0.182502618432045,81.63424682617188,0.5147772789001465,5850.0,7008.0,5850.0
5.663766417406545e-05,5.663766417406545e-05,0.01715867519378662,0.5170377433300019,0.3310868933796883,0.1859508514404297,80.29530334472656,0.49733824729919435,5900.0,7067.0,5900.0
5.6599447126714524e-05,5.6599447126714524e-05,0.01839401721954346,0.5132621467113495,0.34047473818063734,0.1727874055504799,80.93085479736328,0.5127246618270874,5950.0,7024.0,5950.0
5.656123007936357e-05,5.656123007936357e-05,0.0181199312210083,0.4552374541759491,0.2936517998576164,0.16158565059304236,95.6036605834961,0.5033077716827392,6000.0,7047.0,6000.0
5.652301303201264e-05,5.652301303201264e-05,0.016185903549194337,0.4765234500169754,0.3032860428094864,0.17323740273714067,89.5243911743164,0.5024682998657226,6050.0,7053.0,6050.0
5.6484795984661725e-05,5.6484795984661725e-05,0.01727886199951172,0.4496139019727707,0.2834529623389244,0.1661609396338463,90.94963073730469,0.4995455503463745,6100.0,7034.0,6100.0
5.644657893731079e-05,5.644657893731079e-05,0.016757106781005858,0.44720361828804017,0.28850855231285094,0.1586950585246086,88.8271713256836,0.5010695219039917,6150.0,7028.0,6150.0
5.640836188995988e-05,5.640836188995988e-05,0.018148112297058105,0.4898507744073868,0.308522030711174,0.18132874220609665,93.8050765991211,0.5051485061645508,6200.0,7037.0,6200.0
5.637014484260898e-05,5.637014484260898e-05,0.016004514694213868,0.4933995813131332,0.31838682740926744,0.17501275837421418,92.95659637451172,0.4966374158859253,6250.0,7036.0,6250.0
5.6331927795258074e-05,5.6331927795258074e-05,0.01815469264984131,0.42164976000785825,0.26235541254281997,0.15929434448480606,92.73381805419922,0.49636456966400144,6300.0,7006.0,6300.0
5.629371074790716e-05,5.629371074790716e-05,0.01566338539123535,0.4598583221435547,0.28617274910211565,0.17368557304143906,96.03008270263672,0.49237635135650637,6350.0,7018.0,6350.0
5.6255493700556215e-05,5.6255493700556215e-05,0.015445947647094727,0.42821007072925565,0.26107311695814134,0.16713695079088212,90.79933166503906,0.4908470153808594,6400.0,7055.0,6400.0
5.621727665320532e-05,5.621727665320532e-05,0.01790740489959717,0.45733305215835574,0.28305964916944504,0.17427340447902678,85.72908020019531,0.501974081993103,6450.0,7046.0,6450.0
5.617905960585439e-05,5.617905960585439e-05,0.015077471733093262,0.44148395359516146,0.27052456736564634,0.1709593877196312,91.22216033935547,0.49489312171936034,6500.0,7040.0,6500.0
5.614084255850345e-05,5.614084255850345e-05,0.01751222610473633,0.40284393876791,0.2411255307495594,0.16171840876340865,92.85042572021484,0.493227481842041,6550.0,7013.0,6550.0
5.6102625511152565e-05,5.6102625511152565e-05,0.018970465660095213,0.4331947401165962,0.27393224835395813,0.15926249772310258,85.42677307128906,0.4970904588699341,6600.0,7028.0,6600.0
5.606440846380165e-05,5.606440846380165e-05,0.01825840473175049,0.4073916137218475,0.24141883552074433,0.16597278118133546,88.27437591552734,0.4986281871795654,6650.0,7031.0,6650.0
5.602619141645071e-05,5.602619141645071e-05,0.017257285118103028,0.442735093832016,0.26794884353876114,0.17478625178337098,89.19061279296875,0.49809558391571046,6700.0,7015.0,6700.0
5.598797436909975e-05,5.598797436909975e-05,0.016979312896728514,0.4273535668849945,0.2657405465841293,0.16161301583051682,92.2621841430664,0.49934794902801516,6750.0,7034.0,6750.0
5.594975732174878e-05,5.594975732174878e-05,0.01684565544128418,0.4792264312505722,0.30951225608587263,0.16971418112516404,87.9932632446289,0.502982234954834,6800.0,7019.0,6800.0
5.5911540274397886e-05,5.5911540274397886e-05,0.017421674728393555,0.4464205831289291,0.2736471489071846,0.17277343720197677,88.55216979980469,0.5007216930389404,6850.0,7020.0,6850.0
5.5873323227046974e-05,5.5873323227046974e-05,0.015625429153442384,0.400927472114563,0.2407985210418701,0.16012895256280898,93.11143493652344,0.49337828159332275,6900.0,7006.0,6900.0
5.583510617969603e-05,5.583510617969603e-05,0.01551978588104248,0.421745303273201,0.25748309791088103,0.16426220759749413,91.83702087402344,0.49457502365112305,6950.0,7020.0,6950.0
5.5796889132345094e-05,5.5796889132345094e-05,0.015525007247924804,0.4379520148038864,0.26814621686935425,0.1698057971894741,96.122314453125,0.4970198154449463,7000.0,7030.0,7000.0
5.575867208499413e-05,5.575867208499413e-05,0.01864628791809082,0.4820567488670349,0.30454446375370026,0.1775122821331024,78.52339935302734,0.5022175550460816,7050.0,7007.0,7050.0
5.5720455037643194e-05,5.5720455037643194e-05,0.016638016700744628,0.38852948546409605,0.22541214823722838,0.16311733797192574,90.29788970947266,0.49581406116485593,7100.0,7022.0,7100.0
5.568223799029232e-05,5.568223799029232e-05,0.01792435646057129,0.45647117495536804,0.2869187116622925,0.16955246776342392,90.0362777709961,0.496050500869751,7150.0,6997.0,7150.0
5.564402094294141e-05,5.564402094294141e-05,0.017697572708129883,0.40322049856185915,0.24299950301647186,0.1602209910750389,94.69300079345703,0.5002881526947022,7200.0,7021.0,7200.0
5.560580389559052e-05,5.560580389559052e-05,0.018567848205566406,0.3625726640224457,0.2072535440325737,0.15531911924481392,95.79093933105469,0.4980476856231689,7250.0,7027.0,7250.0
5.5567586848239584e-05,5.5567586848239584e-05,0.01722559928894043,0.4222720593214035,0.2572662830352783,0.16500577330589294,87.78404235839844,0.5003661155700684,7300.0,7015.0,7300.0
5.5529369800888685e-05,5.5529369800888685e-05,0.016895437240600587,0.48678325712680814,0.30234784036874773,0.18443540781736373,92.50276184082031,0.49833896160125735,7350.0,7041.0,7350.0
5.54911527535378e-05,5.54911527535378e-05,0.01812458038330078,0.5160191386938096,0.3410040482878685,0.17501509040594102,88.64430236816406,0.5004252672195435,7400.0,7012.0,7400.0
5.54529357061869e-05,5.54529357061869e-05,0.01716434955596924,0.4353835195302963,0.2765373751521111,0.15884614512324333,86.50556182861328,0.497265625,7450.0,7030.0,7450.0
5.5414718658835954e-05,5.5414718658835954e-05,0.017946863174438478,0.4286825776100159,0.2602811500430107,0.1684014230966568,93.68775177001953,0.504433012008667,7500.0,7004.0,7500.0
5.537650161148502e-05,5.537650161148502e-05,0.015590190887451172,0.47100396156311036,0.3025970280170441,0.16840692907571791,89.99796295166016,0.4903196096420288,7550.0,7025.0,7550.0
5.533828456413411e-05,5.533828456413411e-05,0.018056702613830567,0.4156518429517746,0.2616764813661575,0.15397535860538483,91.3289566040039,0.49748027324676514,7600.0,7009.0,7600.0
5.530006751678312e-05,5.530006751678312e-05,0.015963125228881835,0.46072740852832794,0.28997011929750444,0.1707572817802429,86.74463653564453,0.493964695930481,7650.0,7004.0,7650.0
5.5261850469432216e-05,5.5261850469432216e-05,0.015400958061218262,0.4531232982873917,0.28822803497314453,0.16489526107907296,93.53594207763672,0.48692271709442136,7700.0,7034.0,7700.0
5.522363342208129e-05,5.522363342208129e-05,0.015524864196777344,0.4480967134237289,0.28289190381765367,0.16520480811595917,91.54792022705078,0.4904756546020508,7750.0,6999.0,7750.0
5.518541637473033e-05,5.518541637473033e-05,0.016941428184509277,0.4018152058124542,0.2377118945121765,0.16410330832004547,91.8385238647461,0.4963348388671875,7800.0,7025.0,7800.0
5.514719932737938e-05,5.514719932737938e-05,0.016456961631774902,0.45649619698524474,0.27840729206800463,0.17808890268206595,95.25208282470703,0.4954514741897583,7850.0,7026.0,7850.0
5.5108982280028457e-05,5.5108982280028457e-05,0.015523958206176757,0.4062699913978577,0.2521569013595581,0.15411309376358986,92.44331359863281,0.49317374229431155,7900.0,7007.0,7900.0
5.507076523267753e-05,5.507076523267753e-05,0.015262961387634277,0.4479707658290863,0.2785740479826927,0.16939672231674194,88.58902740478516,0.4958063840866089,7950.0,7029.0,7950.0
5.5032548185326604e-05,5.5032548185326604e-05,0.017075514793395995,0.5539898782968521,0.37446560263633727,0.17952427566051482,86.13529205322266,0.49824771881103513,8000.0,7017.0,8000.0
5.4994331137975685e-05,5.4994331137975685e-05,0.017000269889831544,0.4332542598247528,0.2625817432999611,0.17067251801490785,94.28137969970703,0.5058451652526855,8050.0,7058.0,8050.0
5.495611409062471e-05,5.495611409062471e-05,0.01857609748840332,0.4275479346513748,0.2593128517270088,0.16823508739471435,89.08290100097656,0.5017567873001099,8100.0,7019.0,8100.0
5.491789704327379e-05,5.491789704327379e-05,0.017942357063293456,0.45640053153038024,0.2903633162379265,0.16603721380233766,88.61482238769531,0.4945565700531006,8150.0,7020.0,8150.0
5.487967999592285e-05,5.487967999592285e-05,0.01644930839538574,0.46958608329296114,0.30124417692422867,0.16834190636873245,92.63285064697266,0.4971237897872925,8200.0,7015.0,8200.0
5.484146294857197e-05,5.484146294857197e-05,0.01655590534210205,0.43156022727489474,0.26167368739843366,0.16988653540611268,88.71577453613281,0.49683756828308107,8250.0,7006.0,8250.0
5.4803245901221074e-05,5.4803245901221074e-05,0.017474031448364256,0.36930733621120454,0.22131146788597106,0.14799586981534957,90.03895568847656,0.4980704069137573,8300.0,7009.0,8300.0
5.4765028853870134e-05,5.4765028853870134e-05,0.018829035758972167,0.381126680970192,0.23259731978178025,0.1485293596982956,93.56135559082031,0.49957563877105715,8350.0,7006.0,8350.0
5.47268118065192e-05,5.47268118065192e-05,0.01639230251312256,0.42167745530605316,0.2558377578854561,0.16583970114588736,91.20108032226562,0.4996654748916626,8400.0,7040.0,8400.0
5.468859475916827e-05,5.468859475916827e-05,0.01706697940826416,0.4071472465991974,0.23715742081403732,0.16998982876539231,94.20893096923828,0.49873828887939453,8450.0,6999.0,8450.0
5.4650377711817336e-05,5.4650377711817336e-05,0.01961197853088379,0.38763976097106934,0.2373887076973915,0.1502510502934456,88.40812683105469,0.5016550779342651,8500.0,7059.0,8500.0
5.461216066446637e-05,5.461216066446637e-05,0.016820693016052247,0.4656419515609741,0.3010406315326691,0.16460132002830505,92.45165252685547,0.5057930469512939,8550.0,7018.0,8550.0
5.457394361711546e-05,5.457394361711546e-05,0.017594385147094726,0.4616252988576889,0.2890584826469421,0.17256681472063065,90.91264343261719,0.5005171775817872,8600.0,7061.0,8600.0
5.453572656976456e-05,5.453572656976456e-05,0.01703224182128906,0.3759708672761917,0.21835815608501435,0.1576127029955387,94.37808227539062,0.4993913173675537,8650.0,7040.0,8650.0
5.4497509522413665e-05,5.4497509522413665e-05,0.016408896446228026,0.4558980256319046,0.2964149579405785,0.1594830647110939,88.57084655761719,0.5009816408157348,8700.0,7022.0,8700.0
5.445929247506273e-05,5.445929247506273e-05,0.0177490234375,0.4716364860534668,0.3003738209605217,0.171262663602829,93.56341552734375,0.5022078037261963,8750.0,7035.0,8750.0
5.442107542771178e-05,5.442107542771178e-05,0.01692543029785156,0.4181510627269745,0.26787626147270205,0.15027480572462082,94.1581802368164,0.491483473777771,8800.0,7021.0,8800.0
5.4382858380360866e-05,5.4382858380360866e-05,0.01722114086151123,0.4114969611167908,0.24869828671216965,0.16279867589473723,84.46998596191406,0.49715652465820315,8850.0,7041.0,8850.0
5.434464133300993e-05,5.434464133300993e-05,0.015380001068115235,0.42181755006313326,0.25611428916454315,0.16570325791835785,93.32211303710938,0.491542911529541,8900.0,6996.0,8900.0
5.430642428565905e-05,5.430642428565905e-05,0.016375255584716798,0.4020081639289856,0.2367937833070755,0.165214379131794,94.2499008178711,0.4975190877914429,8950.0,7029.0,8950.0
5.426820723830812e-05,5.426820723830812e-05,0.01772136688232422,0.43200976550579073,0.25903902277350427,0.1729707360267639,85.73597717285156,0.5005578994750977,9000.0,7027.0,9000.0
5.4229990190957195e-05,5.4229990190957195e-05,0.017267775535583497,0.473425355553627,0.2981161385774612,0.17530921399593352,85.97277069091797,0.5037908554077148,9050.0,7009.0,9050.0
5.419177314360627e-05,5.419177314360627e-05,0.01671411991119385,0.39671858847141267,0.23492780327796936,0.16179078668355942,91.46772766113281,0.502624225616455,9100.0,7036.0,9100.0
5.415355609625536e-05,5.415355609625536e-05,0.016800904273986818,0.4194562941789627,0.2605333521962166,0.15892293453216552,94.98968505859375,0.49784829616546633,9150.0,7020.0,9150.0
5.411533904890441e-05,5.411533904890441e-05,0.015538477897644043,0.3864306628704071,0.2344083920121193,0.15202227085828782,93.37583923339844,0.49277324676513673,9200.0,7001.0,9200.0
5.4077122001553477e-05,5.4077122001553477e-05,0.016974735260009765,0.44158758223056793,0.26862184703350067,0.17296573221683503,95.03897094726562,0.49423320293426515,9250.0,7020.0,9250.0
5.403890495420256e-05,5.403890495420256e-05,0.016343140602111818,0.394044902920723,0.23884678781032562,0.15519811809062958,93.97781372070312,0.49665207862854005,9300.0,7024.0,9300.0
5.4000687906851624e-05,5.4000687906851624e-05,0.01748814582824707,0.4336056113243103,0.26899668723344805,0.1646089270710945,91.62882995605469,0.4994220733642578,9350.0,7005.0,9350.0
5.396247085950067e-05,5.396247085950067e-05,0.016756415367126465,0.40712984204292296,0.23313512951135634,0.17399471551179885,93.12284088134766,0.4994937896728516,9400.0,7031.0,9400.0
5.392425381214973e-05,5.392425381214973e-05,0.015720009803771973,0.4133015155792236,0.2421987012028694,0.1711028128862381,93.89053344726562,0.49975664615631105,9450.0,7041.0,9450.0
5.388603676479882e-05,5.388603676479882e-05,0.015296363830566406,0.4686297416687012,0.29064456224441526,0.17798517942428588,93.34056091308594,0.4961599349975586,9500.0,7001.0,9500.0
5.3847819717447886e-05,5.3847819717447886e-05,0.019468235969543456,0.44250859320163727,0.2767269194126129,0.1657816767692566,90.44905090332031,0.5107675552368164,9550.0,7026.0,9550.0
5.380960267009697e-05,5.380960267009697e-05,0.01600642204284668,0.4408960908651352,0.27353291809558866,0.1673631750047207,92.34992218017578,0.49721641540527345,9600.0,7037.0,9600.0
5.377138562274605e-05,5.377138562274605e-05,0.01717383861541748,0.39847044050693514,0.23354048728942872,0.16492995470762253,89.93451690673828,0.4939809083938599,9650.0,7016.0,9650.0
5.3733168575395114e-05,5.3733168575395114e-05,0.01978623867034912,0.4504233032464981,0.2905892744660378,0.15983402207493783,94.83866882324219,0.501609492301941,9700.0,7023.0,9700.0
5.3694951528044235e-05,5.3694951528044235e-05,0.018969416618347168,0.3793192028999329,0.22010937631130217,0.15920982807874678,94.15452575683594,0.5043093919754028,9750.0,7049.0,9750.0
5.3656734480693316e-05,5.3656734480693316e-05,0.01743156909942627,0.4155427008867264,0.242622210085392,0.17292049527168274,91.00748443603516,0.5130001306533813,9800.0,7017.0,9800.0
5.361851743334238e-05,5.361851743334238e-05,0.015715479850769043,0.439117968082428,0.27923586666584016,0.15988210886716842,92.1208724975586,0.49338374137878416,9850.0,6987.0,9850.0
5.358030038599144e-05,5.358030038599144e-05,0.017229032516479493,0.4843924641609192,0.31601534932851794,0.16837710961699487,95.1707763671875,0.49949462413787843,9900.0,7056.0,9900.0
5.354208333864049e-05,5.354208333864049e-05,0.01802351474761963,0.38283814787864684,0.2370910070836544,0.14574714452028276,90.09667205810547,0.4961930990219116,9950.0,7040.0,9950.0
5.350386629128956e-05,5.350386629128956e-05,0.01563427448272705,0.5912243127822876,0.41715658605098727,0.1740677297115326,95.13424682617188,0.4964728355407715,10000.0,7035.0,10000.0
5.34656492439386e-05,5.34656492439386e-05,0.016025948524475097,0.4773399353027344,0.29678332805633545,0.18055661022663116,85.32270050048828,0.4981436014175415,10050.0,7046.0,10050.0
5.3427432196587664e-05,5.3427432196587664e-05,0.017598271369934082,0.42580047249794006,0.2596020795404911,0.16619838625192643,89.84323120117188,0.4959373474121094,10100.0,7032.0,10100.0
5.338921514923675e-05,5.338921514923675e-05,0.01759161949157715,0.46512393057346346,0.3001751445233822,0.16494878232479096,96.42393493652344,0.49756526947021484,10150.0,7035.0,10150.0
5.335099810188586e-05,5.335099810188586e-05,0.017072725296020507,0.39251973032951354,0.23620890080928802,0.1563108243048191,95.21934509277344,0.4967941761016846,10200.0,7021.0,10200.0
5.33127810545349e-05,5.33127810545349e-05,0.015492892265319825,0.3776411175727844,0.21711135134100915,0.16052977442741395,96.2452392578125,0.49620254039764405,10250.0,7056.0,10250.0
5.3274564007183966e-05,5.3274564007183966e-05,0.015711021423339844,0.4224670261144638,0.2622819811105728,0.16018504723906518,91.48858642578125,0.4974497079849243,10300.0,7056.0,10300.0
5.3236346959833026e-05,5.3236346959833026e-05,0.017179083824157716,0.48629937767982484,0.32193301245570183,0.16436636596918106,90.35421752929688,0.4966306447982788,10350.0,7018.0,10350.0
5.319812991248212e-05,5.319812991248212e-05,0.01684417724609375,0.4156049430370331,0.24818382859230043,0.16742111444473268,93.12445068359375,0.49680280685424805,10400.0,7034.0,10400.0
5.315991286513123e-05,5.315991286513123e-05,0.015988802909851073,0.43381449282169343,0.2662016123533249,0.16761287897825242,94.76119995117188,0.49609243869781494,10450.0,7047.0,10450.0
5.31216958177803e-05,5.31216958177803e-05,0.016941261291503907,0.41085859537124636,0.2515907734632492,0.15926782116293908,85.9432601928711,0.49986231327056885,10500.0,7038.0,10500.0
5.3083478770429375e-05,5.3083478770429375e-05,0.016900229454040527,0.4502615600824356,0.2914593547582626,0.15880220532417297,91.02615356445312,0.4982139587402344,10550.0,7059.0,10550.0
5.304526172307847e-05,5.304526172307847e-05,0.016187834739685058,0.4033255308866501,0.23455217629671096,0.168773353099823,94.46792602539062,0.49803569316864016,10600.0,7055.0,10600.0
5.3007044675727516e-05,5.3007044675727516e-05,0.01593503952026367,0.4130549132823944,0.25719884485006334,0.15585606619715692,80.83014678955078,0.4939828872680664,10650.0,7029.0,10650.0
5.296882762837658e-05,5.296882762837658e-05,0.01530771255493164,0.3968849390745163,0.24306269884109497,0.15382223576307297,95.45237731933594,0.4893392324447632,10700.0,7033.0,10700.0
5.2930610581025643e-05,5.2930610581025643e-05,0.016732168197631837,0.4145960122346878,0.24646643102169036,0.16812957674264908,95.00330352783203,0.5045956134796142,10750.0,6996.0,10750.0
5.289239353367469e-05,5.289239353367469e-05,0.017828035354614257,0.36693564653396604,0.2118489921092987,0.15508665442466735,94.29964447021484,0.49866418838500975,10800.0,7035.0,10800.0
5.285417648632377e-05,5.285417648632377e-05,0.017532610893249513,0.3661200195550919,0.1976027987897396,0.16851722002029418,96.21466827392578,0.4886082649230957,10850.0,7030.0,10850.0
5.281595943897285e-05,5.281595943897285e-05,0.01697356700897217,0.44248403012752535,0.2965130716562271,0.1459709547460079,91.73689270019531,0.4981961965560913,10900.0,7034.0,10900.0
5.277774239162191e-05,5.277774239162191e-05,0.017171025276184082,0.4544467061758041,0.2867663845419884,0.1676803171634674,92.81100463867188,0.49932887554168703,10950.0,7026.0,10950.0
5.273952534427094e-05,5.273952534427094e-05,0.01605982780456543,0.3859222710132599,0.24168157428503037,0.14424069449305535,93.94207000732422,0.4926464557647705,11000.0,7028.0,11000.0
5.270130829692001e-05,5.270130829692001e-05,0.01690254211425781,0.42880259156227113,0.2637061320245266,0.1650964602828026,96.11604309082031,0.5006557464599609,11050.0,7051.0,11050.0
5.266309124956908e-05,5.266309124956908e-05,0.01656508445739746,0.3744211316108704,0.2191096290946007,0.1553115054965019,93.4906997680664,0.4936272621154785,11100.0,7009.0,11100.0
5.2624874202218146e-05,5.2624874202218146e-05,0.01640181541442871,0.41171157658100127,0.24566712975502014,0.16604445427656173,90.67959594726562,0.503991961479187,11150.0,7057.0,11150.0
5.258665715486722e-05,5.258665715486722e-05,0.016393589973449706,0.3951056569814682,0.2271818444132805,0.16792380809783936,91.14628601074219,0.49821302890777586,11200.0,7013.0,11200.0
5.2548440107516293e-05,5.2548440107516293e-05,0.01773688793182373,0.38921861052513124,0.2240104556083679,0.1652081534266472,92.14689636230469,0.503921627998352,11250.0,7052.0,11250.0
5.251022306016536e-05,5.251022306016536e-05,0.016564011573791504,0.454704675078392,0.28592709749937056,0.16877757459878923,88.7424545288086,0.49438660144805907,11300.0,7000.0,11300.0
5.2472006012814455e-05,5.2472006012814455e-05,0.016365885734558105,0.41861153244972227,0.2627259224653244,0.15588560700416565,93.96119689941406,0.49302432537078855,11350.0,7006.0,11350.0
5.2433788965463556e-05,5.2433788965463556e-05,0.01811363697052002,0.3915183663368225,0.23609565049409867,0.1554227128624916,92.56965637207031,0.5009199142456054,11400.0,7054.0,11400.0
5.239557191811268e-05,5.239557191811268e-05,0.018385720252990723,0.43653072118759156,0.27607119232416155,0.16045953407883645,91.36531829833984,0.5020915269851685,11450.0,7014.0,11450.0
5.235735487076178e-05,5.235735487076178e-05,0.017992305755615234,0.3960900157690048,0.2284145697951317,0.167675444483757,92.14118957519531,0.4985264539718628,11500.0,7064.0,11500.0
5.231913782341083e-05,5.231913782341083e-05,0.017916440963745117,0.397996062040329,0.2416952908039093,0.15630077421665192,89.73976135253906,0.4983069896697998,11550.0,7000.0,11550.0
5.228092077605989e-05,5.228092077605989e-05,0.01783618927001953,0.39892863631248476,0.24230470210313798,0.1566239394247532,92.36518096923828,0.49723546504974364,11600.0,6997.0,11600.0
5.224270372870898e-05,5.224270372870898e-05,0.016581177711486816,0.38858331441879274,0.2225697457790375,0.16601357012987136,95.83499145507812,0.5014816761016846,11650.0,7056.0,11650.0
5.220448668135807e-05,5.220448668135807e-05,0.01672217845916748,0.38529868721961974,0.21716192066669465,0.16813676804304123,96.725830078125,0.5005095481872559,11700.0,7002.0,11700.0
5.216626963400712e-05,5.216626963400712e-05,0.01567709445953369,0.48491768836975097,0.30987769812345506,0.17503999024629593,89.65888214111328,0.5022393226623535,11750.0,7029.0,11750.0
5.21280525866562e-05,5.21280525866562e-05,0.016710400581359863,0.42950462102890014,0.27081337571144104,0.15869124680757524,91.85662841796875,0.49625520706176757,11800.0,7035.0,11800.0
5.208983553930526e-05,5.208983553930526e-05,0.017604422569274903,0.4141866683959961,0.26182398945093155,0.1523626811802387,93.82466125488281,0.4944475173950195,11850.0,7031.0,11850.0
5.205161849195435e-05,5.205161849195435e-05,0.0158557653427124,0.47379000186920167,0.30872336626052854,0.1650666318833828,94.30963134765625,0.49828062057495115,11900.0,7055.0,11900.0
5.2013401444603415e-05,5.2013401444603415e-05,0.018140745162963868,0.3931285083293915,0.23884797543287278,0.15428053289651872,89.53955078125,0.5030923843383789,11950.0,7012.0,11950.0
5.1975184397252516e-05,5.1975184397252516e-05,0.01790006160736084,0.36649438738822937,0.21147953420877458,0.15501485913991928,94.64445495605469,0.4979818820953369,12000.0,7067.0,12000.0
5.19369673499016e-05,5.19369673499016e-05,0.017056083679199217,0.41081087589263915,0.2530360952019691,0.15777478665113448,94.66986846923828,0.49858860969543456,12050.0,7026.0,12050.0
5.1898750302550636e-05,5.1898750302550636e-05,0.01610112190246582,0.44978283643722533,0.2965517625212669,0.15323107540607453,95.09471893310547,0.49704906940460203,12100.0,7038.0,12100.0
5.18605332551997e-05,5.18605332551997e-05,0.01599125862121582,0.3449750155210495,0.19094959050416946,0.1540254220366478,94.91059112548828,0.4952025175094604,12150.0,7011.0,12150.0
5.18223162078488e-05,5.18223162078488e-05,0.01849825382232666,0.42724007070064546,0.26323348581790923,0.16400658190250397,90.15841674804688,0.5021868467330932,12200.0,7018.0,12200.0
5.178409916049784e-05,5.178409916049784e-05,0.017608046531677246,0.380388668179512,0.2247922658920288,0.15559639930725097,94.59629821777344,0.4977109432220459,12250.0,6996.0,12250.0
5.1745882113146884e-05,5.1745882113146884e-05,0.017199277877807617,0.4005402684211731,0.24259735643863678,0.15794291347265244,92.29212951660156,0.4998521327972412,12300.0,7014.0,12300.0
5.170766506579595e-05,5.170766506579595e-05,0.01726679801940918,0.3983174055814743,0.2290301650762558,0.16928723603487014,94.54841613769531,0.5036683797836303,12350.0,6995.0,12350.0
5.166944801844503e-05,5.166944801844503e-05,0.017432808876037598,0.3683136522769928,0.21503586322069168,0.15327779278159143,91.84760284423828,0.4943161725997925,12400.0,7050.0,12400.0
5.16312309710941e-05,5.16312309710941e-05,0.017771244049072266,0.42070235013961793,0.2691709563136101,0.1515313908457756,94.39995574951172,0.49139955043792727,12450.0,7016.0,12450.0
5.1593013923743166e-05,5.1593013923743166e-05,0.015470457077026368,0.3807156801223755,0.2236456498503685,0.15707002729177474,94.37213897705078,0.49552254676818847,12500.0,7053.0,12500.0
5.1554796876392185e-05,5.1554796876392185e-05,0.016290950775146484,0.41880668699741364,0.2578904017806053,0.16091628447175027,92.21536254882812,0.49773502349853516,12550.0,7021.0,12550.0
5.151657982904128e-05,5.151657982904128e-05,0.017699837684631348,0.40084105879068377,0.2371218055486679,0.1637192502617836,94.31523132324219,0.5030263662338257,12600.0,7040.0,12600.0
5.147836278169031e-05,5.147836278169031e-05,0.016255784034729003,0.35601846873760223,0.20606461614370347,0.14995385110378265,92.00254821777344,0.49115381240844724,12650.0,7033.0,12650.0
5.14401457343394e-05,5.14401457343394e-05,0.01658916473388672,0.36980421245098116,0.21018239706754685,0.15962181091308594,90.79737854003906,0.4988642692565918,12700.0,6998.0,12700.0
5.140192868698849e-05,5.140192868698849e-05,0.01728506088256836,0.45993963479995725,0.29392966628074646,0.16600997149944305,92.85653686523438,0.49631216526031496,12750.0,6992.0,12750.0
5.136371163963758e-05,5.136371163963758e-05,0.016679954528808594,0.4118280977010727,0.25805759727954863,0.15377050191164016,91.63383483886719,0.4981264352798462,12800.0,7049.0,12800.0
5.132549459228666e-05,5.132549459228666e-05,0.017864346504211426,0.39630184769630433,0.23564849346876143,0.16065335571765899,93.21881866455078,0.5083652973175049,12850.0,7013.0,12850.0
5.128727754493572e-05,5.128727754493572e-05,0.01818273067474365,0.37865033745765686,0.2241777300834656,0.15447260886430741,92.68950653076172,0.5012402057647705,12900.0,7057.0,12900.0
5.124906049758479e-05,5.124906049758479e-05,0.01782083511352539,0.4106345742940903,0.25720794051885604,0.15342663377523422,93.50128936767578,0.5077175378799439,12950.0,7029.0,12950.0
5.121084345023386e-05,5.121084345023386e-05,0.018709135055541993,0.36214326322078705,0.20475258976221083,0.15739066451787947,95.20803833007812,0.5006002426147461,13000.0,7016.0,13000.0
5.117262640288296e-05,5.117262640288296e-05,0.015191316604614258,0.3996789738535881,0.24801738560199738,0.15166159048676492,92.75155639648438,0.49099345207214357,13050.0,7011.0,13050.0
5.113440935553205e-05,5.113440935553205e-05,0.017384767532348633,0.39869098365306854,0.24384105056524277,0.15484994053840637,94.08077239990234,0.5206780195236206,13100.0,7031.0,13100.0
5.109619230818114e-05,5.109619230818114e-05,0.018854856491088867,0.4159432053565979,0.24672046303749084,0.16922274678945542,92.16947937011719,0.4996615409851074,13150.0,7004.0,13150.0
5.1057975260830186e-05,5.1057975260830186e-05,0.01613893508911133,0.42739849388599394,0.262642577290535,0.1647559180855751,90.49755859375,0.4943664312362671,13200.0,7011.0,13200.0
5.101975821347926e-05,5.101975821347926e-05,0.01649172306060791,0.4077564626932144,0.24684469550848007,0.16091176718473435,91.76881408691406,0.4990333080291748,13250.0,7023.0,13250.0
5.09815411661283e-05,5.09815411661283e-05,0.016527342796325683,0.40276226699352263,0.24088160395622255,0.16188066452741623,95.09021759033203,0.49820425510406496,13300.0,7024.0,13300.0
5.0943324118777414e-05,5.0943324118777414e-05,0.01573002338409424,0.3659634679555893,0.21571291834115983,0.15025054961442946,91.14205169677734,0.4974454164505005,13350.0,7063.0,13350.0
5.0905107071426433e-05,5.0905107071426433e-05,0.01715662479400635,0.3886798471212387,0.2220523700118065,0.1666274771094322,92.15473937988281,0.4986917495727539,13400.0,6988.0,13400.0
5.086689002407551e-05,5.086689002407551e-05,0.016196775436401366,0.4059606671333313,0.2527176469564438,0.15324301421642303,92.2286148071289,0.4946297168731689,13450.0,7007.0,13450.0
5.08286729767246e-05,5.08286729767246e-05,0.015902233123779298,0.3666915953159332,0.20988675504922866,0.15680484250187873,92.16170501708984,0.4922002077102661,13500.0,6986.0,13500.0
5.079045592937368e-05,5.079045592937368e-05,0.01599438190460205,0.3983884990215302,0.23884762302041054,0.15954087525606156,92.94895935058594,0.49827864170074465,13550.0,7021.0,13550.0
5.0752238882022735e-05,5.0752238882022735e-05,0.017392802238464355,0.32934210300445554,0.18355065509676932,0.1457914486527443,92.17964935302734,0.49400954246520995,13600.0,7014.0,13600.0
5.07140218346718e-05,5.07140218346718e-05,0.017684197425842284,0.4210447549819946,0.258429691195488,0.16261506080627441,83.70608520507812,0.5004806041717529,13650.0,7015.0,13650.0
5.0675804787320856e-05,5.0675804787320856e-05,0.016299128532409668,0.4150476336479187,0.24542419761419296,0.16962343603372573,89.61211395263672,0.49879214763641355,13700.0,7013.0,13700.0
5.063758773996992e-05,5.063758773996992e-05,0.019002723693847656,0.4171473175287247,0.24965668842196465,0.1674906298518181,93.13404083251953,0.5001865148544311,13750.0,7049.0,13750.0
5.059937069261898e-05,5.059937069261898e-05,0.018423986434936524,0.37646769881248476,0.2204845927655697,0.1559831030666828,96.84302520751953,0.5056524991989135,13800.0,7020.0,13800.0
5.056115364526805e-05,5.056115364526805e-05,0.01837742328643799,0.3715068191289902,0.21766650378704072,0.153840309381485,85.56631469726562,0.496256685256958,13850.0,6998.0,13850.0
5.052293659791716e-05,5.052293659791716e-05,0.017094802856445313,0.3654126197099686,0.21473664045333862,0.15067597925662995,95.46355438232422,0.5008382797241211,13900.0,7026.0,13900.0
5.0484719550566245e-05,5.0484719550566245e-05,0.016605138778686523,0.369323194026947,0.21152146458625792,0.15780172646045684,91.48998260498047,0.49984240531921387,13950.0,7033.0,13950.0
5.044650250321531e-05,5.044650250321531e-05,0.016051840782165528,0.4002882957458496,0.2413119174540043,0.15897637456655503,92.34917449951172,0.49661874771118164,14000.0,7024.0,14000.0
5.04082854558644e-05,5.04082854558644e-05,0.017483949661254883,0.43572019040584564,0.27082708179950715,0.16489310711622238,92.76725769042969,0.49524574279785155,14050.0,7042.0,14050.0
5.03700684085135e-05,5.03700684085135e-05,0.01740868091583252,0.41000680923461913,0.25603135079145434,0.15397546514868737,91.32899475097656,0.5031209468841553,14100.0,7052.0,14100.0
5.033185136116257e-05,5.033185136116257e-05,0.015682411193847657,0.3761059492826462,0.21726332157850264,0.15884262323379517,94.36991882324219,0.49246361255645754,14150.0,6976.0,14150.0
5.0293634313811614e-05,5.0293634313811614e-05,0.016556453704833985,0.45866782069206236,0.29635410457849504,0.16231370717287064,91.16825103759766,0.49688475131988524,14200.0,7036.0,14200.0
5.0255417266460695e-05,5.0255417266460695e-05,0.0170612096786499,0.4103643983602524,0.25768973529338834,0.15267466977238656,93.88587951660156,0.49683685302734376,14250.0,7025.0,14250.0
5.021720021910972e-05,5.021720021910972e-05,0.017882537841796876,0.36158562898635865,0.2057324931025505,0.15585314109921455,90.63177490234375,0.4995710849761963,14300.0,7008.0,14300.0
5.01789831717588e-05,5.01789831717588e-05,0.01657540798187256,0.36875290274620054,0.20876703560352325,0.15998586714267732,92.39869689941406,0.5077098846435547,14350.0,7066.0,14350.0
5.0140766124407855e-05,5.0140766124407855e-05,0.018375253677368163,0.3967215001583099,0.23814817368984223,0.15857332795858384,94.00360107421875,0.5015900611877442,14400.0,7027.0,14400.0
5.010254907705696e-05,5.010254907705696e-05,0.01615908145904541,0.4184674084186554,0.2617610774934292,0.1567063331604004,88.94898223876953,0.4985510349273682,14450.0,7018.0,14450.0
5.006433202970599e-05,5.006433202970599e-05,0.01670866012573242,0.41890513300895693,0.25772330164909363,0.16118183061480523,89.73175048828125,0.5006091117858886,14500.0,7014.0,14500.0
5.002611498235504e-05,5.002611498235504e-05,0.016372275352478028,0.4208801478147507,0.26459241807460787,0.1562877267599106,93.97199249267578,0.5014896869659424,14550.0,7056.0,14550.0
4.998789793500414e-05,4.998789793500414e-05,0.015657687187194826,0.3837451130151749,0.22882936596870423,0.1549157440662384,94.10787963867188,0.49724578857421875,14600.0,7031.0,14600.0
4.9949680887653164e-05,4.9949680887653164e-05,0.01758255958557129,0.4145834922790527,0.24972736686468125,0.16485613137483596,93.41107940673828,0.5121325969696044,14650.0,7032.0,14650.0
4.991146384030222e-05,4.991146384030222e-05,0.016639518737792968,0.3800706386566162,0.22508409470319748,0.15498654097318648,92.52579498291016,0.5201613187789917,14700.0,6991.0,14700.0
4.987324679295127e-05,4.987324679295127e-05,0.017093944549560546,0.33719787895679476,0.1850356489419937,0.15216222926974296,96.43130493164062,0.4965233325958252,14750.0,7010.0,14750.0
4.983502974560035e-05,4.983502974560035e-05,0.016956257820129394,0.32894918620586394,0.190118308365345,0.13883087784051895,96.92115020751953,0.4918881177902222,14800.0,7022.0,14800.0
4.979681269824942e-05,4.979681269824942e-05,0.017121148109436036,0.47981610596179963,0.31898911148309705,0.16082700416445733,92.6452407836914,0.4981253623962402,14850.0,7037.0,14850.0
4.97585956508985e-05,4.97585956508985e-05,0.018297028541564942,0.4023021042346954,0.2488250747323036,0.1534770295023918,89.30103302001953,0.49677166938781736,14900.0,7023.0,14900.0
4.972037860354761e-05,4.972037860354761e-05,0.01882803440093994,0.378475958108902,0.21922902762889862,0.15924693197011947,94.62893676757812,0.5047103643417359,14950.0,7006.0,14950.0
4.968216155619669e-05,4.968216155619669e-05,0.017528986930847167,0.42517229318618777,0.25683702901005745,0.16833525896072388,92.19722747802734,0.4999833345413208,15000.0,6998.0,15000.0
4.9643944508845754e-05,4.9643944508845754e-05,0.016296696662902833,0.3873362928628922,0.23036195188760758,0.15697434470057486,93.09944152832031,0.49910740852355956,15050.0,6990.0,15050.0
4.9605727461494835e-05,4.9605727461494835e-05,0.01619429588317871,0.40933515727519987,0.23580855876207352,0.1735266000032425,91.50553131103516,0.4970869064331055,15100.0,7061.0,15100.0
4.95675104141439e-05,4.95675104141439e-05,0.016017389297485352,0.4351448655128479,0.27763128876686094,0.15751357302069663,93.7265625,0.49343147277832033,15150.0,7018.0,15150.0
4.952929336679296e-05,4.952929336679296e-05,0.015962958335876465,0.3977553814649582,0.24261294305324554,0.15514244139194489,93.41597747802734,0.4934312105178833,15200.0,7016.0,15200.0
4.949107631944205e-05,4.949107631944205e-05,0.016276454925537108,0.34601842761039736,0.1958536185324192,0.15016481056809425,92.83580780029297,0.49837307929992675,15250.0,7048.0,15250.0
4.945285927209113e-05,4.945285927209113e-05,0.019339752197265626,0.3694207191467285,0.21975009590387345,0.14967062026262284,93.01776885986328,0.5016130208969116,15300.0,7022.0,15300.0
4.941464222474021e-05,4.941464222474021e-05,0.01905801296234131,0.3703127413988113,0.22430151253938674,0.14601123631000518,92.5052490234375,0.5044304132461548,15350.0,7075.0,15350.0
4.937642517738928e-05,4.937642517738928e-05,0.016761064529418945,0.44311620742082597,0.2874747686088085,0.1556414283812046,90.63813018798828,0.49365832805633547,15400.0,7038.0,15400.0
4.933820813003832e-05,4.933820813003832e-05,0.019666624069213868,0.4008101254701614,0.24389822632074357,0.1569118894636631,85.59584045410156,0.5004602193832397,15450.0,7016.0,15450.0
4.9299991082687384e-05,4.9299991082687384e-05,0.017908287048339844,0.3857621043920517,0.23700394704937935,0.14875815212726592,88.61876678466797,0.49614384174346926,15500.0,7023.0,15500.0
4.926177403533644e-05,4.926177403533644e-05,0.016519808769226076,0.37315458059310913,0.22458042204380035,0.14857415929436685,90.52810668945312,0.4928462505340576,15550.0,7040.0,15550.0
4.922355698798547e-05,4.922355698798547e-05,0.016871213912963867,0.39371454417705537,0.23583361506462097,0.157880936563015,96.83924102783203,0.49811654090881347,15600.0,7035.0,15600.0
4.918533994063452e-05,4.918533994063452e-05,0.016950464248657225,0.385346445441246,0.2273809753358364,0.15796547383069992,93.9994888305664,0.49833130836486816,15650.0,7040.0,15650.0
4.914712289328355e-05,4.914712289328355e-05,0.01632812023162842,0.3520000338554382,0.21044415533542632,0.14155587255954744,93.94847106933594,0.4945467233657837,15700.0,7032.0,15700.0
4.910890584593266e-05,4.910890584593266e-05,0.017892122268676758,0.3872463345527649,0.23797750622034072,0.14926882907748223,85.6665267944336,0.4978763580322266,15750.0,7029.0,15750.0
4.9070688798581726e-05,4.9070688798581726e-05,0.01615726947784424,0.32349983751773836,0.18269293308258056,0.14080690294504167,94.07206726074219,0.49513750076293944,15800.0,6989.0,15800.0
4.9032471751230786e-05,4.9032471751230786e-05,0.01699073314666748,0.38625785112380984,0.22487949579954147,0.16137835904955863,90.8343505859375,0.49852871894836426,15850.0,7051.0,15850.0
4.899425470387984e-05,4.899425470387984e-05,0.018197512626647948,0.43232797980308535,0.28114344626665116,0.15118453353643418,91.36360931396484,0.5002071142196656,15900.0,7061.0,15900.0
4.895603765652892e-05,4.895603765652892e-05,0.01675868034362793,0.3839081108570099,0.23066747114062308,0.15324063673615457,91.05485534667969,0.49934704303741456,15950.0,7018.0,15950.0
4.8917820609178e-05,4.8917820609178e-05,0.01632082462310791,0.38214034140110015,0.22870146632194518,0.15343887880444526,87.11967468261719,0.4992654800415039,16000.0,7021.0,16000.0
4.887960356182707e-05,4.887960356182707e-05,0.016519784927368164,0.34345234334468844,0.18858603537082672,0.15486630499362947,87.69229125976562,0.5025219917297363,16050.0,7022.0,16050.0
4.8841386514476135e-05,4.8841386514476135e-05,0.016350340843200684,0.4412382781505585,0.2755402386188507,0.1656980410218239,93.61299133300781,0.4952889919281006,16100.0,7076.0,16100.0
4.8803169467125195e-05,4.8803169467125195e-05,0.017065715789794923,0.3550036817789078,0.20288552045822145,0.15211816504597664,90.56059265136719,0.49625957012176514,16150.0,7023.0,16150.0
4.8764952419774235e-05,4.8764952419774235e-05,0.019708466529846192,0.38729373514652254,0.23805716931819915,0.14923655837774277,91.48828125,0.5038663387298584,16200.0,7053.0,16200.0
4.87267353724233e-05,4.87267353724233e-05,0.017820143699645997,0.3498437523841858,0.2057517409324646,0.14409200623631477,94.63261413574219,0.5006138563156128,16250.0,7044.0,16250.0
4.868851832507239e-05,4.868851832507239e-05,0.01701986789703369,0.3608708918094635,0.20565142780542373,0.15521946176886559,93.42555236816406,0.49606571197509763,16300.0,7043.0,16300.0
4.865030127772147e-05,4.865030127772147e-05,0.016756439208984376,0.47234445810317993,0.31532482951879504,0.15701964050531386,78.8428726196289,0.497672438621521,16350.0,7046.0,16350.0
4.86120842303705e-05,4.86120842303705e-05,0.018460988998413086,0.3718059480190277,0.20799254179000853,0.16381340622901916,95.09984588623047,0.5178182125091553,16400.0,7002.0,16400.0
4.8573867183019536e-05,4.8573867183019536e-05,0.017264676094055176,0.4030144453048706,0.23937684819102287,0.16363760083913803,96.46397399902344,0.4973865032196045,16450.0,7058.0,16450.0
4.853565013566858e-05,4.853565013566858e-05,0.018712878227233887,0.36568881273269654,0.20597809329628944,0.15971072316169738,85.1604995727539,0.5042973756790161,16500.0,7051.0,16500.0
4.8497433088317663e-05,4.8497433088317663e-05,0.017227792739868165,0.32183587551116943,0.18147508352994918,0.14036079049110411,95.86122131347656,0.5013560056686401,16550.0,6984.0,16550.0
4.8459216040966744e-05,4.8459216040966744e-05,0.01690049171447754,0.36315343379974363,0.21357090398669243,0.14958252832293512,89.08053588867188,0.49788239002227785,16600.0,7003.0,16600.0
4.8420998993615804e-05,4.8420998993615804e-05,0.016821646690368654,0.41594408452510834,0.2602041199803352,0.15573996677994728,95.67434692382812,0.49563524723052976,16650.0,7020.0,16650.0
4.838278194626487e-05,4.838278194626487e-05,0.01585967540740967,0.3364667683839798,0.19097561687231063,0.14549114927649498,94.07208251953125,0.4932166576385498,16700.0,6999.0,16700.0
4.834456489891393e-05,4.834456489891393e-05,0.017509937286376953,0.40256876945495607,0.2544449731707573,0.14812379479408264,84.87109375,0.49677023887634275,16750.0,7024.0,16750.0
4.8306347851563005e-05,4.8306347851563005e-05,0.01700122356414795,0.38791891038417814,0.21673106104135514,0.1711878478527069,95.25432586669922,0.49963946342468263,16800.0,7027.0,16800.0
4.8268130804212066e-05,4.8268130804212066e-05,0.018283557891845704,0.38940689861774447,0.24364934340119362,0.14575756043195726,86.70757293701172,0.49843826293945315,16850.0,7029.0,16850.0
4.822991375686114e-05,4.822991375686114e-05,0.017496228218078613,0.34839252531528475,0.1943794831633568,0.15401304066181182,87.71311950683594,0.5016306638717651,16900.0,7019.0,16900.0
4.819169670951022e-05,4.819169670951022e-05,0.01566894054412842,0.3508970528841019,0.19988126009702684,0.1510157935321331,90.31875610351562,0.49376564025878905,16950.0,7035.0,16950.0
4.815347966215929e-05,4.815347966215929e-05,0.0160494327545166,0.32326986491680143,0.17815370187163354,0.14511616602540017,94.82720947265625,0.494402813911438,17000.0,7069.0,17000.0
4.8115262614808354e-05,4.8115262614808354e-05,0.01743011474609375,0.3608274102210999,0.19346319884061813,0.16736421138048171,93.3282470703125,0.5027403831481934,17050.0,7050.0,17050.0
4.8077045567457414e-05,4.8077045567457414e-05,0.018294334411621094,0.3709536075592041,0.22273584827780724,0.148217760771513,92.96944427490234,0.4980760097503662,17100.0,7033.0,17100.0
4.803882852010652e-05,4.803882852010652e-05,0.016393661499023438,0.41608851552009585,0.25560961216688155,0.1604789063334465,92.33052062988281,0.4937495231628418,17150.0,7020.0,17150.0
4.800061147275556e-05,4.800061147275556e-05,0.016445136070251463,0.4291933089494705,0.27749032378196714,0.15170297175645828,92.98250579833984,0.4987294673919678,17200.0,7030.0,17200.0
4.796239442540466e-05,4.796239442540466e-05,0.016225457191467285,0.3840863972902298,0.2403423383831978,0.14374406039714813,91.2110824584961,0.49135575294494627,17250.0,7041.0,17250.0
4.792417737805373e-05,4.792417737805373e-05,0.018396878242492677,0.39417327046394346,0.24266523569822313,0.15150803402066232,92.29312133789062,0.499050235748291,17300.0,7020.0,17300.0
4.788596033070277e-05,4.788596033070277e-05,0.017025041580200195,0.3823247030377388,0.2283321276307106,0.15399258062243462,94.36552429199219,0.5137681484222412,17350.0,6998.0,17350.0
4.7847743283351844e-05,4.7847743283351844e-05,0.019610905647277833,0.40807691812515257,0.24723769426345826,0.1608392231166363,88.14684295654297,0.497922682762146,17400.0,7036.0,17400.0
4.780952623600094e-05,4.780952623600094e-05,0.020679235458374023,0.39115664958953855,0.2510737583041191,0.14008289501070975,94.27894592285156,0.4976309061050415,17450.0,7019.0,17450.0
4.777130918865001e-05,4.777130918865001e-05,0.018441939353942872,0.3541410565376282,0.19968576729297638,0.15445528477430343,92.81095886230469,0.5012034893035888,17500.0,7046.0,17500.0
4.7733092141299106e-05,4.7733092141299106e-05,0.01571788787841797,0.32924994826316833,0.17407701462507247,0.1551729343831539,90.96125793457031,0.4881021738052368,17550.0,6995.0,17550.0
4.769487509394815e-05,4.769487509394815e-05,0.015369582176208495,0.34270761609077455,0.19827341735363008,0.1444341979920864,92.02174377441406,0.49190411567687986,17600.0,7019.0,17600.0
4.765665804659723e-05,4.765665804659723e-05,0.016363239288330077,0.4032051652669907,0.24324727952480316,0.15995788127183913,90.33719635009766,0.5004950284957885,17650.0,7065.0,17650.0
4.761844099924634e-05,4.761844099924634e-05,0.018514180183410646,0.3583257466554642,0.20917486399412155,0.14915088638663293,93.39768981933594,0.5005301475524903,17700.0,7037.0,17700.0
4.758022395189538e-05,4.758022395189538e-05,0.019561362266540528,0.3554530829191208,0.2075277552008629,0.14792532995343208,91.3919906616211,0.5074590921401978,17750.0,7018.0,17750.0
4.754200690454443e-05,4.754200690454443e-05,0.01679401397705078,0.37638570964336393,0.22119309306144713,0.1551926165819168,93.0441665649414,0.4897479057312012,17800.0,7040.0,17800.0
4.750378985719354e-05,4.750378985719354e-05,0.01693859100341797,0.4038730293512344,0.24999144822359085,0.15388158112764358,92.91740417480469,0.5020400524139405,17850.0,7004.0,17850.0
4.7465572809842616e-05,4.7465572809842616e-05,0.017184138298034668,0.31774814873933793,0.1843089833855629,0.13343916609883308,90.0328140258789,0.4966366529464722,17900.0,7022.0,17900.0
4.742735576249164e-05,4.742735576249164e-05,0.017650580406188963,0.3923447445034981,0.23638576418161392,0.15595898032188416,91.40128326416016,0.5020350694656373,17950.0,7021.0,17950.0
4.7389138715140756e-05,4.7389138715140756e-05,0.019010305404663086,0.3589963257312775,0.22085855454206466,0.13813776820898055,86.49089813232422,0.4983746767044067,18000.0,7022.0,18000.0
4.7350921667789796e-05,4.7350921667789796e-05,0.018135643005371092,0.32509078830480576,0.1820935070514679,0.14299727827310563,97.02174377441406,0.5183292150497436,18050.0,6983.0,18050.0
4.731270462043884e-05,4.731270462043884e-05,0.015882015228271484,0.3624980092048645,0.21752788722515107,0.1449701279401779,90.5221176147461,0.4901744842529297,18100.0,7010.0,18100.0
4.727448757308793e-05,4.727448757308793e-05,0.019290637969970704,0.36572981625795364,0.2190652534365654,0.14666456431150438,92.48747253417969,0.5017276763916015,18150.0,7046.0,18150.0
4.723627052573702e-05,4.723627052573702e-05,0.018190431594848632,0.4690290972590446,0.3063921846449375,0.1626369073987007,82.53955078125,0.5098068475723266,18200.0,7025.0,18200.0
4.7198053478386126e-05,4.7198053478386126e-05,0.016691207885742188,0.34988550543785096,0.21054190620779992,0.1393436037003994,96.10899353027344,0.49262404441833496,18250.0,7040.0,18250.0
4.715983643103518e-05,4.715983643103518e-05,0.01783120632171631,0.3154278665781021,0.16358599439263344,0.1518418684601784,93.55226135253906,0.49636282920837405,18300.0,7016.0,18300.0
4.7121619383684266e-05,4.7121619383684266e-05,0.015201282501220704,0.37235845625400543,0.2221871793270111,0.15017127618193626,88.6760025024414,0.49299046993255613,18350.0,7024.0,18350.0
4.708340233633333e-05,4.708340233633333e-05,0.016474652290344238,0.3871279299259186,0.2361586108803749,0.1509693183004856,89.21178436279297,0.4951311111450195,18400.0,7059.0,18400.0
4.7045185288982367e-05,4.7045185288982367e-05,0.017713260650634766,0.38058368414640426,0.22804833054542542,0.15253535136580468,94.76463317871094,0.5042458534240722,18450.0,7032.0,18450.0
4.7006968241631454e-05,4.7006968241631454e-05,0.016371965408325195,0.36690410077571867,0.21653761565685273,0.15036648511886597,92.99676513671875,0.49776813983917234,18500.0,7021.0,18500.0
4.6968751194280535e-05,4.6968751194280535e-05,0.018274378776550294,0.36682465970516204,0.2186844065785408,0.14814026057720184,92.03986358642578,0.5027311086654663,18550.0,7038.0,18550.0
4.693053414692956e-05,4.693053414692956e-05,0.020782852172851564,0.3962973028421402,0.2437015138566494,0.15259579345583915,93.02601623535156,0.503124475479126,18600.0,7054.0,18600.0
4.6892317099578594e-05,4.6892317099578594e-05,0.018346738815307618,0.40164164304733274,0.2558821737766266,0.14575946927070618,84.52261352539062,0.4904728889465332,18650.0,7022.0,18650.0
4.6854100052227654e-05,4.6854100052227654e-05,0.018509578704833985,0.36443447321653366,0.21242628619074821,0.15200818181037903,93.69609832763672,0.5003751754760742,18700.0,7005.0,18700.0
4.681588300487671e-05,4.681588300487671e-05,0.016154050827026367,0.34217645078897474,0.1945680022239685,0.14760844856500627,94.16035461425781,0.48889312744140623,18750.0,7008.0,18750.0
4.6777665957525734e-05,4.6777665957525734e-05,0.015750694274902343,0.3156932294368744,0.17460884526371956,0.1410843811929226,96.4241943359375,0.49638473987579346,18800.0,6996.0,18800.0
4.673944891017481e-05,4.673944891017481e-05,0.01715703010559082,0.3632921397686005,0.2273521304130554,0.13594000935554504,90.77962493896484,0.49033303260803224,18850.0,7038.0,18850.0
4.670123186282386e-05,4.670123186282386e-05,0.016935181617736817,0.3720366984605789,0.22479379028081894,0.14724290892481803,93.72285461425781,0.49702110290527346,18900.0,7022.0,18900.0
4.666301481547293e-05,4.666301481547293e-05,0.01712491512298584,0.37384737730026246,0.2244258150458336,0.14942156299948692,92.6632308959961,0.49907889366149905,18950.0,7015.0,18950.0
4.6624797768122036e-05,4.6624797768122036e-05,0.016955471038818358,0.4144167572259903,0.2707361027598381,0.14368065521121026,93.56331634521484,0.49372243881225586,19000.0,7018.0,19000.0
4.658658072077111e-05,4.658658072077111e-05,0.016836333274841308,0.3564081624150276,0.21145192310214042,0.14495624601840973,80.28739166259766,0.49478940963745116,19050.0,7001.0,19050.0
4.654836367342022e-05,4.654836367342022e-05,0.015969491004943846,0.3996259570121765,0.25513027757406237,0.14449568092823029,93.96845245361328,0.4921247959136963,19100.0,7026.0,19100.0
4.651014662606926e-05,4.651014662606926e-05,0.016846609115600587,0.38132968842983245,0.2259829267859459,0.1553467631340027,92.88404083251953,0.4990695476531982,19150.0,7041.0,19150.0
4.647192957871829e-05,4.647192957871829e-05,0.018028950691223143,0.36122011244297025,0.20546481162309646,0.15575530305504798,92.57537078857422,0.5006585121154785,19200.0,7038.0,19200.0
4.643371253136738e-05,4.643371253136738e-05,0.017855000495910645,0.3869046837091446,0.23371173590421676,0.15319294929504396,82.37096405029297,0.4990586757659912,19250.0,7033.0,19250.0
4.6395495484016445e-05,4.6395495484016445e-05,0.017410850524902342,0.396253964304924,0.23262201994657516,0.1636319451034069,93.85918426513672,0.5003384590148926,19300.0,7067.0,19300.0
4.635727843666551e-05,4.635727843666551e-05,0.015300798416137695,0.3671233743429184,0.2340813919901848,0.13304198458790778,88.73519134521484,0.48742845058441164,19350.0,7018.0,19350.0
4.631906138931455e-05,4.631906138931455e-05,0.01822478771209717,0.3563761651515961,0.20975565165281296,0.14662051424384118,92.63886260986328,0.5000206470489502,19400.0,7022.0,19400.0
4.6280844341963606e-05,4.6280844341963606e-05,0.017256832122802733,0.34630291163921356,0.2025873400270939,0.14371556863188745,89.75094604492188,0.4977057933807373,19450.0,7017.0,19450.0
4.6242627294612666e-05,4.6242627294612666e-05,0.019815540313720702,0.3632662892341614,0.22130935937166213,0.14195693358778955,93.60384368896484,0.5040926456451416,19500.0,7003.0,19500.0
4.6204410247261665e-05,4.6204410247261665e-05,0.0178117036819458,0.33025390803813937,0.18925376534461974,0.1410001426935196,96.07257843017578,0.49620699882507324,19550.0,7019.0,19550.0
4.616619319991072e-05,4.616619319991072e-05,0.0219132661819458,0.3568816095590591,0.2030138723552227,0.15386773496866227,90.69715881347656,0.51219322681427,19600.0,7067.0,19600.0
4.61279761525598e-05,4.61279761525598e-05,0.01988937854766846,0.33427823781967164,0.18897229731082915,0.14530594125390053,89.47178649902344,0.5093180894851684,19650.0,7014.0,19650.0
4.608975910520884e-05,4.608975910520884e-05,0.016603589057922363,0.380457466840744,0.22183540612459182,0.15862205922603606,94.80657196044922,0.5016009092330933,19700.0,7030.0,19700.0
4.605154205785791e-05,4.605154205785791e-05,0.019590353965759276,0.33959181159734725,0.20149025171995164,0.13810156285762787,95.65531158447266,0.5063283681869507,19750.0,7049.0,19750.0
4.601332501050698e-05,4.601332501050698e-05,0.018871998786926268,0.29871635138988495,0.15777288377285004,0.1409434638917446,93.3598861694336,0.5022747278213501,19800.0,7017.0,19800.0
4.597510796315606e-05,4.597510796315606e-05,0.019921064376831055,0.479742431640625,0.3107823520898819,0.16896008551120759,86.0125732421875,0.5049652576446533,19850.0,7010.0,19850.0
4.593689091580515e-05,4.593689091580515e-05,0.016574716567993163,0.362843057513237,0.2180652417242527,0.14477780908346177,91.91252136230469,0.4989494800567627,19900.0,7021.0,19900.0
4.589867386845425e-05,4.589867386845425e-05,0.01604592800140381,0.3519506096839905,0.20643496066331862,0.14551565274596215,93.90824127197266,0.49408273696899413,19950.0,7040.0,19950.0
4.5860456821103316e-05,4.5860456821103316e-05,0.018930435180664062,0.3808065980672836,0.22907638400793076,0.15173021480441093,88.66645812988281,0.49654903411865237,20000.0,7030.0,20000.0
4.582223977375238e-05,4.582223977375238e-05,0.020461630821228028,0.38647799789905546,0.23514112383127211,0.15133687257766723,95.10546112060547,0.5089635848999023,20050.0,7033.0,20050.0
4.578402272640141e-05,4.578402272640141e-05,0.018745279312133788,0.36164463460445406,0.19968405961990357,0.1619605764746666,93.5521469116211,0.5137716770172119,20100.0,7026.0,20100.0
4.5745805679050503e-05,4.5745805679050503e-05,0.01906111240386963,0.35243231654167173,0.20540733635425568,0.14702497497200967,92.10052490234375,0.5051970243453979,20150.0,7025.0,20150.0
4.570758863169954e-05,4.570758863169954e-05,0.019620323181152345,0.3732246458530426,0.2181651309132576,0.1550595134496689,97.12004089355469,0.49804975986480715,20200.0,7057.0,20200.0
4.566937158434863e-05,4.566937158434863e-05,0.01984682083129883,0.4227441817522049,0.27761725783348085,0.14512692913413047,80.71434020996094,0.5102194309234619,20250.0,7025.0,20250.0
4.5631154536997705e-05,4.5631154536997705e-05,0.017763662338256835,0.33245206624269485,0.18827591836452484,0.14417614713311194,91.75838470458984,0.49974637031555175,20300.0,7017.0,20300.0
4.559293748964677e-05,4.559293748964677e-05,0.01828615665435791,0.366672882437706,0.2158129870891571,0.15085989460349084,93.84185791015625,0.5036263465881348,20350.0,7039.0,20350.0
4.5554720442295845e-05,4.5554720442295845e-05,0.018199729919433593,0.411211396753788,0.2543128468096256,0.1568985551595688,95.57914733886719,0.5046709537506103,20400.0,7045.0,20400.0
4.551650339494492e-05,4.551650339494492e-05,0.02031266689300537,0.4061305522918701,0.24947098791599273,0.15665956139564513,88.13633728027344,0.5011560678482055,20450.0,6990.0,20450.0
4.5478286347593966e-05,4.5478286347593966e-05,0.019060397148132326,0.33094012439250947,0.19227224513888358,0.13866788074374198,95.74263000488281,0.5060183525085449,20500.0,7020.0,20500.0
4.5440069300243074e-05,4.5440069300243074e-05,0.017656755447387696,0.361808043718338,0.20568178296089173,0.15612625777721406,94.33496856689453,0.5014507055282593,20550.0,7030.0,20550.0
4.5401852252892134e-05,4.5401852252892134e-05,0.019028830528259277,0.3530723601579666,0.19659820646047593,0.15647415369749068,88.30613708496094,0.50408775806427,20600.0,7015.0,20600.0
4.5363635205541194e-05,4.5363635205541194e-05,0.01821475028991699,0.32016831636428833,0.17980725467205047,0.14036106765270234,94.65143585205078,0.5022676229476929,20650.0,7048.0,20650.0
4.5325418158190295e-05,4.5325418158190295e-05,0.019057464599609376,0.4164803147315979,0.2512688621878624,0.1652114525437355,81.55997467041016,0.5056475162506103,20700.0,7036.0,20700.0
4.528720111083939e-05,4.528720111083939e-05,0.01843128204345703,0.3985389143228531,0.23687361627817155,0.16166529804468155,94.98991394042969,0.507686996459961,20750.0,7027.0,20750.0
4.524898406348848e-05,4.524898406348848e-05,0.0200671911239624,0.341658154129982,0.19043313562870026,0.15122501850128173,94.9939956665039,0.5075199842453003,20800.0,7032.0,20800.0
4.521076701613754e-05,4.521076701613754e-05,0.01705317497253418,0.3568534553050995,0.21698303371667862,0.13987042456865312,95.66704559326172,0.4990070104598999,20850.0,7036.0,20850.0
4.5172549968786536e-05,4.5172549968786536e-05,0.019075798988342284,0.35155278742313384,0.21044591069221497,0.14110688120126724,88.41817474365234,0.5116459846496582,20900.0,7021.0,20900.0
4.513433292143558e-05,4.513433292143558e-05,0.01802544593811035,0.3410744369029999,0.18940712064504622,0.1516673132777214,90.01947021484375,0.5073706626892089,20950.0,7039.0,20950.0
4.509611587408466e-05,4.509611587408466e-05,0.021016860008239747,0.321944597363472,0.17713337913155555,0.1448112227022648,96.01178741455078,0.5074690818786621,21000.0,7014.0,21000.0
4.5057898826733697e-05,4.5057898826733697e-05,0.019948315620422364,0.3684834510087967,0.21180224195122718,0.15668121129274368,89.56233978271484,0.5074971437454223,21050.0,7031.0,21050.0
4.501968177938277e-05,4.501968177938277e-05,0.018342041969299318,0.3628746807575226,0.21541773825883864,0.14745694324374198,94.40708923339844,0.497165584564209,21100.0,6997.0,21100.0
4.498146473203185e-05,4.498146473203185e-05,0.016603803634643553,0.35913911163806916,0.20244586169719697,0.1566932514309883,93.78385162353516,0.49877209663391114,21150.0,7021.0,21150.0
4.4943247684680925e-05,4.4943247684680925e-05,0.01765432357788086,0.3373591065406799,0.19016274586319923,0.14719636291265487,93.49395751953125,0.5026823043823242,21200.0,7018.0,21200.0
4.490503063732996e-05,4.490503063732996e-05,0.02045896053314209,0.3324819505214691,0.17725205793976784,0.1552298955619335,96.4943618774414,0.5189345121383667,21250.0,7034.0,21250.0
4.486681358997904e-05,4.486681358997904e-05,0.020165443420410156,0.4181368052959442,0.2534455120563507,0.1646912984549999,95.47992706298828,0.5180222034454346,21300.0,7015.0,21300.0
4.482859654262811e-05,4.482859654262811e-05,0.019342875480651854,0.3855240434408188,0.23580774813890457,0.1497162938117981,91.60798645019531,0.5016941547393798,21350.0,7032.0,21350.0
4.47903794952772e-05,4.47903794952772e-05,0.016944122314453126,0.40678809583187103,0.2555692672729492,0.15121883153915405,94.11080932617188,0.5004186391830444,21400.0,7040.0,21400.0
4.4752162447926246e-05,4.4752162447926246e-05,0.018767070770263673,0.3868772268295288,0.23306630104780196,0.15381092801690102,95.60863494873047,0.506036925315857,21450.0,7012.0,21450.0
4.4713945400575307e-05,4.4713945400575307e-05,0.018701815605163576,0.3334051549434662,0.18626480996608735,0.14714034497737885,92.3629379272461,0.5041571617126465,21500.0,7011.0,21500.0
4.467572835322437e-05,4.467572835322437e-05,0.020986366271972656,0.36432998776435854,0.22123964130878448,0.14309035167098044,94.43651580810547,0.5039023399353028,21550.0,7001.0,21550.0
4.463751130587339e-05,4.463751130587339e-05,0.018517088890075684,0.3650153398513794,0.2141304723918438,0.15088486894965172,92.45896911621094,0.5042149782180786,21600.0,7038.0,21600.0
4.4599294258522453e-05,4.4599294258522453e-05,0.018281030654907226,0.37098743617534635,0.21474592089653016,0.15624151080846788,96.31521606445312,0.5074933767318726,21650.0,6991.0,21650.0
4.4561077211171514e-05,4.4561077211171514e-05,0.01742289066314697,0.35135696828365326,0.21072597429156303,0.1406309947371483,95.98189544677734,0.4987786054611206,21700.0,7035.0,21700.0
4.452286016382056e-05,4.452286016382056e-05,0.01539163589477539,0.4165874391794205,0.2585239939391613,0.15806344151496887,94.9942626953125,0.49933922290802,21750.0,7026.0,21750.0
4.448464311646962e-05,4.448464311646962e-05,0.019432497024536134,0.3474661260843277,0.1989750735461712,0.1484910599887371,93.83917999267578,0.5032437801361084,21800.0,7037.0,21800.0
4.444642606911875e-05,4.444642606911875e-05,0.019487571716308594,0.4165118336677551,0.2614648133516312,0.15504702255129815,92.1783218383789,0.5057628631591797,21850.0,7030.0,21850.0
4.440820902176781e-05,4.440820902176781e-05,0.02018418312072754,0.35410702526569365,0.20904799550771713,0.14505902975797652,90.81695556640625,0.5017089366912841,21900.0,7043.0,21900.0
4.436999197441691e-05,4.436999197441691e-05,0.018450045585632326,0.3532830461859703,0.20028929859399797,0.15299374908208846,95.1880874633789,0.507854413986206,21950.0,7035.0,21950.0
4.4331774927065984e-05,4.4331774927065984e-05,0.0157989501953125,0.4043466955423355,0.2476751059293747,0.15667158365249634,92.14289855957031,0.495485258102417,22000.0,7038.0,22000.0
4.429355787971501e-05,4.429355787971501e-05,0.016714096069335938,0.321341073513031,0.17354223877191544,0.14779883846640587,92.8840103149414,0.49554128646850587,22050.0,7029.0,22050.0
4.4255340832364084e-05,4.4255340832364084e-05,0.016628074645996093,0.3884098261594772,0.23331515341997147,0.15509467497467994,93.69298553466797,0.4970437526702881,22100.0,7009.0,22100.0
4.421712378501312e-05,4.421712378501312e-05,0.015991997718811036,0.35915128886699677,0.21173614114522935,0.14741514176130294,95.08805847167969,0.49520421028137207,22150.0,7042.0,22150.0
4.4178906737662164e-05,4.4178906737662164e-05,0.0173231840133667,0.3129938870668411,0.1723371908068657,0.1406567007303238,94.17832946777344,0.4977283477783203,22200.0,7011.0,22200.0
4.414068969031122e-05,4.414068969031122e-05,0.016910648345947264,0.31959726810455324,0.17549317926168442,0.14410408735275268,93.70770263671875,0.4954752206802368,22250.0,7024.0,22250.0
4.4102472642960284e-05,4.4102472642960284e-05,0.017467522621154787,0.36208156049251555,0.20618360191583635,0.15589795783162116,94.49659729003906,0.49759976863861083,22300.0,7060.0,22300.0
4.4064255595609345e-05,4.4064255595609345e-05,0.021066761016845702,0.39283507168292997,0.24476254731416702,0.14807251691818238,90.10890197753906,0.508684515953064,22350.0,7053.0,22350.0
4.4026038548258405e-05,4.4026038548258405e-05,0.01897602081298828,0.3230244189500809,0.1806420788168907,0.14238233640789985,95.03482055664062,0.49698753356933595,22400.0,7002.0,22400.0
4.3987821500907465e-05,4.3987821500907465e-05,0.017201876640319823,0.2949459195137024,0.15280113741755486,0.14214478731155394,95.98262786865234,0.5022574901580811,22450.0,7021.0,22450.0
4.3949604453556505e-05,4.3949604453556505e-05,0.018689990043640137,0.3671520560979843,0.21732373237609864,0.14982833191752434,92.24148559570312,0.5003234624862671,22500.0,7030.0,22500.0
4.3911387406205565e-05,4.3911387406205565e-05,0.018430423736572266,0.3983804762363434,0.24959940165281297,0.14878107905387877,95.55526733398438,0.4993180513381958,22550.0,7016.0,22550.0
4.3873170358854666e-05,4.3873170358854666e-05,0.01803886890411377,0.3728281706571579,0.21958610266447068,0.15324206799268722,95.74676513671875,0.502290678024292,22600.0,7032.0,22600.0
4.383495331150375e-05,4.383495331150375e-05,0.018076634407043456,0.4294084578752518,0.2781690716743469,0.1512393832206726,95.45030975341797,0.5064619779586792,22650.0,7054.0,22650.0
4.379673626415281e-05,4.379673626415281e-05,0.0167696475982666,0.3656637042760849,0.22316132634878158,0.14250237718224526,95.0910415649414,0.4935515642166138,22700.0,7019.0,22700.0
4.375851921680186e-05,4.375851921680186e-05,0.01798408031463623,0.34110945612192156,0.19656433537602425,0.14454511776566506,93.57111358642578,0.4991034507751465,22750.0,7011.0,22750.0
4.372030216945093e-05,4.372030216945093e-05,0.017003917694091798,0.40554702281951904,0.25364619344472883,0.1519008256494999,83.40186309814453,0.499265718460083,22800.0,7033.0,22800.0
4.368208512209996e-05,4.368208512209996e-05,0.01782081127166748,0.3554967075586319,0.21077364087104797,0.14472306594252587,93.3076400756836,0.49681267738342283,22850.0,6995.0,22850.0
4.3643868074749055e-05,4.3643868074749055e-05,0.018319463729858397,0.40069921910762785,0.2343307316303253,0.1663684844970703,93.43975830078125,0.5018575191497803,22900.0,7045.0,22900.0
4.3605651027398115e-05,4.3605651027398115e-05,0.0174957275390625,0.31527490317821505,0.17129196971654892,0.1439829371869564,93.79281616210938,0.5030321598052978,22950.0,7032.0,22950.0
4.3567433980047175e-05,4.3567433980047175e-05,0.01847522258758545,0.4085554778575897,0.24362759590148925,0.16492788419127463,91.84343719482422,0.5024182319641113,23000.0,7009.0,23000.0
4.352921693269624e-05,4.352921693269624e-05,0.018979787826538086,0.35722308456897733,0.22369074076414108,0.13353234082460402,87.5890121459961,0.4992371082305908,23050.0,7040.0,23050.0
4.349099988534531e-05,4.349099988534531e-05,0.018117642402648924,0.33616619408130644,0.19687105268239974,0.13929514065384865,95.641845703125,0.5036531686782837,23100.0,6998.0,23100.0
4.345278283799437e-05,4.345278283799437e-05,0.016426753997802735,0.355244854092598,0.20274295881390572,0.15250189155340194,94.13727569580078,0.49208176136016846,23150.0,7018.0,23150.0
4.341456579064344e-05,4.341456579064344e-05,0.01754770278930664,0.3014489009976387,0.16770434007048607,0.13374456763267517,95.09628295898438,0.49220523834228513,23200.0,7004.0,23200.0
4.3376348743292456e-05,4.3376348743292456e-05,0.015619301795959472,0.3377703741192818,0.19359571635723113,0.1441746585071087,94.9989013671875,0.49583466053009034,23250.0,7017.0,23250.0
4.3338131695941476e-05,4.3338131695941476e-05,0.016865301132202148,0.3322851866483688,0.18299039527773858,0.14929478913545607,95.57052612304688,0.5012208700180054,23300.0,7002.0,23300.0
4.329991464859054e-05,4.329991464859054e-05,0.017810726165771486,0.42295277416706084,0.263028946518898,0.15992383062839508,81.00135040283203,0.4983194589614868,23350.0,7065.0,23350.0
4.326169760123963e-05,4.326169760123963e-05,0.017981410026550293,0.31308799237012863,0.18360096886754035,0.1294870249927044,94.99882507324219,0.5028048753738403,23400.0,7025.0,23400.0
4.322348055388872e-05,4.322348055388872e-05,0.017310833930969237,0.3536451369524002,0.21196327432990075,0.14168185815215112,93.13835906982422,0.499318265914917,23450.0,6997.0,23450.0
4.3185263506537805e-05,4.3185263506537805e-05,0.016072797775268554,0.33771554529666903,0.19243061169981956,0.14528493508696555,92.24162292480469,0.4971334934234619,23500.0,7036.0,23500.0
4.31470464591869e-05,4.31470464591869e-05,0.015778565406799318,0.321577787399292,0.17606332749128342,0.14551446363329887,93.90607452392578,0.4963057279586792,23550.0,7032.0,23550.0
4.310882941183597e-05,4.310882941183597e-05,0.019677615165710448,0.33507129549980164,0.1951558083295822,0.1399154894053936,93.173828125,0.497768759727478,23600.0,7017.0,23600.0
4.3070612364485006e-05,4.3070612364485006e-05,0.017759156227111817,0.3319685757160187,0.18500013947486876,0.14696843773126603,88.48987579345703,0.49784872531890867,23650.0,7046.0,23650.0
4.303239531713409e-05,4.303239531713409e-05,0.0164506196975708,0.37665003538131714,0.23653720766305925,0.1401128314435482,95.205322265625,0.49271132946014407,23700.0,7088.0,23700.0
4.299417826978315e-05,4.299417826978315e-05,0.017812609672546387,0.3860550433397293,0.23696126118302346,0.14909377917647362,84.90946197509766,0.5051077365875244,23750.0,6993.0,23750.0
4.29559612224322e-05,4.29559612224322e-05,0.018811726570129396,0.42872984111309054,0.2738440170884132,0.1548858255147934,94.4168930053711,0.5072576999664307,23800.0,7021.0,23800.0
4.2917744175081274e-05,4.2917744175081274e-05,0.016180586814880372,0.3650965005159378,0.21471282839775085,0.15038367584347725,95.6842269897461,0.4991863012313843,23850.0,7024.0,23850.0
4.287952712773033e-05,4.287952712773033e-05,0.020084309577941894,0.48458196222782135,0.32279972583055494,0.16178222745656967,84.21250915527344,0.5074416637420655,23900.0,7052.0,23900.0
4.2841310080379374e-05,4.2841310080379374e-05,0.016083550453186036,0.3775821626186371,0.23474912643432616,0.14283303692936897,91.67396545410156,0.4933422088623047,23950.0,7011.0,23950.0
4.2803093033028475e-05,4.2803093033028475e-05,0.019262266159057618,0.3471605435013771,0.19860322996973992,0.14855731204152106,92.345458984375,0.5013415336608886,24000.0,7027.0,24000.0
4.276487598567752e-05,4.276487598567752e-05,0.018567848205566406,0.3659817188978195,0.21638716608285904,0.14959454983472825,94.85037231445312,0.505053448677063,24050.0,7035.0,24050.0
4.272665893832658e-05,4.272665893832658e-05,0.018086934089660646,0.4067942827939987,0.26191068440675735,0.14488360285758972,92.30340576171875,0.4974351406097412,24100.0,7005.0,24100.0
4.268844189097565e-05,4.268844189097565e-05,0.016487741470336915,0.35430139899253843,0.21611035019159316,0.13819104954600334,92.71786499023438,0.4988919734954834,24150.0,7004.0,24150.0
4.265022484362472e-05,4.265022484362472e-05,0.016722226142883302,0.38651153445243835,0.23586527556180953,0.15064625740051268,94.8678970336914,0.4943679332733154,24200.0,7037.0,24200.0
4.2612007796273783e-05,4.2612007796273783e-05,0.018286633491516113,0.3564022183418274,0.21598928272724152,0.14041293486952783,95.39199829101562,0.49655661582946775,24250.0,7035.0,24250.0
4.257379074892285e-05,4.257379074892285e-05,0.017988371849060058,0.3208381712436676,0.17533217668533324,0.14550599530339242,95.62276458740234,0.5000468254089355,24300.0,7020.0,24300.0
4.253557370157191e-05,4.253557370157191e-05,0.016961121559143068,0.3913863033056259,0.23037158697843552,0.1610147088766098,92.54914855957031,0.5024114608764648,24350.0,7039.0,24350.0
4.249735665422097e-05,4.249735665422097e-05,0.017882323265075682,0.3557540446519852,0.21235832273960115,0.14339572340250015,91.37847900390625,0.5116469860076904,24400.0,7014.0,24400.0
4.245913960687005e-05,4.245913960687005e-05,0.018431854248046876,0.3280025541782379,0.1885928802192211,0.13940967470407487,95.95899963378906,0.49931821823120115,24450.0,7060.0,24450.0
4.242092255951913e-05,4.242092255951913e-05,0.01930413246154785,0.34112107157707217,0.19706562235951425,0.14405545070767403,91.88711547851562,0.5047698974609375,24500.0,7031.0,24500.0
4.23827055121682e-05,4.23827055121682e-05,0.01937868595123291,0.33523152619600294,0.1917052112519741,0.1435263141989708,95.08549499511719,0.5057662963867188,24550.0,6989.0,24550.0
4.234448846481723e-05,4.234448846481723e-05,0.018270254135131836,0.3826112225651741,0.23845331743359566,0.14415790289640426,96.8473892211914,0.5037490367889405,24600.0,7031.0,24600.0
4.230627141746627e-05,4.230627141746627e-05,0.01844518184661865,0.41378443837165835,0.25226574018597603,0.1615186959505081,95.20223999023438,0.5040009975433349,24650.0,7004.0,24650.0
4.2268054370115366e-05,4.2268054370115366e-05,0.019843053817749024,0.34450357854366304,0.21225609332323075,0.1322474844753742,95.00629425048828,0.5101306438446045,24700.0,6995.0,24700.0
4.2229837322764433e-05,4.2229837322764433e-05,0.01813662052154541,0.3274284690618515,0.19117571413516998,0.1362527571618557,95.41395568847656,0.5013716697692872,24750.0,7019.0,24750.0
4.219162027541349e-05,4.219162027541349e-05,0.018714118003845214,0.3092836230993271,0.16098121777176858,0.1483024038374424,96.16658782958984,0.5039434194564819,24800.0,7026.0,24800.0
4.2153403228062574e-05,4.2153403228062574e-05,0.02078356742858887,0.3593338310718536,0.21359554380178453,0.14573828503489494,91.1760025024414,0.5103752374649048,24850.0,7029.0,24850.0
4.211518618071165e-05,4.211518618071165e-05,0.018483304977416994,0.32336446046829226,0.17636885792016982,0.1469956047832966,93.046875,0.49934475421905516,24900.0,7054.0,24900.0
4.207696913336072e-05,4.207696913336072e-05,0.018581962585449217,0.3436116427183151,0.20496113896369933,0.1386505052447319,94.78433227539062,0.5053931951522828,24950.0,7023.0,24950.0
4.203875208600974e-05,4.203875208600974e-05,0.018518400192260743,0.3944600850343704,0.24796795547008516,0.14649213403463363,95.20155334472656,0.5096046686172485,25000.0,7024.0,25000.0
4.200053503865883e-05,4.200053503865883e-05,0.01739342212677002,0.3092497557401657,0.1775769129395485,0.1316728450357914,93.86698913574219,0.4985897302627563,25050.0,7017.0,25050.0
4.19623179913079e-05,4.19623179913079e-05,0.017284321784973144,0.3570412412285805,0.21216165274381638,0.1448795922100544,94.806640625,0.4983827114105225,25100.0,6997.0,25100.0
4.192410094395695e-05,4.192410094395695e-05,0.017827653884887697,0.3392522394657135,0.1923360586166382,0.14691618457436562,93.36332702636719,0.5005884170532227,25150.0,7026.0,25150.0
4.188588389660603e-05,4.188588389660603e-05,0.018183016777038576,0.3146167114377022,0.17233075425028802,0.14228595569729804,93.77348327636719,0.5072925090789795,25200.0,7012.0,25200.0
4.18476668492551e-05,4.18476668492551e-05,0.017554187774658205,0.35153268873691557,0.19501653164625168,0.1565161593258381,93.81219482421875,0.5031206846237183,25250.0,7055.0,25250.0
4.180944980190419e-05,4.180944980190419e-05,0.01671888828277588,0.31414707750082016,0.1744249679148197,0.13972211107611657,92.78081512451172,0.49470152854919436,25300.0,7032.0,25300.0
4.1771232754553245e-05,4.1771232754553245e-05,0.017754197120666504,0.3375397533178329,0.18898553699254989,0.14855421259999274,94.9179916381836,0.5105013132095337,25350.0,6995.0,25350.0
4.173301570720227e-05,4.173301570720227e-05,0.017435908317565918,0.3225111931562424,0.18130307346582414,0.14120811372995376,92.00952911376953,0.5035546302795411,25400.0,7025.0,25400.0
4.1694798659851345e-05,4.1694798659851345e-05,0.017702198028564452,0.3503082126379013,0.20528629273176194,0.14502191916108131,91.74567413330078,0.5038366317749023,25450.0,7057.0,25450.0
4.165658161250042e-05,4.165658161250042e-05,0.018639183044433592,0.3335482135415077,0.1959829069674015,0.1375653013586998,95.34032440185547,0.50266535282135,25500.0,7053.0,25500.0
4.1618364565149465e-05,4.1618364565149465e-05,0.01763310432434082,0.3303895264863968,0.18932907432317733,0.1410604476928711,87.19660949707031,0.49796371459960936,25550.0,7027.0,25550.0
4.158014751779855e-05,4.158014751779855e-05,0.018220853805541993,0.39781427681446074,0.24379171878099443,0.1540225587785244,93.95230102539062,0.5124632596969605,25600.0,6997.0,25600.0
4.154193047044764e-05,4.154193047044764e-05,0.015848684310913085,0.37800896167755127,0.226095250248909,0.15191370993852615,96.38355255126953,0.4954195499420166,25650.0,7003.0,25650.0
4.150371342309671e-05,4.150371342309671e-05,0.015983891487121583,0.35806034207344056,0.20434414744377136,0.15371619835495948,87.94403076171875,0.5030361175537109,25700.0,7039.0,25700.0
4.146549637574578e-05,4.146549637574578e-05,0.017116832733154296,0.35242049396038055,0.21733687222003936,0.13508361876010894,90.90071868896484,0.495261549949646,25750.0,7008.0,25750.0
4.1427279328394834e-05,4.1427279328394834e-05,0.02005910873413086,0.3352744162082672,0.19404284209012984,0.14123157635331154,91.93441772460938,0.5064189672470093,25800.0,7027.0,25800.0
4.13890622810439e-05,4.13890622810439e-05,0.016922593116760254,0.33525902032852173,0.19079429507255555,0.1444647267460823,95.17923736572266,0.5027472734451294,25850.0,7028.0,25850.0
4.135084523369296e-05,4.135084523369296e-05,0.01694951057434082,0.34070381224155427,0.18364240527153014,0.1570613995194435,94.10091400146484,0.5047632217407226,25900.0,7016.0,25900.0
4.1312628186342015e-05,4.1312628186342015e-05,0.019069695472717287,0.3620865970849991,0.21184619516134262,0.1502403996884823,95.47334289550781,0.5298856735229492,25950.0,7013.0,25950.0
4.1274411138991096e-05,4.1274411138991096e-05,0.017201805114746095,0.351905032992363,0.20885966569185258,0.14304536879062651,89.03717803955078,0.51539306640625,26000.0,7034.0,26000.0
4.1236194091640156e-05,4.1236194091640156e-05,0.017598891258239747,0.308439838886261,0.16017156094312668,0.1482682779431343,94.97211456298828,0.5030666589736938,26050.0,7020.0,26050.0
4.119797704428922e-05,4.119797704428922e-05,0.019657325744628907,0.34515676498413084,0.20362654626369475,0.14153021797537804,94.42030334472656,0.5068149566650391,26100.0,7058.0,26100.0
4.115975999693829e-05,4.115975999693829e-05,0.01953234672546387,0.4032696604728699,0.2576771304011345,0.1455925315618515,91.94132232666016,0.509990906715393,26150.0,7030.0,26150.0
4.112154294958732e-05,4.112154294958732e-05,0.01985301971435547,0.39379554986953735,0.24977903813123703,0.1440165087580681,92.87303924560547,0.5137666940689087,26200.0,7058.0,26200.0
4.108332590223636e-05,4.108332590223636e-05,0.018413305282592773,0.29983867406845094,0.17050303295254707,0.12933564335107803,96.70220184326172,0.5113881349563598,26250.0,6996.0,26250.0
4.104510885488544e-05,4.104510885488544e-05,0.01693723201751709,0.3799081683158875,0.24315733909606935,0.13675082921981813,93.9852066040039,0.49461348056793214,26300.0,7014.0,26300.0
4.100689180753452e-05,4.100689180753452e-05,0.017276525497436523,0.3486213684082031,0.20544535517692566,0.14317601025104523,92.51802062988281,0.5014050722122192,26350.0,7036.0,26350.0
4.096867476018358e-05,4.096867476018358e-05,0.020916152000427245,0.3735589772462845,0.22476766705513002,0.1487913079559803,95.12360382080078,0.5045848369598389,26400.0,7022.0,26400.0
4.093045771283266e-05,4.093045771283266e-05,0.01802504062652588,0.3029913932085037,0.16789391860365868,0.135097473859787,95.7016830444336,0.49934542179107666,26450.0,7035.0,26450.0
4.08922406654817e-05,4.08922406654817e-05,0.018937134742736818,0.3400920435786247,0.2038078173995018,0.1362842284142971,95.34546661376953,0.5018128633499146,26500.0,7058.0,26500.0
4.085402361813076e-05,4.085402361813076e-05,0.018476366996765137,0.31286765038967135,0.17167294770479202,0.14119470342993737,94.92376708984375,0.5039099931716919,26550.0,7024.0,26550.0
4.0815806570779826e-05,4.0815806570779826e-05,0.017554831504821778,0.2946323320269585,0.1696524627506733,0.12497987300157547,92.7402572631836,0.4934081554412842,26600.0,7018.0,26600.0
4.0777589523428886e-05,4.0777589523428886e-05,0.016878890991210937,0.3628691047430038,0.22325944080948829,0.1396096557378769,89.27936553955078,0.49508726596832275,26650.0,7047.0,26650.0
4.0739372476077946e-05,4.0739372476077946e-05,0.019527387619018555,0.31477688550949096,0.17988155484199525,0.13489532917737962,93.92913055419922,0.5066470146179199,26700.0,7051.0,26700.0
4.070115542872702e-05,4.070115542872702e-05,0.018776631355285643,0.3388582780957222,0.19305298626422882,0.14580528885126115,87.55518341064453,0.5103491544723511,26750.0,7062.0,26750.0
4.066293838137609e-05,4.066293838137609e-05,0.017880916595458984,0.32926719933748244,0.179806462675333,0.14946073964238166,94.85301971435547,0.5016207695007324,26800.0,7036.0,26800.0
4.062472133402514e-05,4.062472133402514e-05,0.020066499710083008,0.3413520187139511,0.19856661260128022,0.1427854083478451,94.345458984375,0.5066364765167236,26850.0,7013.0,26850.0
4.05865042866742e-05,4.05865042866742e-05,0.01725630760192871,0.3538215786218643,0.20807591825723648,0.14574565961956978,93.77701568603516,0.4975568771362305,26900.0,7017.0,26900.0
4.0548287239323254e-05,4.0548287239323254e-05,0.01738617420196533,0.3753249257802963,0.23167741447687148,0.14364750906825066,94.38664245605469,0.5061702013015748,26950.0,7007.0,26950.0
4.05100701919723e-05,4.05100701919723e-05,0.018021559715270995,0.32271971851587294,0.18407581746578217,0.13864389881491662,92.6007080078125,0.5078484773635864,27000.0,7014.0,27000.0
4.047185314462136e-05,4.047185314462136e-05,0.01867642402648926,0.330236354470253,0.18189492747187613,0.14834142848849297,96.02059936523438,0.513367486000061,27050.0,7022.0,27050.0
4.043363609727042e-05,4.043363609727042e-05,0.01698908805847168,0.33016532361507417,0.1992754027247429,0.13088992536067962,93.88424682617188,0.4995769739151001,27100.0,7008.0,27100.0
4.039541904991952e-05,4.039541904991952e-05,0.020986604690551757,0.34643232822418213,0.20425448790192605,0.1421778418123722,95.37713623046875,0.5135298490524292,27150.0,7033.0,27150.0
4.0357202002568616e-05,4.0357202002568616e-05,0.01708519458770752,0.3874619871377945,0.2455585204064846,0.14190346971154214,92.72425079345703,0.49951307773590087,27200.0,7025.0,27200.0
4.031898495521766e-05,4.031898495521766e-05,0.017883706092834472,0.34842977821826937,0.19972273260354995,0.1487070433795452,95.57320404052734,0.5063922643661499,27250.0,7052.0,27250.0
4.028076790786673e-05,4.028076790786673e-05,0.01910402774810791,0.34030195474624636,0.1929241582751274,0.1473777934908867,92.16011047363281,0.5025782823562622,27300.0,7033.0,27300.0
4.024255086051575e-05,4.024255086051575e-05,0.018315577507019044,0.33323516845703127,0.1920744761824608,0.1411606937646866,88.3884048461914,0.5048697233200073,27350.0,7023.0,27350.0
4.020433381316479e-05,4.020433381316479e-05,0.01567203998565674,0.3410429507493973,0.1865799531340599,0.15446299463510513,94.89058685302734,0.49931094646453855,27400.0,7049.0,27400.0
4.016611676581384e-05,4.016611676581384e-05,0.020696401596069336,0.3432468190789223,0.2039162829518318,0.13933053165674208,87.99864196777344,0.5038719177246094,27450.0,7003.0,27450.0
4.012789971846294e-05,4.012789971846294e-05,0.017058825492858885,0.366678923368454,0.22084651440382003,0.1458324059844017,96.39887237548828,0.5035757780075073,27500.0,7064.0,27500.0
4.008968267111195e-05,4.008968267111195e-05,0.016648530960083008,0.3934852331876755,0.24213497787714006,0.15135025680065156,92.50828552246094,0.4916535377502441,27550.0,7031.0,27550.0
4.0051465623761004e-05,4.0051465623761004e-05,0.018138480186462403,0.3365357220172882,0.19862382411956786,0.1379119038581848,92.8141860961914,0.49865431785583497,27600.0,7033.0,27600.0
4.001324857641007e-05,4.001324857641007e-05,0.016527342796325683,0.3006103277206421,0.16431487500667571,0.13629544898867607,94.51908874511719,0.49350476264953613,27650.0,7006.0,27650.0
3.9975031529059104e-05,3.9975031529059104e-05,0.016919374465942383,0.37132410407066346,0.22416846454143524,0.14715563580393792,93.2931900024414,0.49728777408599856,27700.0,7010.0,27700.0
3.993681448170818e-05,3.993681448170818e-05,0.016123390197753905,0.3161171808838844,0.1760445147752762,0.14007266536355018,97.1423110961914,0.49346013069152833,27750.0,7024.0,27750.0
3.989859743435722e-05,3.989859743435722e-05,0.01575033664703369,0.32938874065876006,0.1989599049091339,0.13042883798480034,90.50997924804688,0.4894387245178223,27800.0,7020.0,27800.0
3.98603803870063e-05,3.98603803870063e-05,0.018348193168640135,0.34136840105056765,0.20013285130262376,0.1412355497479439,93.95899200439453,0.5029401779174805,27850.0,7066.0,27850.0
3.9822163339655345e-05,3.9822163339655345e-05,0.017735743522644044,0.35863037407398224,0.20495761334896087,0.15367276221513748,94.46918487548828,0.5000443696975708,27900.0,7038.0,27900.0
3.9783946292304365e-05,3.9783946292304365e-05,0.019062519073486328,0.32619886100292206,0.18280713483691216,0.1433917336165905,96.45121765136719,0.49585442543029784,27950.0,6991.0,27950.0
3.974572924495342e-05,3.974572924495342e-05,0.01631119251251221,0.31094545423984526,0.17554889023303985,0.13539656326174737,96.85017395019531,0.49884872436523436,28000.0,7033.0,28000.0
3.970751219760247e-05,3.970751219760247e-05,0.02027885913848877,0.31659604907035827,0.17194086462259292,0.1446551837027073,95.19355010986328,0.503724217414856,28050.0,6994.0,28050.0
3.966929515025153e-05,3.966929515025153e-05,0.01760377883911133,0.3449148774147034,0.20472055822610855,0.14019432291388512,91.38888549804688,0.498664402961731,28100.0,7025.0,28100.0
3.963107810290061e-05,3.963107810290061e-05,0.01947309970855713,0.3446341037750244,0.21213389784097672,0.13250020742416382,91.90837097167969,0.5076653242111206,28150.0,6997.0,28150.0
3.959286105554965e-05,3.959286105554965e-05,0.0178729772567749,0.3315348416566849,0.18143927827477455,0.15009556263685225,95.1927261352539,0.5003586292266846,28200.0,7041.0,28200.0
3.955464400819868e-05,3.955464400819868e-05,0.02033989429473877,0.3096117377281189,0.172551042586565,0.13706069663167,94.24066162109375,0.509073805809021,28250.0,7047.0,28250.0
3.951642696084772e-05,3.951642696084772e-05,0.016384577751159667,0.37783239781856537,0.23889917582273484,0.1389332227408886,90.17584991455078,0.4936593770980835,28300.0,7048.0,28300.0
3.9478209913496786e-05,3.9478209913496786e-05,0.01672534942626953,0.31494867205619814,0.18167270570993424,0.13327597081661224,92.43047332763672,0.49510531425476073,28350.0,7023.0,28350.0
3.94399928661458e-05,3.94399928661458e-05,0.01658453941345215,0.3331118687987328,0.18362675979733467,0.14948510751128197,92.6437759399414,0.5013140916824341,28400.0,7018.0,28400.0
3.9401775818794825e-05,3.9401775818794825e-05,0.01880481243133545,0.29428637474775315,0.1547459751367569,0.139540396630764,96.04330444335938,0.4993743896484375,28450.0,7021.0,28450.0
3.936355877144386e-05,3.936355877144386e-05,0.01910543441772461,0.3828631013631821,0.24092063531279564,0.14194246008992195,90.69618225097656,0.4940051794052124,28500.0,7026.0,28500.0
3.932534172409292e-05,3.932534172409292e-05,0.017135310173034667,0.3407587200403214,0.19804111495614052,0.1427176035940647,93.26043701171875,0.4978718042373657,28550.0,6982.0,28550.0
3.928712467674195e-05,3.928712467674195e-05,0.01727025508880615,0.32713485062122344,0.1851886600255966,0.14194618687033653,97.49349212646484,0.4998448848724365,28600.0,7045.0,28600.0
3.924890762939101e-05,3.924890762939101e-05,0.017548274993896485,0.3131855368614197,0.17781966775655747,0.1353658691048622,91.39392852783203,0.504604983329773,28650.0,7029.0,28650.0
3.921069058204005e-05,3.921069058204005e-05,0.017566895484924315,0.3251590639352798,0.18805548772215844,0.1371035784482956,95.94768524169922,0.5023523330688476,28700.0,7052.0,28700.0
3.917247353468908e-05,3.917247353468908e-05,0.01844134330749512,0.3165827587246895,0.17699136584997177,0.13959139585494995,95.5927734375,0.5008093357086182,28750.0,7004.0,28750.0
3.913425648733814e-05,3.913425648733814e-05,0.018879461288452148,0.30126144289970397,0.15540832206606864,0.14585312381386756,94.66202545166016,0.4977961778640747,28800.0,7008.0,28800.0
3.90960394399872e-05,3.90960394399872e-05,0.019521594047546387,0.3432178318500519,0.19816346541047097,0.14505437016487122,94.05060577392578,0.5081627845764161,28850.0,7038.0,28850.0
3.905782239263623e-05,3.905782239263623e-05,0.016513991355895995,0.31708942651748656,0.1783977597951889,0.1386916682124138,94.22534942626953,0.49484825134277344,28900.0,7017.0,28900.0
3.901960534528527e-05,3.901960534528527e-05,0.016735100746154787,0.4123403012752533,0.2659563019871712,0.14638399183750153,84.06815338134766,0.4965216159820557,28950.0,7059.0,28950.0
3.898138829793434e-05,3.898138829793434e-05,0.018387842178344726,0.31769932210445406,0.16758889555931092,0.15011043176054956,93.19403076171875,0.49045329093933104,29000.0,7005.0,29000.0
3.894317125058342e-05,3.894317125058342e-05,0.017662620544433592,0.3084115877747536,0.17030471116304396,0.1381068743765354,93.36095428466797,0.4927650451660156,29050.0,7032.0,29050.0
3.890495420323245e-05,3.890495420323245e-05,0.019681668281555174,0.3412763386964798,0.19895710200071334,0.14231923893094062,95.04791259765625,0.5085192680358886,29100.0,7010.0,29100.0
3.886673715588151e-05,3.886673715588151e-05,0.018453145027160646,0.3370405316352844,0.20216904133558272,0.1348714828491211,93.06182098388672,0.5029631853103638,29150.0,7024.0,29150.0
3.8828520108530525e-05,3.8828520108530525e-05,0.017619991302490236,0.31021505892276763,0.17440155595541001,0.13581350147724153,94.08318328857422,0.5053018569946289,29200.0,7007.0,29200.0
3.879030306117954e-05,3.879030306117954e-05,0.017585444450378417,0.3450349673628807,0.2036004152148962,0.14143455028533936,90.68582916259766,0.49618332386016845,29250.0,7004.0,29250.0
3.875208601382859e-05,3.875208601382859e-05,0.019810986518859864,0.32991594523191453,0.18021275699138642,0.14970318973064423,93.2088394165039,0.5043381690979004,29300.0,7040.0,29300.0
3.871386896647766e-05,3.871386896647766e-05,0.018528842926025392,0.36190361678600313,0.21866809204220772,0.14323551952838898,95.50084686279297,0.5012312412261963,29350.0,7024.0,29350.0
3.8675651919126705e-05,3.8675651919126705e-05,0.017598891258239747,0.3321131497621536,0.1895405851304531,0.14257257506251336,90.69640350341797,0.5005435228347779,29400.0,7016.0,29400.0
3.863743487177572e-05,3.863743487177572e-05,0.01847677230834961,0.3649334877729416,0.2200684741139412,0.14486501216888428,95.37287139892578,0.5031500339508057,29450.0,7024.0,29450.0
3.859921782442477e-05,3.859921782442477e-05,0.017813634872436524,0.3673441469669342,0.214133121073246,0.1532110244035721,94.30718231201172,0.5044249296188354,29500.0,7050.0,29500.0
3.8561000777073846e-05,3.8561000777073846e-05,0.018742179870605467,0.35561379194259646,0.21509602665901184,0.14051776230335236,91.828857421875,0.4997329950332642,29550.0,6990.0,29550.0
3.85227837297229e-05,3.85227837297229e-05,0.017116689682006837,0.31374033689498904,0.17711302414536476,0.13662731647491455,96.4569320678711,0.4948729991912842,29600.0,7032.0,29600.0
3.848456668237195e-05,3.848456668237195e-05,0.020390701293945313,0.31989293694496157,0.17950573340058326,0.14038720577955247,94.28409576416016,0.5079734802246094,29650.0,7032.0,29650.0
3.8446349635021006e-05,3.8446349635021006e-05,0.018394780158996583,0.3260226547718048,0.1768522821366787,0.14917037039995193,94.67412567138672,0.5042035579681396,29700.0,7032.0,29700.0
3.840813258767006e-05,3.840813258767006e-05,0.017525553703308105,0.3549572765827179,0.2132945641875267,0.14166271388530732,93.82515716552734,0.4939208745956421,29750.0,7004.0,29750.0
3.836991554031912e-05,3.836991554031912e-05,0.017272114753723145,0.38648542761802673,0.24269378334283828,0.14379164725542068,91.32520294189453,0.49505908489227296,29800.0,7010.0,29800.0
3.8331698492968146e-05,3.8331698492968146e-05,0.01597170829772949,0.3726709395647049,0.23140189796686172,0.14126904010772706,87.55381774902344,0.4909336090087891,29850.0,7026.0,29850.0
3.829348144561719e-05,3.829348144561719e-05,0.01807258129119873,0.3263715833425522,0.18336012065410615,0.1430114597082138,95.0301742553711,0.4993771553039551,29900.0,7036.0,29900.0
3.825526439826629e-05,3.825526439826629e-05,0.019670438766479493,0.33141282200813293,0.20154880434274675,0.12986401244997978,92.1076431274414,0.5053211450576782,29950.0,7009.0,29950.0
3.821704735091535e-05,3.821704735091535e-05,0.017737436294555663,0.3120116665959358,0.1700407676398754,0.14197089821100234,94.64889526367188,0.5005894899368286,30000.0,7054.0,30000.0
3.817883030356441e-05,3.817883030356441e-05,0.015882587432861327,0.3815393209457397,0.23773910328745843,0.14380021542310714,90.370361328125,0.49131886959075927,30050.0,7042.0,30050.0
3.8140613256213475e-05,3.8140613256213475e-05,0.016552114486694337,0.33198500275611875,0.17734898552298545,0.15463601499795915,94.0740966796875,0.49986326694488525,30100.0,7020.0,30100.0
3.810239620886254e-05,3.810239620886254e-05,0.01671478748321533,0.2846165865659714,0.1532529778778553,0.13136360943317413,93.47127532958984,0.4934896230697632,30150.0,7009.0,30150.0
3.80641791615116e-05,3.80641791615116e-05,0.018176579475402833,0.3286732703447342,0.18441155478358268,0.14426171332597731,93.68856048583984,0.5100039482116699,30200.0,7039.0,30200.0
3.802596211416065e-05,3.802596211416065e-05,0.01775193214416504,0.38035409450531005,0.23556267842650414,0.1447914183139801,77.23127746582031,0.5180212020874023,30250.0,7032.0,30250.0
3.798774506680966e-05,3.798774506680966e-05,0.017717719078063965,0.2761497348546982,0.14847446009516715,0.12767527624964714,95.28616333007812,0.5015919208526611,30300.0,7055.0,30300.0
3.794952801945871e-05,3.794952801945871e-05,0.020150041580200194,0.36181548088788984,0.22384233996272088,0.1379731371998787,95.91777801513672,0.5045411109924316,30350.0,7004.0,30350.0
3.791131097210777e-05,3.791131097210777e-05,0.017626357078552247,0.36986508369445803,0.22464585900306702,0.14521922692656516,95.37159729003906,0.5013129472732544,30400.0,7056.0,30400.0
3.787309392475683e-05,3.787309392475683e-05,0.0177886962890625,0.375837130844593,0.23108420744538308,0.1447529301047325,86.22235107421875,0.49982495307922364,30450.0,7033.0,30450.0
3.783487687740587e-05,3.783487687740587e-05,0.01791062355041504,0.3380102038383484,0.19239067062735557,0.14561953395605087,90.93902587890625,0.49530467987060545,30500.0,7020.0,30500.0
3.779665983005493e-05,3.779665983005493e-05,0.016214513778686525,0.36172757148742674,0.21253561303019525,0.1491919592022896,92.181396484375,0.49527227878570557,30550.0,7004.0,30550.0
3.7758442782704e-05,3.7758442782704e-05,0.01926419734954834,0.33507165908813474,0.19397857189178466,0.1410930871963501,95.12419891357422,0.5009899616241456,30600.0,7024.0,30600.0
3.772022573535309e-05,3.772022573535309e-05,0.020446515083312987,0.40482217967510226,0.25567346811294556,0.14914871081709863,86.1120834350586,0.5107203960418701,30650.0,7028.0,30650.0
3.7682008688002164e-05,3.7682008688002164e-05,0.018903398513793947,0.3457153707742691,0.21175199449062349,0.1339633844792843,93.83624267578125,0.5036454677581788,30700.0,7029.0,30700.0
3.764379164065126e-05,3.764379164065126e-05,0.017687344551086427,0.3293123856186867,0.19373246431350707,0.13557992354035378,93.68113708496094,0.49894065856933595,30750.0,7023.0,30750.0
3.7605574593300284e-05,3.7605574593300284e-05,0.017242836952209472,0.3513521522283554,0.19912290573120117,0.15222924798727036,95.21277618408203,0.5019968271255493,30800.0,7055.0,30800.0
3.7567357545949365e-05,3.7567357545949365e-05,0.01901390552520752,0.3452569365501404,0.20127642452716826,0.1439805120229721,93.82962036132812,0.5056721687316894,30850.0,7021.0,30850.0
3.7529140498598405e-05,3.7529140498598405e-05,0.018634772300720213,0.3457309380173683,0.2119298405945301,0.13380109816789626,94.22052001953125,0.4980342149734497,30900.0,7020.0,30900.0
3.749092345124745e-05,3.749092345124745e-05,0.017498302459716796,0.3553995370864868,0.21509290039539336,0.14030663147568703,91.80599975585938,0.4997101783752441,30950.0,7084.0,30950.0
3.745270640389649e-05,3.745270640389649e-05,0.016733479499816895,0.3299671709537506,0.1858590915799141,0.14410808309912682,90.45407104492188,0.4949284553527832,31000.0,7032.0,31000.0
3.741448935654555e-05,3.741448935654555e-05,0.015457630157470703,0.3058310002088547,0.16086414754390715,0.14496685191988945,93.37411499023438,0.49137439727783205,31050.0,7027.0,31050.0
3.7376272309194585e-05,3.7376272309194585e-05,0.01857569217681885,0.328090013563633,0.18712794482707978,0.14096207395195962,93.38837432861328,0.4973707675933838,31100.0,7004.0,31100.0
3.733805526184366e-05,3.733805526184366e-05,0.018444156646728514,0.321243853867054,0.18427340164780617,0.13697044625878335,95.40328216552734,0.5014862537384033,31150.0,6990.0,31150.0
3.72998382144927e-05,3.72998382144927e-05,0.017540860176086425,0.2724034398794174,0.13782189041376114,0.13458155319094658,94.6056137084961,0.4961827516555786,31200.0,7020.0,31200.0
3.726162116714175e-05,3.726162116714175e-05,0.01710653305053711,0.3565015733242035,0.2125435873866081,0.143957981467247,95.3916244506836,0.4920866250991821,31250.0,7030.0,31250.0
3.722340411979081e-05,3.722340411979081e-05,0.017852783203125,0.291450971364975,0.15164655223488807,0.13980441465973853,95.13060760498047,0.499796199798584,31300.0,7015.0,31300.0
3.7185187072439845e-05,3.7185187072439845e-05,0.017840886116027833,0.2982739478349686,0.16670887768268586,0.13156507462263106,91.98106384277344,0.49578351974487306,31350.0,6999.0,31350.0
3.714697002508889e-05,3.714697002508889e-05,0.01757354736328125,0.3141633480787277,0.17810810655355452,0.13605524376034736,93.7018051147461,0.499135422706604,31400.0,7061.0,31400.0
3.710875297773798e-05,3.710875297773798e-05,0.017808294296264647,0.2678164392709732,0.142773524671793,0.12504291608929635,95.8763427734375,0.5114422082901001,31450.0,7012.0,31450.0
3.707053593038708e-05,3.707053593038708e-05,0.019292449951171874,0.3738487482070923,0.22185628563165666,0.15199246257543564,94.01895904541016,0.49488818645477295,31500.0,7074.0,31500.0
3.703231888303615e-05,3.703231888303615e-05,0.01720278263092041,0.3681925818324089,0.22578870877623558,0.1424038790166378,92.33413696289062,0.4983481168746948,31550.0,7037.0,31550.0
3.6994101835685154e-05,3.6994101835685154e-05,0.019043779373168944,0.38825826346874237,0.23462360054254533,0.15363467037677764,86.85502624511719,0.5097342252731323,31600.0,7071.0,31600.0
3.6955884788334193e-05,3.6955884788334193e-05,0.016457557678222656,0.322594153881073,0.18152562603354455,0.14106853157281876,93.52816772460938,0.49373300075531007,31650.0,7057.0,31650.0
3.6917667740983274e-05,3.6917667740983274e-05,0.016993165016174316,0.29078133702278136,0.1599966764450073,0.13078465610742568,96.3685531616211,0.49380996227264407,31700.0,7029.0,31700.0
3.6879450693632314e-05,3.6879450693632314e-05,0.017905545234680176,0.34825072437524796,0.19687938392162324,0.15137134566903115,90.9227523803711,0.49739785194396974,31750.0,7048.0,31750.0
3.684123364628139e-05,3.684123364628139e-05,0.018341612815856934,0.3930713295936584,0.24682021588087083,0.1462511084973812,94.998779296875,0.5006268739700317,31800.0,7050.0,31800.0
3.680301659893046e-05,3.680301659893046e-05,0.019761538505554198,0.34878751039505007,0.19468412846326827,0.15410338044166566,92.41194915771484,0.5095336675643921,31850.0,7021.0,31850.0
3.67647995515795e-05,3.67647995515795e-05,0.018542885780334473,0.35007927417755125,0.205422193557024,0.14465708360075952,94.24282836914062,0.5012669086456298,31900.0,7022.0,31900.0
3.6726582504228575e-05,3.6726582504228575e-05,0.016102313995361328,0.3293042153120041,0.18491229712963103,0.1443919211626053,97.38057708740234,0.49493095874786375,31950.0,7029.0,31950.0
3.668836545687764e-05,3.668836545687764e-05,0.01719040870666504,0.3052512153983116,0.1689726822078228,0.13627853319048883,91.74356079101562,0.49614155292510986,32000.0,7048.0,32000.0
3.6650148409526696e-05,3.6650148409526696e-05,0.017249512672424316,0.36902819722890856,0.2285654827952385,0.14046271219849588,93.2286376953125,0.5000750064849854,32050.0,7026.0,32050.0
3.6611931362175756e-05,3.6611931362175756e-05,0.018964385986328124,0.3020841181278229,0.1587485432624817,0.1433355763554573,94.79861450195312,0.5098875045776368,32100.0,7022.0,32100.0
3.65737143148248e-05,3.65737143148248e-05,0.016947603225708006,0.3449555844068527,0.20483294650912284,0.14012263491749763,94.05106353759766,0.49327683448791504,32150.0,7030.0,32150.0
3.6535497267473904e-05,3.6535497267473904e-05,0.018050670623779297,0.34401519894599913,0.19639539644122123,0.1476198084652424,92.85040283203125,0.5053455829620361,32200.0,7000.0,32200.0
3.649728022012296e-05,3.649728022012296e-05,0.01798083782196045,0.31765455305576323,0.17697337344288827,0.1406811811029911,95.7712173461914,0.5032463788986206,32250.0,7060.0,32250.0
3.6459063172772045e-05,3.6459063172772045e-05,0.01861085891723633,0.31446508765220643,0.17944626063108443,0.13501882553100586,88.59732055664062,0.5189628362655639,32300.0,7010.0,32300.0
3.6420846125421105e-05,3.6420846125421105e-05,0.020315074920654298,0.3394485592842102,0.19975933879613877,0.13968921825289726,91.91075897216797,0.5102288961410523,32350.0,7065.0,32350.0
3.638262907807011e-05,3.638262907807011e-05,0.020763492584228514,0.2774215117096901,0.15802374482154846,0.11939776837825775,95.30622863769531,0.5038388729095459,32400.0,7010.0,32400.0
3.634441203071918e-05,3.634441203071918e-05,0.01858067512512207,0.3274491876363754,0.17814935594797135,0.14929983764886856,95.82213592529297,0.4973394155502319,32450.0,7055.0,32450.0
3.6306194983368265e-05,3.6306194983368265e-05,0.017684459686279297,0.31615987718105315,0.1775425262749195,0.1386173516511917,95.05245208740234,0.4996811866760254,32500.0,7011.0,32500.0
3.626797793601738e-05,3.626797793601738e-05,0.0171539306640625,0.35131265223026276,0.20292193815112114,0.14839071184396743,94.15296936035156,0.4985229730606079,32550.0,7007.0,32550.0
3.6229760888666426e-05,3.6229760888666426e-05,0.017597389221191407,0.32739686965942383,0.1886013388633728,0.13879553005099296,91.85140991210938,0.4990809202194214,32600.0,7001.0,32600.0
3.619154384131548e-05,3.619154384131548e-05,0.017274308204650878,0.3395709156990051,0.18966004699468614,0.1499108701944351,92.76516723632812,0.4981663703918457,32650.0,7006.0,32650.0
3.615332679396454e-05,3.615332679396454e-05,0.01821613311767578,0.31701346933841706,0.16490256115794183,0.15211091041564942,92.8998794555664,0.4996531009674072,32700.0,7029.0,32700.0
3.611510974661359e-05,3.611510974661359e-05,0.020634007453918458,0.29680434465408323,0.1611004054546356,0.13570393845438958,95.48635864257812,0.5070692300796509,32750.0,7018.0,32750.0
3.6076892699262634e-05,3.6076892699262634e-05,0.015592360496520996,0.3410170912742615,0.20164867490530014,0.13936842307448388,93.56189727783203,0.4929032802581787,32800.0,7026.0,32800.0
3.603867565191168e-05,3.603867565191168e-05,0.01621677875518799,0.3070267468690872,0.16930992603302003,0.13771682754158973,92.9268569946289,0.4911501884460449,32850.0,7036.0,32850.0
3.600045860456072e-05,3.600045860456072e-05,0.015507173538208009,0.2894865721464157,0.1555366449058056,0.13394993022084237,96.08433532714844,0.4962512493133545,32900.0,7018.0,32900.0
3.5962241557209774e-05,3.5962241557209774e-05,0.018494653701782226,0.27532853931188583,0.1427828438580036,0.13254569768905639,92.0484390258789,0.5046445846557617,32950.0,7014.0,32950.0
3.592402450985883e-05,3.592402450985883e-05,0.017815756797790527,0.30617812275886536,0.1713746353983879,0.13480348959565164,92.07682800292969,0.5068107366561889,33000.0,6995.0,33000.0
3.588580746250788e-05,3.588580746250788e-05,0.015958333015441896,0.3427030622959137,0.20079972967505455,0.14190333411097528,94.2186279296875,0.500412106513977,33050.0,7030.0,33050.0
3.584759041515695e-05,3.584759041515695e-05,0.01873173713684082,0.29608710706233976,0.1561994396150112,0.1398876689374447,95.0850601196289,0.5045439243316651,33100.0,7030.0,33100.0
3.5809373367805994e-05,3.5809373367805994e-05,0.017028999328613282,0.3058654621243477,0.1632056601345539,0.14265979826450348,91.8839340209961,0.4930207967758179,33150.0,7004.0,33150.0
3.577115632045507e-05,3.577115632045507e-05,0.01863417625427246,0.3501216143369675,0.21858145594596862,0.13154015839099883,89.04765319824219,0.5069526672363281,33200.0,7026.0,33200.0
3.573293927310415e-05,3.573293927310415e-05,0.0168886661529541,0.3202489227056503,0.18005996122956275,0.14018896073102952,95.8582992553711,0.49862673282623293,33250.0,7004.0,33250.0
3.569472222575324e-05,3.569472222575324e-05,0.01873013973236084,0.33102975487709047,0.19002975448966025,0.14100000411272048,90.51416778564453,0.4986098766326904,33300.0,7031.0,33300.0
3.5656505178402296e-05,3.5656505178402296e-05,0.01742403507232666,0.3256709396839142,0.1845104865729809,0.14116045460104942,91.70816802978516,0.503008246421814,33350.0,7032.0,33350.0
3.5618288131051363e-05,3.5618288131051363e-05,0.01905391216278076,0.3438446342945099,0.2047376036643982,0.13910703286528586,93.57344055175781,0.5004504442214965,33400.0,7052.0,33400.0
3.5580071083700397e-05,3.5580071083700397e-05,0.01675994396209717,0.3750849157571793,0.22841839790344237,0.14666651785373688,90.5167007446289,0.4947904109954834,33450.0,7024.0,33450.0
3.554185403634948e-05,3.554185403634948e-05,0.01820988655090332,0.309101527929306,0.179098542034626,0.13000297918915749,92.76367950439453,0.5069382190704346,33500.0,7040.0,33500.0
3.550363698899851e-05,3.550363698899851e-05,0.01748213768005371,0.3574675709009171,0.22005801051855087,0.137409558147192,91.21855163574219,0.49891979694366456,33550.0,7034.0,33550.0
3.5465419941647564e-05,3.5465419941647564e-05,0.017535686492919922,0.3344654396176338,0.18747893795371057,0.14698650017380716,94.40310668945312,0.4990785837173462,33600.0,7019.0,33600.0
3.542720289429663e-05,3.542720289429663e-05,0.017310833930969237,0.334762267768383,0.19526252150535583,0.13949974700808526,92.70109558105469,0.4949167251586914,33650.0,7033.0,33650.0
3.5388985846945705e-05,3.5388985846945705e-05,0.01786501407623291,0.32714631855487825,0.18788075745105742,0.13926556557416916,91.9796142578125,0.5057650804519653,33700.0,7051.0,33700.0
3.535076879959475e-05,3.535076879959475e-05,0.01800827980041504,0.3218351349234581,0.1916041500866413,0.13023098409175873,95.94426727294922,0.5056811094284057,33750.0,7043.0,33750.0
3.531255175224382e-05,3.531255175224382e-05,0.0180999755859375,0.33543336391448975,0.19672081097960473,0.13871255591511727,92.88233184814453,0.49788808822631836,33800.0,7016.0,33800.0
3.5274334704892845e-05,3.5274334704892845e-05,0.01830298900604248,0.3325596496462822,0.19127455204725266,0.14128509685397148,94.20132446289062,0.5115164041519165,33850.0,6990.0,33850.0
3.5236117657541885e-05,3.5236117657541885e-05,0.018812227249145507,0.3027803495526314,0.17481856495141984,0.12796178534626962,93.41230773925781,0.502355432510376,33900.0,7029.0,33900.0
3.519790061019097e-05,3.519790061019097e-05,0.018467140197753907,0.34360361099243164,0.1913625866174698,0.15224102139472961,94.61805725097656,0.5113633871078491,33950.0,7031.0,33950.0
3.515968356284001e-05,3.515968356284001e-05,0.017025136947631837,0.3056382924318314,0.16908345073461534,0.1365548439323902,95.67925262451172,0.4934743881225586,34000.0,7013.0,34000.0
3.512146651548909e-05,3.512146651548909e-05,0.01758737564086914,0.3069473385810852,0.1743117466568947,0.13263559490442275,94.03201293945312,0.5011755943298339,34050.0,7029.0,34050.0
3.50832494681382e-05,3.50832494681382e-05,0.018743252754211424,0.33917478919029237,0.19803721234202384,0.14113757759332657,92.30294036865234,0.5049686193466186,34100.0,7028.0,34100.0
3.504503242078726e-05,3.504503242078726e-05,0.018684792518615722,0.3598730131983757,0.20747933760285378,0.1523936741054058,94.0938491821289,0.50933678150177,34150.0,7082.0,34150.0
3.500681537343631e-05,3.500681537343631e-05,0.01783719062805176,0.33421412408351897,0.18287169113755225,0.1513424299657345,93.57386016845703,0.4979595899581909,34200.0,7074.0,34200.0
3.496859832608536e-05,3.496859832608536e-05,0.01965014934539795,0.35074188411235807,0.20298896357417107,0.14775292053818703,95.9309310913086,0.5252308130264283,34250.0,7048.0,34250.0
3.4930381278734435e-05,3.4930381278734435e-05,0.017339420318603516,0.3163706988096237,0.17111349999904632,0.1452572003006935,94.22427368164062,0.5003295183181763,34300.0,7022.0,34300.0
3.489216423138345e-05,3.489216423138345e-05,0.019403505325317382,0.3284953311085701,0.19693308174610138,0.13156225383281708,95.1944580078125,0.5050242185592652,34350.0,7024.0,34350.0
3.4853947184032535e-05,3.4853947184032535e-05,0.01870114803314209,0.31339026242494583,0.18623081371188163,0.1271594434976578,95.6208267211914,0.5060602188110351,34400.0,7038.0,34400.0
3.4815730136681575e-05,3.4815730136681575e-05,0.01882328987121582,0.35316450595855714,0.20846941769123079,0.14469509050250054,96.04473114013672,0.49964745044708253,34450.0,7038.0,34450.0
3.4777513089330615e-05,3.4777513089330615e-05,0.01693758964538574,0.3058785006403923,0.1733270727097988,0.13255142644047738,95.32894897460938,0.4946481704711914,34500.0,7020.0,34500.0
3.473929604197968e-05,3.473929604197968e-05,0.01677210330963135,0.3528025060892105,0.20392630770802497,0.14887620657682418,96.82972717285156,0.5000634908676147,34550.0,7033.0,34550.0
3.470107899462874e-05,3.470107899462874e-05,0.017238783836364745,0.28241077065467834,0.14989743754267693,0.13251333609223365,92.97968292236328,0.49656965732574465,34600.0,7058.0,34600.0
3.4662861947277775e-05,3.4662861947277775e-05,0.016706156730651855,0.30764059275388717,0.17158448770642282,0.1360560990869999,91.54743194580078,0.4998922348022461,34650.0,7003.0,34650.0
3.4624644899926835e-05,3.4624644899926835e-05,0.018319058418273925,0.33457356989383696,0.19093576371669768,0.1436378039419651,95.26679229736328,0.5013879776000977,34700.0,7022.0,34700.0
3.4586427852575855e-05,3.4586427852575855e-05,0.018169116973876954,0.342876672744751,0.20064916908740998,0.14222750142216684,95.33717346191406,0.5011998653411865,34750.0,7025.0,34750.0
3.45482108052249e-05,3.45482108052249e-05,0.01728050708770752,0.32948575615882875,0.1918577544391155,0.1376280039548874,96.1346435546875,0.4974529504776001,34800.0,7032.0,34800.0
3.450999375787397e-05,3.450999375787397e-05,0.018657779693603514,0.30786127150058745,0.16785118877887725,0.14001007601618767,94.0271224975586,0.508628249168396,34850.0,7038.0,34850.0
3.4471776710523036e-05,3.4471776710523036e-05,0.01635158061981201,0.3459716081619263,0.19355722814798354,0.15241437628865243,88.37194061279297,0.49494147300720215,34900.0,7045.0,34900.0
3.443355966317209e-05,3.443355966317209e-05,0.01854379177093506,0.3196392089128494,0.18481650501489638,0.13482269942760466,95.55410766601562,0.4998753070831299,34950.0,6976.0,34950.0
3.439534261582114e-05,3.439534261582114e-05,0.016774773597717285,0.3599724113941193,0.21616189032793046,0.14381052628159524,93.22090911865234,0.4974315643310547,35000.0,7030.0,35000.0
3.4357125568470196e-05,3.4357125568470196e-05,0.016922926902770995,0.3599098682403564,0.22092795372009277,0.1389819197356701,94.64666748046875,0.4978103399276733,35050.0,7030.0,35050.0
3.431890852111926e-05,3.431890852111926e-05,0.018000531196594238,0.29692474454641343,0.16310027465224267,0.13382447585463525,92.90340423583984,0.4973054647445679,35100.0,7019.0,35100.0
3.4280691473768323e-05,3.4280691473768323e-05,0.017609500885009767,0.27064472287893293,0.13724758550524713,0.13339713737368583,95.49346923828125,0.5150084495544434,35150.0,6990.0,35150.0
3.424247442641734e-05,3.424247442641734e-05,0.016435885429382326,0.3149542987346649,0.17357388362288476,0.14138041362166404,97.30162048339844,0.4996157646179199,35200.0,6989.0,35200.0
3.4204257379066376e-05,3.4204257379066376e-05,0.01960909366607666,0.33704945147037507,0.20237224996089936,0.13467720299959182,91.37226867675781,0.5099004507064819,35250.0,7002.0,35250.0
3.416604033171543e-05,3.416604033171543e-05,0.017202281951904298,0.28041656166315077,0.1485760673880577,0.1318404920399189,93.95829772949219,0.49414150714874266,35300.0,7059.0,35300.0
3.4127823284364503e-05,3.4127823284364503e-05,0.020111775398254393,0.3248638123273849,0.18654680997133255,0.1383170008659363,92.34618377685547,0.5147648572921752,35350.0,7024.0,35350.0
3.408960623701356e-05,3.408960623701356e-05,0.020337224006652832,0.32604365050792694,0.18622297197580337,0.13982067331671716,93.92737579345703,0.5173479795455933,35400.0,7025.0,35400.0
3.405138918966258e-05,3.405138918966258e-05,0.021013331413269044,0.3090096592903137,0.16692724749445914,0.14208240658044816,95.73837280273438,0.5136306762695313,35450.0,7055.0,35450.0
3.401317214231166e-05,3.401317214231166e-05,0.018838167190551758,0.34678381085395815,0.2042040556669235,0.14257975295186043,94.5628890991211,0.5004489898681641,35500.0,7046.0,35500.0
3.39749550949607e-05,3.39749550949607e-05,0.017833447456359862,0.34250506311655043,0.20518528521060944,0.13731978237628936,94.2302017211914,0.49914848804473877,35550.0,7027.0,35550.0
3.3936738047609723e-05,3.3936738047609723e-05,0.01722550392150879,0.3570011377334595,0.22055339962244033,0.13644773587584497,93.40689849853516,0.49422810077667234,35600.0,7062.0,35600.0
3.389852100025876e-05,3.389852100025876e-05,0.01804823875427246,0.317695340514183,0.18864188343286514,0.12905345633625984,92.55004119873047,0.49978773593902587,35650.0,7017.0,35650.0
3.386030395290785e-05,3.386030395290785e-05,0.01646275520324707,0.3320458739995956,0.19014038443565368,0.14190549030900002,92.96284484863281,0.504537844657898,35700.0,7013.0,35700.0
3.3822086905556904e-05,3.3822086905556904e-05,0.01727142333984375,0.3074132174253464,0.1775571584701538,0.12985605448484422,94.95018005371094,0.5035274267196655,35750.0,7018.0,35750.0
3.3783869858205964e-05,3.3783869858205964e-05,0.018132495880126952,0.317915515601635,0.17769377827644348,0.14022173807024957,96.32090759277344,0.49900858402252196,35800.0,7036.0,35800.0
3.374565281085506e-05,3.374565281085506e-05,0.017376232147216796,0.35372131764888765,0.20922159999608994,0.1444997198879719,95.18966674804688,0.5005535840988159,35850.0,7048.0,35850.0
3.3707435763504105e-05,3.3707435763504105e-05,0.01857614517211914,0.322431580722332,0.1852702207863331,0.13716135546565056,93.5497055053711,0.49934043884277346,35900.0,6991.0,35900.0
3.366921871615316e-05,3.366921871615316e-05,0.01961667537689209,0.3370548695325851,0.19145285338163376,0.14560201466083528,94.56591796875,0.5001706838607788,35950.0,7003.0,35950.0
3.3631001668802246e-05,3.3631001668802246e-05,0.018435168266296386,0.31215894818305967,0.1803024210035801,0.13185653164982797,94.43289184570312,0.5000775098800659,36000.0,7034.0,36000.0
3.3592784621451306e-05,3.3592784621451306e-05,0.018258166313171387,0.33037389665842054,0.19348547607660294,0.13688841983675956,94.61234283447266,0.5096707820892334,36050.0,7034.0,36050.0
3.355456757410037e-05,3.355456757410037e-05,0.01917233467102051,0.31861634701490404,0.18133535608649254,0.13728099092841148,97.80152130126953,0.5085907220840454,36100.0,7049.0,36100.0
3.351635052674943e-05,3.351635052674943e-05,0.01887850761413574,0.32765290290117266,0.19290598779916762,0.13474691286683083,86.10382843017578,0.5048556566238404,36150.0,7012.0,36150.0
3.347813347939848e-05,3.347813347939848e-05,0.015715742111206056,0.3033233001828194,0.16425547301769255,0.13906783238053322,94.38960266113281,0.4902245283126831,36200.0,7061.0,36200.0
3.3439916432047534e-05,3.3439916432047534e-05,0.017667984962463378,0.36883081793785094,0.22862477228045464,0.14020604714751245,92.91433715820312,0.5027712106704711,36250.0,7022.0,36250.0
3.340169938469657e-05,3.340169938469657e-05,0.016895604133605958,0.30065583884716035,0.16055245101451873,0.14010339006781578,93.7954330444336,0.500230860710144,36300.0,6996.0,36300.0
3.336348233734562e-05,3.336348233734562e-05,0.016586995124816893,0.29712360054254533,0.16330914348363876,0.13381446227431298,92.81843566894531,0.4987593173980713,36350.0,6995.0,36350.0
3.332526528999465e-05,3.332526528999465e-05,0.020159316062927247,0.3413412764668465,0.1951594740152359,0.14618179947137833,93.8398666381836,0.51612389087677,36400.0,7063.0,36400.0
3.3287048242643694e-05,3.3287048242643694e-05,0.01863729953765869,0.34182059168815615,0.20750107914209365,0.13431951478123666,92.83235931396484,0.5024996995925903,36450.0,7012.0,36450.0
3.324883119529275e-05,3.324883119529275e-05,0.018891429901123045,0.3502224415540695,0.20892895758152008,0.14129348918795587,93.95543670654297,0.5063306093215942,36500.0,7022.0,36500.0
3.321061414794177e-05,3.321061414794177e-05,0.019372725486755372,0.32587630301713943,0.18209164440631867,0.14378465861082076,92.76362609863281,0.5142096757888794,36550.0,7022.0,36550.0
3.3172397100590854e-05,3.3172397100590854e-05,0.0201519250869751,0.3059877440333366,0.1687849961221218,0.13720274865627288,93.62068176269531,0.5108442068099975,36600.0,7038.0,36600.0
3.31341800532399e-05,3.31341800532399e-05,0.017798852920532227,0.3205903932452202,0.19575660303235054,0.12483378872275352,91.92113494873047,0.5030444145202637,36650.0,7019.0,36650.0
3.3095963005888954e-05,3.3095963005888954e-05,0.01771385669708252,0.3136563166975975,0.17172447741031646,0.14193183854222297,95.99820709228516,0.5208863019943237,36700.0,7039.0,36700.0
3.305774595853799e-05,3.305774595853799e-05,0.017424702644348145,0.28497169613838197,0.15193292424082755,0.13303876891732216,93.62071228027344,0.49611673355102537,36750.0,6999.0,36750.0
3.301952891118701e-05,3.301952891118701e-05,0.018025970458984374,0.2881675764918327,0.15807283595204352,0.1300947353243828,94.23410034179688,0.49948692321777344,36800.0,7029.0,36800.0
3.298131186383608e-05,3.298131186383608e-05,0.016719341278076172,0.2946774363517761,0.15288561284542085,0.14179181978106498,96.90990447998047,0.500390625,36850.0,7066.0,36850.0
3.294309481648513e-05,3.294309481648513e-05,0.016841864585876463,0.29616664350032806,0.1517992816865444,0.14436736032366754,94.36921691894531,0.5006654500961304,36900.0,7025.0,36900.0
3.290487776913419e-05,3.290487776913419e-05,0.019869136810302734,0.31888595819473264,0.1731422707438469,0.14574368819594383,95.7503890991211,0.5021816968917847,36950.0,7033.0,36950.0
3.2866660721783234e-05,3.2866660721783234e-05,0.017975759506225587,0.31954032480716704,0.1781864993274212,0.1413538247346878,94.68675994873047,0.49799654483795164,37000.0,7039.0,37000.0
3.2828443674432315e-05,3.2828443674432315e-05,0.015594267845153808,0.34815784096717833,0.20447153821587563,0.14368631020188333,93.11944580078125,0.4877841234207153,37050.0,7003.0,37050.0
3.279022662708136e-05,3.279022662708136e-05,0.01621739864349365,0.34014267325401304,0.19875016286969185,0.14139251708984374,91.8078384399414,0.4996367931365967,37100.0,7003.0,37100.0
3.2752009579730436e-05,3.2752009579730436e-05,0.0190537691116333,0.3058604747056961,0.173238080739975,0.13262239024043082,94.484375,0.5080881357192993,37150.0,7020.0,37150.0
3.271379253237951e-05,3.271379253237951e-05,0.016059732437133788,0.3198323130607605,0.18655653595924376,0.13327578231692314,93.75765991210938,0.49374630451202395,37200.0,7010.0,37200.0
3.267557548502861e-05,3.267557548502861e-05,0.018033647537231447,0.3315752953290939,0.19408562034368515,0.13748967424035072,92.72273254394531,0.4952598810195923,37250.0,7024.0,37250.0
3.263735843767766e-05,3.263735843767766e-05,0.017377734184265137,0.29444023221731186,0.15957877039909363,0.1348614625632763,96.53215026855469,0.49433608055114747,37300.0,7005.0,37300.0
3.2599141390326744e-05,3.2599141390326744e-05,0.01781153678894043,0.3932529389858246,0.24390018731355667,0.14935275688767433,94.35250091552734,0.49304206371307374,37350.0,7066.0,37350.0
3.256092434297579e-05,3.256092434297579e-05,0.017318463325500487,0.33581320345401766,0.19758397936820984,0.13822922483086586,92.0225601196289,0.5025923490524292,37400.0,7027.0,37400.0
3.252270729562485e-05,3.252270729562485e-05,0.017136693000793457,0.3094160720705986,0.1671149618923664,0.1423011116683483,95.24037170410156,0.4992953300476074,37450.0,7010.0,37450.0
3.248449024827394e-05,3.248449024827394e-05,0.021278691291809083,0.3471822336316109,0.20719561874866485,0.13998661786317826,90.64077758789062,0.508022403717041,37500.0,7007.0,37500.0
3.2446273200922965e-05,3.2446273200922965e-05,0.01773092746734619,0.2942981258034706,0.15056928023695945,0.1437288448214531,95.72735595703125,0.5013603687286377,37550.0,7013.0,37550.0
3.240805615357202e-05,3.240805615357202e-05,0.016709518432617188,0.35680481493473054,0.21154893785715104,0.14525587856769562,94.59597778320312,0.4943068504333496,37600.0,7027.0,37600.0
3.2369839106221045e-05,3.2369839106221045e-05,0.017946815490722655,0.3380192220211029,0.19783768206834793,0.1401815392076969,95.67994689941406,0.5105434656143188,37650.0,7025.0,37650.0
3.2331622058870105e-05,3.2331622058870105e-05,0.017914319038391115,0.27607307136058806,0.1522580049932003,0.12381507307291031,92.49665069580078,0.5003173351287842,37700.0,6988.0,37700.0
3.2293405011519186e-05,3.2293405011519186e-05,0.018320608139038085,0.2983880788087845,0.16772234588861465,0.13066573143005372,96.04212188720703,0.496630597114563,37750.0,7030.0,37750.0
3.225518796416825e-05,3.225518796416825e-05,0.016442584991455077,0.3686209708452225,0.23468972221016884,0.1339312493801117,95.8731689453125,0.49298532009124757,37800.0,6976.0,37800.0
3.2216970916817306e-05,3.2216970916817306e-05,0.0172774076461792,0.2924007698893547,0.16176088899374008,0.13063988089561462,93.6956787109375,0.49294941425323485,37850.0,7039.0,37850.0
3.217875386946637e-05,3.217875386946637e-05,0.01788806915283203,0.3194978773593903,0.16695325672626496,0.15254461839795114,95.9169921875,0.5066626787185669,37900.0,7026.0,37900.0
3.21405368221154e-05,3.21405368221154e-05,0.01726384162902832,0.2886261224746704,0.16138316839933395,0.12724295035004615,94.47113800048828,0.4975006580352783,37950.0,7014.0,37950.0
3.210231977476443e-05,3.210231977476443e-05,0.016941022872924805,0.28465611934661866,0.15329036712646485,0.13136575520038604,96.702880859375,0.5062503576278686,38000.0,7005.0,38000.0
3.206410272741353e-05,3.206410272741353e-05,0.015836644172668456,0.29232206642627717,0.1637561537325382,0.1285659156739712,97.07731628417969,0.4938822269439697,38050.0,7063.0,38050.0
3.20258856800626e-05,3.20258856800626e-05,0.018570923805236818,0.3049022853374481,0.1725001074373722,0.13240217939019203,92.76728820800781,0.5021279811859131,38100.0,7049.0,38100.0
3.198766863271164e-05,3.198766863271164e-05,0.019015812873840333,0.3313114523887634,0.1948966197669506,0.1364148274064064,94.68534088134766,0.5068784713745117,38150.0,7026.0,38150.0
3.19494515853607e-05,3.19494515853607e-05,0.019274806976318358,0.328520929813385,0.20456260591745376,0.12395832017064094,97.2486801147461,0.5024683237075805,38200.0,7009.0,38200.0
3.191123453800979e-05,3.191123453800979e-05,0.0176846981048584,0.37160385847091676,0.23344410955905914,0.13815974816679955,92.932373046875,0.4983192443847656,38250.0,6997.0,38250.0
3.187301749065882e-05,3.187301749065882e-05,0.01687018871307373,0.30292358696460725,0.15203989818692207,0.15088368877768515,92.6663818359375,0.49602794647216797,38300.0,7015.0,38300.0
3.183480044330787e-05,3.183480044330787e-05,0.018361639976501466,0.32233259081840515,0.19282465875148774,0.12950793132185937,93.82162475585938,0.49693343639373777,38350.0,7017.0,38350.0
3.1796583395956915e-05,3.1796583395956915e-05,0.01856985092163086,0.3445892661809921,0.20122634768486022,0.1433629184961319,89.17909240722656,0.5150601625442505,38400.0,7004.0,38400.0
3.1758366348605996e-05,3.1758366348605996e-05,0.019639301300048827,0.31257926523685453,0.17326429039239882,0.13931497260928155,92.33030700683594,0.5148525238037109,38450.0,7023.0,38450.0
3.172014930125505e-05,3.172014930125505e-05,0.016266131401062013,0.2968429088592529,0.16233024522662162,0.13451266288757324,96.26554107666016,0.4970090866088867,38500.0,7029.0,38500.0
3.168193225390409e-05,3.168193225390409e-05,0.018540835380554198,0.31200225502252577,0.17307045459747314,0.1389317989349365,94.54475402832031,0.52342209815979,38550.0,7039.0,38550.0
3.1643715206553115e-05,3.1643715206553115e-05,0.0189788818359375,0.3331950157880783,0.1938370831310749,0.13935793489217757,96.60391235351562,0.5050634860992431,38600.0,7024.0,38600.0
3.1605498159202176e-05,3.1605498159202176e-05,0.016608452796936034,0.3153374657034874,0.18530827462673188,0.13002919182181358,92.52360534667969,0.4943941593170166,38650.0,7035.0,38650.0
3.156728111185123e-05,3.156728111185123e-05,0.01830594539642334,0.3038987010717392,0.16452463418245317,0.1393740653991699,95.00515747070312,0.511249589920044,38700.0,7032.0,38700.0
3.152906406450028e-05,3.152906406450028e-05,0.016157913208007812,0.3016977995634079,0.1745837837457657,0.1271140120923519,93.12769317626953,0.4926606178283691,38750.0,7056.0,38750.0
3.149084701714929e-05,3.149084701714929e-05,0.018593096733093263,0.33073488175868987,0.19038020670413972,0.1403546743094921,93.34964752197266,0.5029316425323487,38800.0,7009.0,38800.0
3.145262996979836e-05,3.145262996979836e-05,0.017560362815856934,0.29968300759792327,0.16934141218662263,0.13034159317612648,95.40228271484375,0.4980188846588135,38850.0,7009.0,38850.0
3.141441292244741e-05,3.141441292244741e-05,0.019692087173461915,0.3600224643945694,0.21731879487633704,0.1427036665380001,94.97955322265625,0.5034142971038819,38900.0,7010.0,38900.0
3.1376195875096496e-05,3.1376195875096496e-05,0.01876852512359619,0.31879792660474776,0.17815484032034873,0.14064308479428292,91.24964141845703,0.517347264289856,38950.0,7045.0,38950.0
3.1337978827745584e-05,3.1337978827745584e-05,0.01851365566253662,0.3019221663475037,0.1672642819583416,0.13465788438916207,95.90009307861328,0.5056739568710327,39000.0,7033.0,39000.0
3.129976178039465e-05,3.129976178039465e-05,0.01866803169250488,0.3629808992147446,0.2178715616464615,0.14510933607816695,92.30447387695312,0.5034126996994018,39050.0,7005.0,39050.0
3.126154473304371e-05,3.126154473304371e-05,0.01705749034881592,0.33265402019023893,0.19811537861824036,0.1345386438071728,95.14717864990234,0.4949939489364624,39100.0,7002.0,39100.0
3.122332768569274e-05,3.122332768569274e-05,0.019020342826843263,0.285238279402256,0.146672011166811,0.13856627345085143,96.53184509277344,0.5022491693496705,39150.0,7050.0,39150.0
3.118511063834179e-05,3.118511063834179e-05,0.01626410484313965,0.30886500477790835,0.16652003601193427,0.14234497025609016,93.96640014648438,0.4988812685012817,39200.0,7002.0,39200.0
3.114689359099083e-05,3.114689359099083e-05,0.01690540313720703,0.30981226563453673,0.16533530205488206,0.1444769598543644,94.2946548461914,0.49790909290313723,39250.0,7029.0,39250.0
3.1108676543639945e-05,3.1108676543639945e-05,0.017824816703796386,0.3125207632780075,0.17928290814161302,0.13323785439133645,93.33364868164062,0.5044666767120362,39300.0,7024.0,39300.0
3.1070459496288985e-05,3.1070459496288985e-05,0.01791090965270996,0.3284876629710197,0.19012512713670732,0.13836253732442855,88.27374267578125,0.5043943881988525,39350.0,7042.0,39350.0
3.1032242448938066e-05,3.1032242448938066e-05,0.019815635681152344,0.32619608044624326,0.18960993736982346,0.13658614531159402,97.19786071777344,0.5010123014450073,39400.0,7002.0,39400.0
3.0994025401587085e-05,3.0994025401587085e-05,0.01864924430847168,0.33195696622133253,0.19367727786302566,0.13827968388795853,92.3673324584961,0.4971257209777832,39450.0,7032.0,39450.0
3.0955808354236146e-05,3.0955808354236146e-05,0.01932806968688965,0.3420398473739624,0.20901431366801262,0.13302552923560143,92.15034484863281,0.5088094472885132,39500.0,7022.0,39500.0
3.0917591306885165e-05,3.0917591306885165e-05,0.016185235977172852,0.3083193153142929,0.17255387976765632,0.13576543480157852,96.2530746459961,0.49844722747802733,39550.0,7017.0,39550.0
3.087937425953426e-05,3.087937425953426e-05,0.01681356430053711,0.32075285762548444,0.18947233110666276,0.1312805287539959,93.14360046386719,0.4935710906982422,39600.0,7013.0,39600.0
3.084115721218332e-05,3.084115721218332e-05,0.01656839847564697,0.3072798281908035,0.17229487523436546,0.13498494997620583,94.02643585205078,0.4954057216644287,39650.0,7023.0,39650.0
3.080294016483237e-05,3.080294016483237e-05,0.01724112033843994,0.33145216256380083,0.19484240859746932,0.13660975992679597,94.21520233154297,0.4966847896575928,39700.0,7025.0,39700.0
3.076472311748143e-05,3.076472311748143e-05,0.015729236602783202,0.32406411319971085,0.19300859048962593,0.1310555212199688,91.56244659423828,0.48974578380584716,39750.0,7008.0,39750.0
3.072650607013049e-05,3.072650607013049e-05,0.016167068481445314,0.3269099846482277,0.1966262586414814,0.13028372675180436,94.94413757324219,0.49272804260253905,39800.0,7012.0,39800.0
3.068828902277959e-05,3.068828902277959e-05,0.017275333404541016,0.27089947313070295,0.13953595981001854,0.13136351779103278,95.61151123046875,0.5017486572265625,39850.0,7033.0,39850.0
3.065007197542862e-05,3.065007197542862e-05,0.018274903297424316,0.31120177507400515,0.17702553756535053,0.13417624086141586,89.01821899414062,0.5231677770614624,39900.0,7004.0,39900.0
3.06118549280777e-05,3.06118549280777e-05,0.019132781028747558,0.3187646597623825,0.1772393062710762,0.14152535274624825,95.53998565673828,0.5053967475891114,39950.0,7013.0,39950.0
3.057363788072679e-05,3.057363788072679e-05,0.01774270534515381,0.2781658127903938,0.15742718577384948,0.12073862478137017,93.643798828125,0.49605748653411863,40000.0,7039.0,40000.0
3.0535420833375815e-05,3.0535420833375815e-05,0.019299817085266114,0.2826460421085358,0.16047897338867187,0.12216707095503807,95.17317962646484,0.5085369110107422,40050.0,7034.0,40050.0
3.0497203786024893e-05,3.0497203786024893e-05,0.019097661972045897,0.2733409494161606,0.1467478021979332,0.1265931524336338,97.24532318115234,0.5076320886611938,40100.0,7001.0,40100.0
3.0458986738673993e-05,3.0458986738673993e-05,0.019254517555236817,0.29518415927886965,0.158831699937582,0.1363524541258812,94.06798553466797,0.5016897678375244,40150.0,7001.0,40150.0
3.0420769691323094e-05,3.0420769691323094e-05,0.019996118545532227,0.33743424862623217,0.19781166538596154,0.13962258622050286,89.59616088867188,0.5053208112716675,40200.0,7026.0,40200.0
3.0382552643972185e-05,3.0382552643972185e-05,0.019146013259887695,0.303155480325222,0.1701166808605194,0.13303880095481874,93.57881927490234,0.5049635410308838,40250.0,7000.0,40250.0
3.0344335596621273e-05,3.0344335596621273e-05,0.019073009490966797,0.347041580080986,0.20188475921750068,0.14515682086348533,96.56182861328125,0.5011615514755249,40300.0,7006.0,40300.0
3.030611854927038e-05,3.030611854927038e-05,0.020421385765075684,0.3377751648426056,0.19823772385716437,0.1395374432206154,95.10603332519531,0.5137623071670532,40350.0,7063.0,40350.0
3.026790150191945e-05,3.026790150191945e-05,0.01763429641723633,0.2942164480686188,0.1686728462576866,0.12554360255599023,95.652099609375,0.499330472946167,40400.0,7014.0,40400.0
3.0229684454568555e-05,3.0229684454568555e-05,0.01833670139312744,0.2906367391347885,0.14901683777570723,0.1416198991239071,95.12093353271484,0.51298987865448,40450.0,7019.0,40450.0
3.0191467407217652e-05,3.0191467407217652e-05,0.01755645275115967,0.32861465513706206,0.19093085080385208,0.13768380358815194,96.61698913574219,0.49472501277923586,40500.0,7026.0,40500.0
3.0153250359866747e-05,3.0153250359866747e-05,0.01767127513885498,0.35074545741081237,0.19364726543426514,0.15709820091724397,94.92108917236328,0.5093148231506348,40550.0,7045.0,40550.0
3.0115033312515844e-05,3.0115033312515844e-05,0.017218637466430663,0.3445319503545761,0.19844802394509314,0.1460839331150055,95.1600341796875,0.5003168106079101,40600.0,7035.0,40600.0
3.007681626516494e-05,3.007681626516494e-05,0.018865633010864257,0.3207710474729538,0.18944504708051682,0.13132600113749504,95.87783813476562,0.5172518253326416,40650.0,7050.0,40650.0
3.0038599217814043e-05,3.0038599217814043e-05,0.019229865074157713,0.3034963458776474,0.17426406666636468,0.1292322762310505,90.90493774414062,0.5154917001724243,40700.0,7054.0,40700.0
3.0000382170463137e-05,3.0000382170463137e-05,0.018598437309265137,0.32342287600040437,0.192388803511858,0.13103407695889474,95.6571044921875,0.49858334064483645,40750.0,7031.0,40750.0
2.9962165123112227e-05,2.9962165123112227e-05,0.018536019325256347,0.2850939199328423,0.15262409895658494,0.1324698209762573,95.681640625,0.5033822298049927,40800.0,7035.0,40800.0
2.9923948075761335e-05,2.9923948075761335e-05,0.02014603614807129,0.31214953064918516,0.17304383218288422,0.13910569474101067,94.08783721923828,0.5033417463302612,40850.0,7031.0,40850.0
2.988573102841042e-05,2.988573102841042e-05,0.018037176132202147,0.2771514534950256,0.13996052294969558,0.13719092980027198,93.72537994384766,0.5116837739944458,40900.0,7029.0,40900.0
2.984751398105951e-05,2.984751398105951e-05,0.017112588882446288,0.3058922320604324,0.16684500426054,0.13904722779989243,88.91741943359375,0.5006485939025879,40950.0,7003.0,40950.0
2.9809296933708604e-05,2.9809296933708604e-05,0.01942603588104248,0.32947144508361814,0.18948473855853082,0.13998670876026154,93.97406005859375,0.4995653390884399,41000.0,7023.0,41000.0
2.9771079886357685e-05,2.9771079886357685e-05,0.019271659851074218,0.27203280925750734,0.1458495929837227,0.12618321217596531,93.96295166015625,0.5009582757949829,41050.0,7020.0,41050.0
2.9732862839006775e-05,2.9732862839006775e-05,0.018254184722900392,0.2685489684343338,0.15047742202877998,0.11807154715061188,95.52554321289062,0.508912467956543,41100.0,7037.0,41100.0
2.969464579165587e-05,2.969464579165587e-05,0.01727128028869629,0.3309010535478592,0.1972532369196415,0.13364781439304352,93.8886489868164,0.49686784744262696,41150.0,7019.0,41150.0
2.9656428744304947e-05,2.9656428744304947e-05,0.019101333618164063,0.29660818725824356,0.15959467887878417,0.13701350539922713,94.73169708251953,0.5131497859954834,41200.0,7030.0,41200.0
2.9618211696954048e-05,2.9618211696954048e-05,0.017026948928833007,0.29744857251644136,0.16230101585388185,0.13514755442738532,94.92835235595703,0.4959540843963623,41250.0,7019.0,41250.0
2.957999464960314e-05,2.957999464960314e-05,0.017798542976379395,0.33382497280836104,0.1936250574886799,0.1401999108493328,89.47648620605469,0.517635703086853,41300.0,6995.0,41300.0
2.954177760225224e-05,2.954177760225224e-05,0.01778411865234375,0.302694371342659,0.1763253130018711,0.12636906132102013,94.77601623535156,0.507135558128357,41350.0,7028.0,41350.0
2.9503560554901323e-05,2.9503560554901323e-05,0.017696905136108398,0.3661507651209831,0.22879819795489312,0.13735256120562553,83.0878677368164,0.5012401342391968,41400.0,6988.0,41400.0
2.9465343507550424e-05,2.9465343507550424e-05,0.017821025848388673,0.2771086111664772,0.14124709814786912,0.13586151823401452,96.12333679199219,0.515062403678894,41450.0,7035.0,41450.0
2.94271264601995e-05,2.94271264601995e-05,0.017156600952148438,0.339666610956192,0.2013399302959442,0.13832667768001555,96.65509796142578,0.4962358236312866,41500.0,7027.0,41500.0
2.9388909412848596e-05,2.9388909412848596e-05,0.018097186088562013,0.36641776412725446,0.22972670644521714,0.13669105544686316,87.69740295410156,0.49795217514038087,41550.0,7024.0,41550.0
2.9350692365497696e-05,2.9350692365497696e-05,0.019583535194396973,0.3245629072189331,0.18069054931402206,0.14387235566973686,95.95374298095703,0.5050547838211059,41600.0,7065.0,41600.0
2.9312475318146777e-05,2.9312475318146777e-05,0.01743321418762207,0.30047775208950045,0.1704863503575325,0.12999140545725824,93.75914764404297,0.49597303867340087,41650.0,6995.0,41650.0
2.9274258270795878e-05,2.9274258270795878e-05,0.01784365177154541,0.28742387890815735,0.15620759055018424,0.13121628537774085,95.22053527832031,0.49884786605834963,41700.0,7015.0,41700.0
2.923604122344498e-05,2.923604122344498e-05,0.021876001358032228,0.31425251215696337,0.18342884853482247,0.13082366660237313,93.99185943603516,0.5060977220535279,41750.0,7013.0,41750.0
2.919782417609407e-05,2.919782417609407e-05,0.01986854076385498,0.31637691855430605,0.18644362986087798,0.12993329018354416,94.14329528808594,0.49897940158843995,41800.0,7024.0,41800.0
2.9159607128743154e-05,2.9159607128743154e-05,0.017176032066345215,0.32355798333883284,0.18325506150722504,0.14030292332172395,95.3561019897461,0.495897102355957,41850.0,7007.0,41850.0
2.9121390081392244e-05,2.9121390081392244e-05,0.017243671417236327,0.31168556213378906,0.17970994487404823,0.13197561278939246,94.91590881347656,0.49812562465667726,41900.0,7025.0,41900.0
2.908317303404135e-05,2.908317303404135e-05,0.017590999603271484,0.2923919975757599,0.16412811130285263,0.12826388627290725,95.50664520263672,0.499894905090332,41950.0,7044.0,41950.0
2.9044955986690446e-05,2.9044955986690446e-05,0.017967081069946288,0.2932774215936661,0.1503979153931141,0.14287950545549394,93.90245056152344,0.5035049676895141,42000.0,7026.0,42000.0
2.900673893933954e-05,2.900673893933954e-05,0.01794431209564209,0.33141458928585055,0.19267148226499559,0.13874310180544852,95.14434051513672,0.4946966886520386,42050.0,7064.0,42050.0
2.8968521891988645e-05,2.8968521891988645e-05,0.018297505378723145,0.3383293077349663,0.20290573090314865,0.13542357906699182,94.50584411621094,0.5214492559432984,42100.0,7020.0,42100.0
2.893030484463774e-05,2.893030484463774e-05,0.017858433723449706,0.3258420258760452,0.18503206521272658,0.14080995991826056,92.27665710449219,0.5086758852005004,42150.0,7045.0,42150.0
2.8892087797286823e-05,2.8892087797286823e-05,0.018199563026428223,0.3166854202747345,0.17742592096328735,0.13925950452685357,95.95248413085938,0.4984779357910156,42200.0,7039.0,42200.0
2.8853870749935913e-05,2.8853870749935913e-05,0.017350935935974122,0.3515602469444275,0.20949568673968316,0.14206456393003464,88.40367889404297,0.4961176872253418,42250.0,7024.0,42250.0
2.8815653702584997e-05,2.8815653702584997e-05,0.01937568187713623,0.29987128674983976,0.16642675176262856,0.13344453498721123,94.47024536132812,0.5102514028549194,42300.0,7032.0,42300.0
2.8777436655234078e-05,2.8777436655234078e-05,0.019062376022338866,0.28423886001110077,0.15374950766563417,0.1304893545806408,95.5020980834961,0.49959185123443606,42350.0,6998.0,42350.0
2.8739219607883186e-05,2.8739219607883186e-05,0.019696474075317383,0.3148662820458412,0.18521043062210082,0.1296558476984501,93.22713470458984,0.5018758296966552,42400.0,7022.0,42400.0
2.870100256053227e-05,2.870100256053227e-05,0.01700897216796875,0.3596547096967697,0.2186592385172844,0.1409954696893692,94.77623748779297,0.49983174800872804,42450.0,6998.0,42450.0
2.8662785513181354e-05,2.8662785513181354e-05,0.017687654495239256,0.3131869792938232,0.17366312071681023,0.13952385485172272,95.8968734741211,0.5008731126785279,42500.0,7063.0,42500.0
2.8624568465830444e-05,2.8624568465830444e-05,0.020164060592651366,0.3326845750212669,0.18913657814264298,0.14354799464344978,84.02115631103516,0.5187812089920044,42550.0,7032.0,42550.0
2.8586351418479542e-05,2.8586351418479542e-05,0.01743907928466797,0.31256999969482424,0.17985737174749375,0.13271263018250465,95.62348937988281,0.4950249671936035,42600.0,7018.0,42600.0
2.8548134371128643e-05,2.8548134371128643e-05,0.016328048706054688,0.2918593525886536,0.1678790681064129,0.1239802859723568,93.54594421386719,0.4903003931045532,42650.0,7027.0,42650.0
2.8509917323777734e-05,2.8509917323777734e-05,0.016350865364074707,0.30836641788482666,0.17503795474767686,0.1333284594118595,94.92079162597656,0.49387316703796386,42700.0,7016.0,42700.0
2.8471700276426828e-05,2.8471700276426828e-05,0.017685651779174805,0.3198968917131424,0.1889030911028385,0.13099379688501359,96.28386688232422,0.5009411334991455,42750.0,7031.0,42750.0
2.8433483229075915e-05,2.8433483229075915e-05,0.017095518112182618,0.2975455641746521,0.15124336928129195,0.14630219638347625,94.1086196899414,0.5031250953674317,42800.0,7027.0,42800.0
2.8395266181725016e-05,2.8395266181725016e-05,0.016637539863586424,0.2738353505730629,0.1433377668261528,0.13049758821725846,92.51615142822266,0.4910922050476074,42850.0,7076.0,42850.0
2.8357049134374134e-05,2.8357049134374134e-05,0.016355323791503906,0.3012009680271149,0.17061497271060944,0.13058599531650544,95.06295776367188,0.4941852569580078,42900.0,6997.0,42900.0
2.831883208702324e-05,2.831883208702324e-05,0.018307137489318847,0.29617758095264435,0.15506407618522644,0.1411135047674179,94.95800018310547,0.5004500389099121,42950.0,7049.0,42950.0
2.828061503967234e-05,2.828061503967234e-05,0.017969655990600585,0.33300685584545137,0.18775653466582298,0.1452503278851509,88.68011474609375,0.49506068229675293,43000.0,7025.0,43000.0
2.824239799232144e-05,2.824239799232144e-05,0.01841259002685547,0.2897183567285538,0.17283853217959405,0.11687982231378555,96.06684875488281,0.49726717472076415,43050.0,7037.0,43050.0
2.8204180944970527e-05,2.8204180944970527e-05,0.015793776512145995,0.2740687295794487,0.14506511427462102,0.12900361865758897,93.03095245361328,0.49693865776062013,43100.0,7031.0,43100.0
2.8165963897619635e-05,2.8165963897619635e-05,0.016797852516174317,0.31435600519180296,0.1830964595079422,0.13125954568386078,89.96441650390625,0.49321603775024414,43150.0,7018.0,43150.0
2.8127746850268756e-05,2.8127746850268756e-05,0.01651146411895752,0.31421920359134675,0.18672141060233116,0.12749778628349304,94.73503112792969,0.49580652713775636,43200.0,7030.0,43200.0
2.8089529802917847e-05,2.8089529802917847e-05,0.018511056900024414,0.318574994802475,0.1725687325000763,0.1460062585771084,95.34129333496094,0.49857430458068847,43250.0,7037.0,43250.0
2.8051312755566945e-05,2.8051312755566945e-05,0.01840031147003174,0.30027176439762115,0.17300667017698287,0.1272650897502899,91.83921813964844,0.4988107681274414,43300.0,7038.0,43300.0
2.801309570821604e-05,2.801309570821604e-05,0.01591835021972656,0.29385278820991517,0.15832617431879042,0.13552661314606668,96.7637710571289,0.48947954177856445,43350.0,7036.0,43350.0
2.7974878660865126e-05,2.7974878660865126e-05,0.01697826385498047,0.3265786230564117,0.19306217432022094,0.13351645469665527,90.31841278076172,0.5016116619110107,43400.0,7027.0,43400.0
2.7936661613514213e-05,2.7936661613514213e-05,0.01671605110168457,0.3228901356458664,0.1742534965276718,0.1486366331577301,95.07009887695312,0.4978455066680908,43450.0,7001.0,43450.0
2.789844456616331e-05,2.789844456616331e-05,0.018320584297180177,0.32698835283517835,0.1791377566754818,0.1478505998849869,95.1903076171875,0.5052292585372925,43500.0,7029.0,43500.0
2.78602275188124e-05,2.78602275188124e-05,0.016005563735961913,0.31462571322917937,0.16929915845394133,0.1453265555202961,96.00684356689453,0.4957171678543091,43550.0,6999.0,43550.0
2.782201047146149e-05,2.782201047146149e-05,0.015819549560546875,0.27958240211009977,0.15312573686242104,0.1264566697180271,93.73558807373047,0.49119253158569337,43600.0,7033.0,43600.0
2.7783793424110593e-05,2.7783793424110593e-05,0.017368483543395995,0.34299260675907134,0.21372053325176238,0.12927208021283149,92.90341186523438,0.49365935325622556,43650.0,7046.0,43650.0
2.7745576376759688e-05,2.7745576376759688e-05,0.01915459632873535,0.30144627541303637,0.1644381895661354,0.13700808510184287,96.72914123535156,0.5039599180221558,43700.0,7010.0,43700.0
2.7707359329408792e-05,2.7707359329408792e-05,0.01760432720184326,0.3503554165363312,0.21550794839859008,0.1348474681377411,93.7375717163086,0.4999388694763184,43750.0,7015.0,43750.0
2.7669142282057876e-05,2.7669142282057876e-05,0.01810741424560547,0.30425300598144533,0.17201622873544692,0.1322367750108242,94.46231079101562,0.521455979347229,43800.0,7028.0,43800.0
2.7630925234706973e-05,2.7630925234706973e-05,0.018402624130249023,0.2826130121946335,0.15340830534696578,0.12920470386743546,94.84571075439453,0.5004045248031617,43850.0,7015.0,43850.0
2.7592708187356078e-05,2.7592708187356078e-05,0.018988442420959473,0.33092444241046903,0.1939430221915245,0.13698141500353814,92.05797576904297,0.49981834888458254,43900.0,7035.0,43900.0
2.7554491140005172e-05,2.7554491140005172e-05,0.017057275772094725,0.32561353743076327,0.1766184836626053,0.1489950567483902,95.01686096191406,0.49819824695587156,43950.0,7049.0,43950.0
2.7516274092654266e-05,2.7516274092654266e-05,0.01828932762145996,0.2963209867477417,0.1637626312673092,0.1325583502650261,96.62169647216797,0.5059417486190796,44000.0,7008.0,44000.0
2.747805704530337e-05,2.747805704530337e-05,0.02049262523651123,0.3518478378653526,0.21426691636443138,0.13758091852068902,93.67350769042969,0.5027135848999024,44050.0,7050.0,44050.0
2.7439839997952468e-05,2.7439839997952468e-05,0.019697046279907225,0.318256077170372,0.18837390840053558,0.12988217025995255,93.36934661865234,0.5060210227966309,44100.0,7057.0,44100.0
2.740162295060157e-05,2.740162295060157e-05,0.0195068359375,0.35173902213573455,0.21298712342977524,0.13875190168619156,95.35877227783203,0.5126319408416748,44150.0,7051.0,44150.0
2.736340590325066e-05,2.736340590325066e-05,0.018009757995605467,0.3724817976355553,0.22214912846684456,0.1503326714038849,92.346435546875,0.5032692670822143,44200.0,7022.0,44200.0
2.7325188855899754e-05,2.7325188855899754e-05,0.018438220024108887,0.29229234755039213,0.15928503647446632,0.13300731554627418,97.58538818359375,0.49756274223327634,44250.0,7034.0,44250.0
2.7286971808548855e-05,2.7286971808548855e-05,0.01786782741546631,0.3127491593360901,0.17714335694909095,0.13560580164194108,95.56173706054688,0.5073312759399414,44300.0,7038.0,44300.0
2.724875476119795e-05,2.724875476119795e-05,0.01726875305175781,0.31779356598854064,0.17277702242136,0.14501653835177422,96.01206970214844,0.4964992761611938,44350.0,7040.0,44350.0
2.7210537713847043e-05,2.7210537713847043e-05,0.021199560165405272,0.2964400231838226,0.16869817823171615,0.12774184271693229,95.49382019042969,0.5107332706451416,44400.0,7023.0,44400.0
2.7172320666496147e-05,2.7172320666496147e-05,0.01611008644104004,0.3436372935771942,0.19762711226940155,0.14601018354296685,90.88587951660156,0.49942636489868164,44450.0,7028.0,44450.0
2.713410361914522e-05,2.713410361914522e-05,0.017112922668457032,0.3017568290233612,0.16125751063227653,0.14049932286143302,92.98787689208984,0.5032889127731324,44500.0,7050.0,44500.0
2.709588657179433e-05,2.709588657179433e-05,0.01998443603515625,0.3450441211462021,0.20589982569217682,0.13914429172873496,94.76548767089844,0.5224003314971923,44550.0,6989.0,44550.0
2.7057669524443423e-05,2.7057669524443423e-05,0.01916182041168213,0.29449598789215087,0.15264418050646783,0.14185180738568307,91.11609649658203,0.501296091079712,44600.0,6998.0,44600.0
2.701945247709251e-05,2.701945247709251e-05,0.017148542404174804,0.3334477260708809,0.1941593572497368,0.1392883688211441,95.00524139404297,0.49557878971099856,44650.0,6997.0,44650.0
2.698123542974159e-05,2.698123542974159e-05,0.016583514213562012,0.2706272378563881,0.144141236692667,0.12648599967360497,95.80416870117188,0.49384317398071287,44700.0,7035.0,44700.0
2.694301838239069e-05,2.694301838239069e-05,0.015904045104980467,0.2955288991332054,0.1601874850690365,0.13534141108393669,90.22766876220703,0.4922044038772583,44750.0,7042.0,44750.0
2.690480133503979e-05,2.690480133503979e-05,0.015551376342773437,0.29254306107759476,0.15153232961893082,0.14101072922348976,96.34545135498047,0.4957088232040405,44800.0,7056.0,44800.0
2.686658428768888e-05,2.686658428768888e-05,0.016335654258728027,0.29487716406583786,0.15866584479808807,0.13621132373809813,94.11414337158203,0.5012120485305787,44850.0,7047.0,44850.0
2.682836724033798e-05,2.682836724033798e-05,0.017851710319519043,0.26679344922304155,0.14535283371806146,0.12144061550498009,97.30036163330078,0.49489965438842776,44900.0,7055.0,44900.0
2.6790150192987092e-05,2.6790150192987092e-05,0.01820328235626221,0.32874433398246766,0.19232124611735343,0.13642308712005616,95.48522186279297,0.5048796653747558,44950.0,7027.0,44950.0
2.67519331456362e-05,2.67519331456362e-05,0.01869988441467285,0.34854944348335265,0.20547951012849808,0.14306993186473846,93.2421875,0.5192079305648803,45000.0,7019.0,45000.0
2.6713716098285294e-05,2.6713716098285294e-05,0.018202805519104005,0.33915556222200394,0.19075801223516464,0.1483975574374199,95.1246109008789,0.5101374626159668,45050.0,7031.0,45050.0
2.6675499050934384e-05,2.6675499050934384e-05,0.021060538291931153,0.2750344216823578,0.14955071732401848,0.1254837028682232,95.59033203125,0.5034710168838501,45100.0,7043.0,45100.0
2.6637282003583482e-05,2.6637282003583482e-05,0.018292713165283202,0.35540286004543303,0.21071144789457322,0.14469141364097596,95.10179138183594,0.5177261590957641,45150.0,7013.0,45150.0
2.6599064956232573e-05,2.6599064956232573e-05,0.019663047790527344,0.28881293833255767,0.15757390782237052,0.13123903349041938,96.44712829589844,0.5045727729797364,45200.0,7019.0,45200.0
2.656084790888168e-05,2.656084790888168e-05,0.019221162796020506,0.3689828723669052,0.22179749235510826,0.14718537926673889,94.03571319580078,0.5029179334640503,45250.0,6990.0,45250.0
2.6522630861530785e-05,2.6522630861530785e-05,0.017177796363830565,0.2870152175426483,0.15165012329816818,0.13536509722471238,94.68508911132812,0.5008781433105469,45300.0,7005.0,45300.0
2.648441381417988e-05,2.648441381417988e-05,0.020259404182434083,0.312434646487236,0.1689709797501564,0.1434636667370796,93.7970962524414,0.503596830368042,45350.0,7056.0,45350.0
2.6446196766828973e-05,2.6446196766828973e-05,0.01741020679473877,0.3316979050636292,0.1892128147184849,0.14248509258031844,92.93055725097656,0.4999800205230713,45400.0,7022.0,45400.0
2.6407979719478074e-05,2.6407979719478074e-05,0.017012643814086913,0.26589378267526625,0.13928597643971444,0.1266078107059002,93.36665344238281,0.497262978553772,45450.0,7029.0,45450.0
2.6369762672127185e-05,2.6369762672127185e-05,0.018637466430664062,0.2943432331085205,0.16354336217045784,0.13079987093806267,95.71237182617188,0.4970724582672119,45500.0,7039.0,45500.0
2.6331545624776272e-05,2.6331545624776272e-05,0.017436718940734862,0.32080265283584597,0.17239169925451278,0.14841095209121705,91.88444519042969,0.5033037900924683,45550.0,7013.0,45550.0
2.6293328577425373e-05,2.6293328577425373e-05,0.0182391881942749,0.2926656484603882,0.1562807559967041,0.13638489320874214,94.20487976074219,0.5103843450546265,45600.0,7021.0,45600.0
2.6255111530074488e-05,2.6255111530074488e-05,0.01886897087097168,0.30711854100227354,0.17527115643024443,0.13184738531708717,95.79318237304688,0.5074795961380005,45650.0,7032.0,45650.0
2.6216894482723592e-05,2.6216894482723592e-05,0.018946123123168946,0.29206207394599915,0.16899985671043397,0.12306221798062325,94.25645446777344,0.5047043561935425,45700.0,7056.0,45700.0
2.6178677435372703e-05,2.6178677435372703e-05,0.017259049415588378,0.297016741335392,0.16680427864193917,0.13021246045827867,94.97736358642578,0.4968968152999878,45750.0,7023.0,45750.0
2.614046038802181e-05,2.614046038802181e-05,0.01821756362915039,0.30304728001356124,0.17270694971084594,0.13034032732248307,95.01778411865234,0.5031205177307129,45800.0,7013.0,45800.0
2.610224334067091e-05,2.610224334067091e-05,0.017981982231140135,0.30974399000406266,0.17082626819610597,0.1389177270233631,92.15057373046875,0.5098723888397216,45850.0,7053.0,45850.0
2.606402629332001e-05,2.606402629332001e-05,0.01770288944244385,0.3026987463235855,0.16871148049831391,0.13398726060986518,95.82479858398438,0.5079049825668335,45900.0,7036.0,45900.0
2.6025809245969093e-05,2.6025809245969093e-05,0.016228461265563966,0.32254329323768616,0.18069131672382355,0.14185198172926902,91.89691162109375,0.49352269172668456,45950.0,7020.0,45950.0
2.5987592198618194e-05,2.5987592198618194e-05,0.017513084411621093,0.2881516844034195,0.16323428079485894,0.1249174065887928,93.63218688964844,0.4943994045257568,46000.0,7031.0,46000.0
2.594937515126729e-05,2.594937515126729e-05,0.01626427173614502,0.35077824741601943,0.20752192959189414,0.14325631633400918,94.0821533203125,0.49876043796539304,46050.0,7068.0,46050.0
2.5911158103916393e-05,2.5911158103916393e-05,0.015654325485229492,0.36551035940647125,0.22904664427042007,0.13646371588110923,91.80790710449219,0.4950276851654053,46100.0,7011.0,46100.0
2.58729410565655e-05,2.58729410565655e-05,0.01556236743927002,0.29909029304981233,0.16584661081433297,0.13324368000030518,90.63111114501953,0.487317156791687,46150.0,7021.0,46150.0
2.5834724009214608e-05,2.5834724009214608e-05,0.018709373474121094,0.26080041080713273,0.1365870863199234,0.12421332821249961,96.75074768066406,0.49964566230773927,46200.0,7059.0,46200.0
2.5796506961863706e-05,2.5796506961863706e-05,0.018497681617736815,0.2951880142092705,0.17072271108627318,0.12446529492735862,94.87862396240234,0.5038814306259155,46250.0,7006.0,46250.0
2.575828991451279e-05,2.575828991451279e-05,0.020199012756347657,0.3278072625398636,0.19840843081474305,0.1293988399207592,96.52870178222656,0.5076207876205444,46300.0,7012.0,46300.0
2.5720072867161894e-05,2.5720072867161894e-05,0.01699032783508301,0.3026834100484848,0.1699194483458996,0.1327639602124691,92.62616729736328,0.4953350782394409,46350.0,7019.0,46350.0
2.5681855819811e-05,2.5681855819811e-05,0.02024886608123779,0.33780896961688994,0.1948732115328312,0.14293576255440713,93.2093734741211,0.5056485652923584,46400.0,7000.0,46400.0
2.564363877246012e-05,2.564363877246012e-05,0.01667299270629883,0.2810536831617355,0.14569154009222984,0.1353621408343315,94.64131927490234,0.49265480041503906,46450.0,7039.0,46450.0
2.5605421725109224e-05,2.5605421725109224e-05,0.019327402114868164,0.3053404062986374,0.17908423244953156,0.12625617384910584,95.9483871459961,0.5096117734909058,46500.0,6997.0,46500.0
2.556720467775833e-05,2.556720467775833e-05,0.016384100914001463,0.327652046084404,0.1887299820780754,0.13892206102609633,93.4827651977539,0.49839632511138915,46550.0,7021.0,46550.0
2.5528987630407436e-05,2.5528987630407436e-05,0.018325090408325195,0.3117647051811218,0.18068284839391707,0.1310818575322628,96.42864990234375,0.5201859474182129,46600.0,7033.0,46600.0
2.5490770583056533e-05,2.5490770583056533e-05,0.01794388294219971,0.30183523446321486,0.16343694552779198,0.13839828968048096,95.84201049804688,0.5085257291793823,46650.0,7023.0,46650.0
2.545255353570563e-05,2.545255353570563e-05,0.017419147491455077,0.320666640996933,0.18286195620894433,0.13780468702316284,96.92338562011719,0.4950580596923828,46700.0,7017.0,46700.0
2.5414336488354742e-05,2.5414336488354742e-05,0.01901974678039551,0.3446094334125519,0.1959577925503254,0.14865164309740067,93.66624450683594,0.5051147222518921,46750.0,7037.0,46750.0
2.5376119441003843e-05,2.5376119441003843e-05,0.018498945236206054,0.28852731436491014,0.1605792187154293,0.1279480993747711,92.18766021728516,0.4988317251205444,46800.0,7024.0,46800.0
2.5337902393652947e-05,2.5337902393652947e-05,0.019745469093322754,0.3178551822900772,0.1797720491886139,0.1380831316113472,95.6170883178711,0.5045357942581177,46850.0,6998.0,46850.0
2.5299685346302058e-05,2.5299685346302058e-05,0.018069076538085937,0.32182375341653824,0.18404046297073365,0.1377832904458046,94.35638427734375,0.4951801061630249,46900.0,7054.0,46900.0
2.5261468298951162e-05,2.5261468298951162e-05,0.017350268363952637,0.2841769814491272,0.1504940204322338,0.13368295803666114,95.8530502319336,0.5015516519546509,46950.0,7071.0,46950.0
2.5223251251600267e-05,2.5223251251600267e-05,0.017262578010559082,0.3115642324090004,0.18135099485516548,0.13021323680877686,90.56527709960938,0.4969158411026001,47000.0,7028.0,47000.0
2.5185034204249354e-05,2.5185034204249354e-05,0.01807525157928467,0.2992094740271568,0.17450511157512666,0.12470436096191406,96.18414306640625,0.5081958532333374,47050.0,6994.0,47050.0
2.514681715689845e-05,2.514681715689845e-05,0.017399811744689943,0.2932800993323326,0.15913251638412476,0.1341475859284401,91.85719299316406,0.4964959144592285,47100.0,7035.0,47100.0
2.5108600109547546e-05,2.5108600109547546e-05,0.01798088550567627,0.3190596282482147,0.17732695043087005,0.14173267632722855,91.66525268554688,0.5135980367660522,47150.0,7025.0,47150.0
2.5070383062196647e-05,2.5070383062196647e-05,0.01729121208190918,0.2626097723841667,0.1376844421029091,0.12492532953619957,91.54459381103516,0.497265625,47200.0,6993.0,47200.0
2.5032166014845737e-05,2.5032166014845737e-05,0.016499781608581544,0.29024378806352613,0.1545591026544571,0.1356846883893013,91.65379333496094,0.490699315071106,47250.0,7022.0,47250.0
2.4993948967494825e-05,2.4993948967494825e-05,0.019049692153930663,0.2913682460784912,0.1540474623441696,0.13732078596949576,91.76748657226562,0.5094454288482666,47300.0,7021.0,47300.0
2.495573192014393e-05,2.495573192014393e-05,0.019074296951293944,0.30105497092008593,0.17683840170502663,0.12421656921505927,93.8016586303711,0.5072797775268555,47350.0,7014.0,47350.0
2.4917514872793033e-05,2.4917514872793033e-05,0.017312955856323243,0.33737995475530624,0.1916048750281334,0.14577508121728897,96.3636474609375,0.49842793941497804,47400.0,7006.0,47400.0
2.4879297825442144e-05,2.4879297825442144e-05,0.019564366340637206,0.2934283345937729,0.16660983264446258,0.12681850269436837,94.81674194335938,0.5039582490921021,47450.0,7028.0,47450.0
2.484108077809124e-05,2.484108077809124e-05,0.017035722732543945,0.3137035250663757,0.18954377472400666,0.12415974959731102,93.79112243652344,0.49384307861328125,47500.0,7024.0,47500.0
2.4802863730740346e-05,2.4802863730740346e-05,0.01733243465423584,0.308355849981308,0.17441535890102386,0.1339404873549938,89.57730102539062,0.5022231817245484,47550.0,7039.0,47550.0
2.4764646683389447e-05,2.4764646683389447e-05,0.017404389381408692,0.3256551712751389,0.19043424353003502,0.1352209284901619,86.48674774169922,0.5004029750823975,47600.0,7027.0,47600.0
2.472642963603854e-05,2.472642963603854e-05,0.018511462211608886,0.2994115471839905,0.17088001295924188,0.1285315304994583,96.61868286132812,0.5035578012466431,47650.0,7007.0,47650.0
2.4688212588687635e-05,2.4688212588687635e-05,0.01843869686126709,0.3474245399236679,0.21183203905820847,0.13559250235557557,96.54055786132812,0.5234275102615357,47700.0,7020.0,47700.0
2.4649995541336733e-05,2.4649995541336733e-05,0.018772435188293458,0.27894424796104433,0.1641784317791462,0.11476581245660782,92.14092254638672,0.49851901531219484,47750.0,7035.0,47750.0
2.4611778493985834e-05,2.4611778493985834e-05,0.017366766929626465,0.29411884397268295,0.1623443156480789,0.13177453055977822,94.85124969482422,0.49773809909820554,47800.0,7064.0,47800.0
2.4573561446634925e-05,2.4573561446634925e-05,0.0173689603805542,0.3000676602125168,0.16368423625826836,0.13638342693448066,93.09878540039062,0.5023016691207886,47850.0,6998.0,47850.0
2.4535344399284036e-05,2.4535344399284036e-05,0.017375755310058593,0.30801604986190795,0.17944423481822014,0.12857181280851365,96.92346954345703,0.4976553678512573,47900.0,7045.0,47900.0
2.4497127351933143e-05,2.4497127351933143e-05,0.019490909576416016,0.3318242371082306,0.1910814180970192,0.14074281379580497,91.68850708007812,0.5059634685516358,47950.0,7044.0,47950.0
2.4458910304582248e-05,2.4458910304582248e-05,0.02005281448364258,0.314232762157917,0.17958345860242844,0.13464930430054664,97.00105285644531,0.5117295026779175,48000.0,7010.0,48000.0
2.4420693257231342e-05,2.4420693257231342e-05,0.01956324577331543,0.3448127031326294,0.2016596831381321,0.14315302073955535,91.154541015625,0.5078049659729004,48050.0,7062.0,48050.0
2.438247620988045e-05,2.438247620988045e-05,0.018399953842163086,0.32488657534122467,0.1913875609636307,0.13349900990724564,95.02364349365234,0.5135010004043579,48100.0,7014.0,48100.0
2.4344259162529537e-05,2.4344259162529537e-05,0.017334294319152833,0.3033738613128662,0.17927548587322234,0.12409837767481804,96.50501251220703,0.49707784652709963,48150.0,7022.0,48150.0
2.4306042115178645e-05,2.4306042115178645e-05,0.017707204818725585,0.2846629500389099,0.15884751603007316,0.12581543400883674,96.03031158447266,0.5015980482101441,48200.0,7014.0,48200.0
2.426782506782776e-05,2.426782506782776e-05,0.016158390045166015,0.28709179610013963,0.15811940878629685,0.12897238731384278,93.5971908569336,0.4946437835693359,48250.0,7012.0,48250.0
2.4229608020476863e-05,2.4229608020476863e-05,0.019350934028625488,0.3160642758011818,0.18243448287248612,0.13362978994846345,92.25166320800781,0.50434250831604,48300.0,7027.0,48300.0
2.4191390973125964e-05,2.4191390973125964e-05,0.016277098655700685,0.27788509279489515,0.14326034486293793,0.13462474271655084,96.1554946899414,0.49958579540252684,48350.0,7014.0,48350.0
2.4153173925775075e-05,2.4153173925775075e-05,0.020413637161254883,0.2720684573054314,0.1475743129849434,0.12449414283037186,92.45091247558594,0.5061851263046264,48400.0,7025.0,48400.0
2.411495687842418e-05,2.411495687842418e-05,0.01922023296356201,0.3254374772310257,0.1851738877594471,0.1402635857462883,96.45388793945312,0.5125097751617431,48450.0,7023.0,48450.0
2.4076739831073277e-05,2.4076739831073277e-05,0.01939103603363037,0.3166635051369667,0.17949206456542016,0.13717143833637238,93.87397003173828,0.49481749534606934,48500.0,7021.0,48500.0
2.4038522783722385e-05,2.4038522783722385e-05,0.018503355979919433,0.3346021294593811,0.19277953431010247,0.14182259812951087,94.16400146484375,0.5042109012603759,48550.0,7031.0,48550.0
2.4000305736371493e-05,2.4000305736371493e-05,0.020803308486938475,0.3134428530931473,0.18102533295750617,0.13241751492023468,94.60730743408203,0.509694242477417,48600.0,7016.0,48600.0
2.3962088689020607e-05,2.3962088689020607e-05,0.017932868003845213,0.2968982309103012,0.16755277886986733,0.12934545055031776,95.33676147460938,0.5044810771942139,48650.0,6999.0,48650.0
2.3923871641669698e-05,2.3923871641669698e-05,0.02046349048614502,0.3993422523140907,0.26759706661105154,0.13174518570303917,92.5655288696289,0.5019551992416382,48700.0,7030.0,48700.0
2.3885654594318795e-05,2.3885654594318795e-05,0.01754307746887207,0.29575413316488264,0.16370074898004533,0.13205338194966315,96.69812774658203,0.49667558670043943,48750.0,7049.0,48750.0
2.3847437546967886e-05,2.3847437546967886e-05,0.017856693267822264,0.30249535441398623,0.16391080394387245,0.13858455270528794,94.06856536865234,0.5000309228897095,48800.0,7019.0,48800.0
2.3809220499617e-05,2.3809220499617e-05,0.01742520332336426,0.2832134887576103,0.15454389601945878,0.12866959646344184,97.25611114501953,0.49707167148590087,48850.0,7004.0,48850.0
2.3771003452266115e-05,2.3771003452266115e-05,0.017894577980041505,0.2881209164857864,0.15318269431591033,0.13493822142481804,93.0581283569336,0.5039196968078613,48900.0,7037.0,48900.0
2.3732786404915213e-05,2.3732786404915213e-05,0.019820618629455566,0.30835349559783937,0.18023154363036156,0.12812194973230362,86.80946350097656,0.50321946144104,48950.0,7046.0,48950.0
2.3694569357564327e-05,2.3694569357564327e-05,0.02056281566619873,0.30802120715379716,0.1760280139744282,0.1319931909441948,90.4654769897461,0.5091489791870117,49000.0,7054.0,49000.0
2.3656352310213438e-05,2.3656352310213438e-05,0.017868542671203615,0.34229646921157836,0.20521401315927507,0.1370824545621872,92.97341918945312,0.49604752063751223,49050.0,7012.0,49050.0
2.3618135262862515e-05,2.3618135262862515e-05,0.0176896333694458,0.3097733348608017,0.17494639232754708,0.13482693955302238,93.9853515625,0.49502336978912354,49100.0,7019.0,49100.0
2.357991821551162e-05,2.357991821551162e-05,0.019693827629089354,0.3050549983978271,0.17352778166532518,0.13152721300721168,88.78070831298828,0.5026115655899048,49150.0,7032.0,49150.0
2.3541701168160717e-05,2.3541701168160717e-05,0.019208025932312012,0.27589298188686373,0.14147072806954383,0.13442225381731987,95.83689880371094,0.5050163269042969,49200.0,7045.0,49200.0
2.3503484120809815e-05,2.3503484120809815e-05,0.019697022438049317,0.296480605006218,0.16028575524687766,0.13619485199451448,94.45845794677734,0.5059218406677246,49250.0,6993.0,49250.0
2.3465267073458922e-05,2.3465267073458922e-05,0.015943002700805665,0.2692389190196991,0.14446312040090561,0.12477580308914185,94.98075866699219,0.494950532913208,49300.0,6996.0,49300.0
2.3427050026108033e-05,2.3427050026108033e-05,0.017740464210510253,0.329880328476429,0.19703521504998206,0.13284511044621466,94.25308990478516,0.497051477432251,49350.0,7031.0,49350.0
2.338883297875713e-05,2.338883297875713e-05,0.018247079849243165,0.3206880271434784,0.19597417637705802,0.12471385449171066,95.73632049560547,0.5001742601394653,49400.0,7052.0,49400.0
2.3350615931406222e-05,2.3350615931406222e-05,0.02113039493560791,0.28668073117733,0.15262118577957154,0.1340595491230488,92.0787582397461,0.5078478336334229,49450.0,7021.0,49450.0
2.331239888405533e-05,2.331239888405533e-05,0.018499255180358887,0.3288871765136719,0.18850510120391845,0.14038207978010178,95.17247772216797,0.5007148265838623,49500.0,7038.0,49500.0
2.3274181836704447e-05,2.3274181836704447e-05,0.019043397903442384,0.25967059582471846,0.14059232622385026,0.1190782681107521,97.36096954345703,0.5011634588241577,49550.0,7042.0,49550.0
2.3235964789353545e-05,2.3235964789353545e-05,0.019419407844543456,0.28861310333013535,0.15183208435773848,0.13678102418780327,96.55719757080078,0.5040626525878906,49600.0,7064.0,49600.0
2.319774774200265e-05,2.319774774200265e-05,0.017459797859191894,0.28320583552122114,0.1482357531785965,0.1349700778722763,92.39698791503906,0.4994492053985596,49650.0,7006.0,49650.0
2.3159530694651764e-05,2.3159530694651764e-05,0.018021631240844726,0.29279973953962324,0.15929161459207536,0.13350812792778016,95.197509765625,0.503451156616211,49700.0,7047.0,49700.0
2.3121313647300875e-05,2.3121313647300875e-05,0.020684361457824707,0.31398542076349256,0.17901967316865922,0.13496574461460115,93.15196228027344,0.5002329826354981,49750.0,7015.0,49750.0
2.3083096599949986e-05,2.3083096599949986e-05,0.019118666648864746,0.36477678418159487,0.21527148485183717,0.14950530230998993,93.1164779663086,0.5058759212493896,49800.0,7029.0,49800.0
2.304487955259909e-05,2.304487955259909e-05,0.0189389705657959,0.2802160203456879,0.15761089324951172,0.12260512560606003,95.7044677734375,0.5033767700195313,49850.0,7001.0,49850.0
2.300666250524819e-05,2.300666250524819e-05,0.018479537963867188,0.32658717036247253,0.1939027115702629,0.13268445804715157,92.28121185302734,0.5054203033447265,49900.0,7066.0,49900.0
2.2968445457897295e-05,2.2968445457897295e-05,0.016350173950195314,0.297433502972126,0.1612735152244568,0.13615998923778533,89.81653594970703,0.49905054569244384,49950.0,7011.0,49950.0
2.293022841054641e-05,2.293022841054641e-05,0.01880784034729004,0.26841298788785933,0.15002434998750686,0.11838864088058472,95.44002532958984,0.5004202842712402,50000.0,7045.0,50000.0
2.289201136319551e-05,2.289201136319551e-05,0.01913609504699707,0.3102195471525192,0.18708052188158036,0.12313902750611305,93.84397888183594,0.5002233982086182,50050.0,7025.0,50050.0
2.2853794315844625e-05,2.2853794315844625e-05,0.018929553031921387,0.3295509785413742,0.1938624382019043,0.13568853586912155,95.6634750366211,0.5018000125885009,50100.0,7050.0,50100.0
2.2815577268493733e-05,2.2815577268493733e-05,0.01809957027435303,0.2988323926925659,0.1559219054877758,0.1429104894399643,94.21070098876953,0.5024826765060425,50150.0,7015.0,50150.0
2.2777360221142834e-05,2.2777360221142834e-05,0.01865518093109131,0.2715801507234573,0.147315863519907,0.1242642879486084,94.20221710205078,0.5017718076705933,50200.0,7030.0,50200.0
2.2739143173791948e-05,2.2739143173791948e-05,0.017475533485412597,0.3294660300016403,0.18863265588879585,0.1408333696424961,90.99483489990234,0.5001524448394775,50250.0,7018.0,50250.0
2.270092612644105e-05,2.270092612644105e-05,0.01641983985900879,0.3026885434985161,0.1712757408618927,0.1314128063619137,94.29558563232422,0.4950419902801514,50300.0,7035.0,50300.0
2.2662709079090167e-05,2.2662709079090167e-05,0.01982424259185791,0.2968480348587036,0.16609870493412018,0.1307493306696415,91.72127532958984,0.5026722431182862,50350.0,7060.0,50350.0
2.2624492031739268e-05,2.2624492031739268e-05,0.018153882026672362,0.27840719372034073,0.15162004679441451,0.12678714245557784,95.96773529052734,0.4945374488830566,50400.0,6989.0,50400.0
2.258627498438838e-05,2.258627498438838e-05,0.016992712020874025,0.3006222739815712,0.17188036441802979,0.12874190881848335,93.66741943359375,0.4949182510375977,50450.0,7045.0,50450.0
2.2548057937037483e-05,2.2548057937037483e-05,0.017926740646362304,0.2991649270057678,0.17252834364771844,0.12663659006357192,91.24027252197266,0.5155459403991699,50500.0,7020.0,50500.0
2.250984088968658e-05,2.250984088968658e-05,0.01819124221801758,0.28846457302570344,0.1569741629064083,0.1314904049038887,90.45087432861328,0.49939048290252686,50550.0,7024.0,50550.0
2.2471623842335685e-05,2.2471623842335685e-05,0.01789889335632324,0.298530250787735,0.16306975483894348,0.13546049147844313,94.6648178100586,0.5071104764938354,50600.0,7004.0,50600.0
2.243340679498479e-05,2.243340679498479e-05,0.01585395336151123,0.330975615978241,0.1940289780497551,0.1369466334581375,92.49382781982422,0.4938020706176758,50650.0,7007.0,50650.0
2.2395189747633894e-05,2.2395189747633894e-05,0.018892812728881835,0.28766761869192126,0.15902122408151625,0.1286463901400566,93.47864532470703,0.49805142879486086,50700.0,7024.0,50700.0
2.2356972700282988e-05,2.2356972700282988e-05,0.017081570625305176,0.2990800976753235,0.1737760692834854,0.12530402913689614,93.45769500732422,0.4975470304489136,50750.0,6996.0,50750.0
2.2318755652932082e-05,2.2318755652932082e-05,0.01758244037628174,0.3074088305234909,0.17490334212779998,0.13250549063086509,93.2032699584961,0.49356324672698976,50800.0,7032.0,50800.0
2.228053860558119e-05,2.228053860558119e-05,0.019648170471191405,0.3257924780249596,0.18780275881290437,0.13798971772193908,91.34187316894531,0.5059839725494385,50850.0,7013.0,50850.0
2.2242321558230304e-05,2.2242321558230304e-05,0.018879294395446777,0.3315390169620514,0.1942441903054714,0.13729482665657997,95.36741638183594,0.5038573980331421,50900.0,7038.0,50900.0
2.22041045108794e-05,2.22041045108794e-05,0.01941945552825928,0.30436345636844636,0.16598720625042915,0.13837625235319137,94.47459411621094,0.5281898498535156,50950.0,7060.0,50950.0
2.2165887463528506e-05,2.2165887463528506e-05,0.017101049423217773,0.28280177116394045,0.16144580394029617,0.12135597020387649,94.55023956298828,0.5082257270812989,51000.0,7013.0,51000.0
2.212767041617762e-05,2.212767041617762e-05,0.01850104331970215,0.3094035819172859,0.17313169166445733,0.1362718865275383,89.75715637207031,0.5058329582214356,51050.0,7044.0,51050.0
2.2089453368826738e-05,2.2089453368826738e-05,0.017225170135498048,0.28941783010959626,0.173061653226614,0.11635617688298225,94.47635650634766,0.4932015657424927,51100.0,7004.0,51100.0
2.205123632147583e-05,2.205123632147583e-05,0.019931674003601074,0.29730912297964096,0.16232601255178453,0.13498310893774032,95.5987319946289,0.5156982898712158,51150.0,7023.0,51150.0
2.201301927412494e-05,2.201301927412494e-05,0.017096924781799316,0.31636481881141665,0.17897742837667466,0.13738739117980003,94.46915435791016,0.49867565631866456,51200.0,7020.0,51200.0
2.1974802226774044e-05,2.1974802226774044e-05,0.020486831665039062,0.29123755395412443,0.16474411338567735,0.126493439078331,93.4581069946289,0.5004574060440063,51250.0,7004.0,51250.0
2.1936585179423145e-05,2.1936585179423145e-05,0.01825244426727295,0.3406355857849121,0.19821723699569702,0.14241835176944734,94.72830200195312,0.5031075716018677,51300.0,7008.0,51300.0
2.1898368132072246e-05,2.1898368132072246e-05,0.017789626121520997,0.305742084980011,0.18297544866800308,0.12276663556694985,91.21363830566406,0.5037517786026001,51350.0,7017.0,51350.0
2.186015108472135e-05,2.186015108472135e-05,0.01738865375518799,0.27700168788433077,0.14794708415865898,0.12905460298061372,95.8036880493164,0.4932103633880615,51400.0,6993.0,51400.0
2.1821934037370445e-05,2.1821934037370445e-05,0.016395759582519532,0.3413178399205208,0.187130993232131,0.1541868470609188,96.29769897460938,0.5012390375137329,51450.0,7042.0,51450.0
2.1783716990019552e-05,2.1783716990019552e-05,0.015363216400146484,0.3173623919487,0.17282264158129693,0.14453974589705468,87.88456726074219,0.49540143013000487,51500.0,7026.0,51500.0
2.1745499942668657e-05,2.1745499942668657e-05,0.017696022987365723,0.2683755099773407,0.1505253165960312,0.1178501933813095,92.21141815185547,0.5005739450454711,51550.0,7051.0,51550.0
2.1707282895317758e-05,2.1707282895317758e-05,0.01737699508666992,0.2995021969079971,0.16737566590309144,0.13212653547525405,94.07849884033203,0.500742244720459,51600.0,7033.0,51600.0
2.1669065847966862e-05,2.1669065847966862e-05,0.020568346977233885,0.26858609914779663,0.15224179476499558,0.11634430140256882,94.56818389892578,0.5103814125061035,51650.0,7033.0,51650.0
2.1630848800615963e-05,2.1630848800615963e-05,0.017026829719543456,0.2746386468410492,0.15149919018149377,0.12313945218920708,96.16287994384766,0.5009119033813476,51700.0,7032.0,51700.0
2.1592631753265067e-05,2.1592631753265067e-05,0.017728185653686522,0.28151926696300505,0.1519570991396904,0.12956217154860497,95.34841918945312,0.49949333667755125,51750.0,7000.0,51750.0
2.1554414705914168e-05,2.1554414705914168e-05,0.017368793487548828,0.2807723358273506,0.1508117988705635,0.1299605295062065,94.57220458984375,0.49747681617736816,51800.0,7036.0,51800.0
2.1516197658563266e-05,2.1516197658563266e-05,0.01572549343109131,0.29321264922618867,0.1743851162493229,0.11882753521203995,92.71021270751953,0.491681432723999,51850.0,7020.0,51850.0
2.1477980611212363e-05,2.1477980611212363e-05,0.021048927307128908,0.31762020885944364,0.17847476676106452,0.13914544507861137,93.20982360839844,0.5085640668869018,51900.0,7030.0,51900.0
2.143976356386147e-05,2.143976356386147e-05,0.018195462226867676,0.269670732319355,0.14213933199644088,0.12753139510750772,96.74791717529297,0.49575300216674806,51950.0,7023.0,51950.0
2.1401546516510572e-05,2.1401546516510572e-05,0.017316555976867674,0.2863174706697464,0.16018274202942848,0.1261347271502018,95.63831329345703,0.4962936878204346,52000.0,7005.0,52000.0
2.1363329469159673e-05,2.1363329469159673e-05,0.01659538745880127,0.30534048080444337,0.16941197887063025,0.13592850118875505,96.30870056152344,0.4983417510986328,52050.0,7038.0,52050.0
2.1325112421808787e-05,2.1325112421808787e-05,0.016926288604736328,0.30205894112586973,0.16666996106505394,0.13538898006081582,96.0882339477539,0.5006212711334228,52100.0,7059.0,52100.0
2.128689537445791e-05,2.128689537445791e-05,0.018238377571105958,0.31598728001117704,0.17832095623016359,0.13766632229089737,94.81687927246094,0.5062623739242553,52150.0,7012.0,52150.0
2.124867832710702e-05,2.124867832710702e-05,0.017908239364624025,0.2755438819527626,0.15406523868441582,0.12147864028811454,95.55653381347656,0.4971130609512329,52200.0,7017.0,52200.0
2.121046127975613e-05,2.121046127975613e-05,0.019252538681030273,0.2799055948853493,0.1449069730937481,0.13499862477183341,94.57376861572266,0.5035231828689575,52250.0,7028.0,52250.0
2.1172244232405235e-05,2.1172244232405235e-05,0.019632363319396974,0.28246295899152757,0.16727232933044434,0.1151906281709671,95.23011779785156,0.5000828742980957,52300.0,7032.0,52300.0
2.113402718505433e-05,2.113402718505433e-05,0.017045998573303224,0.25816797465085983,0.13729580119252205,0.12087217345833778,93.32402801513672,0.49397599697113037,52350.0,7039.0,52350.0
2.109581013770344e-05,2.109581013770344e-05,0.018506741523742674,0.32420484721660614,0.18790226578712463,0.13630258440971374,94.26603698730469,0.5004423379898071,52400.0,7046.0,52400.0
2.1057593090352558e-05,2.1057593090352558e-05,0.016550278663635253,0.26792547255754473,0.13998683169484138,0.1279386393725872,94.58793640136719,0.49466514587402344,52450.0,7024.0,52450.0
2.1019376043001655e-05,2.1019376043001655e-05,0.01800806522369385,0.26725268363952637,0.1352090783417225,0.13204360529780387,96.30916595458984,0.5055127143859863,52500.0,7044.0,52500.0
2.098115899565076e-05,2.098115899565076e-05,0.016771388053894044,0.2697922393679619,0.1462968669831753,0.12349537238478661,93.07964324951172,0.4994267702102661,52550.0,7022.0,52550.0
2.0942941948299874e-05,2.0942941948299874e-05,0.016022849082946777,0.3375212728977203,0.1976655937731266,0.13985568284988403,95.85562896728516,0.4969018459320068,52600.0,7001.0,52600.0
2.0904724900948985e-05,2.0904724900948985e-05,0.019091534614562988,0.28753247708082197,0.1599935322999954,0.12753894403576851,95.18206787109375,0.49928452968597414,52650.0,7013.0,52650.0
2.0866507853598073e-05,2.0866507853598073e-05,0.019560360908508302,0.34861613512039186,0.2052258111536503,0.14339032098650933,93.83477783203125,0.5045275926589966,52700.0,7023.0,52700.0
2.0828290806247187e-05,2.0828290806247187e-05,0.018546795845031737,0.29849493205547334,0.17349872887134551,0.12499620318412781,91.79766845703125,0.5012325286865235,52750.0,7055.0,52750.0
2.0790073758896285e-05,2.0790073758896285e-05,0.016796183586120606,0.2663330420851707,0.13344613015651702,0.13288690969347955,97.31040954589844,0.4974033355712891,52800.0,7003.0,52800.0
2.0751856711545402e-05,2.0751856711545402e-05,0.0165924072265625,0.28191791772842406,0.14809809625148773,0.13381981775164603,95.10706329345703,0.49404077529907225,52850.0,7040.0,52850.0
2.0713639664194503e-05,2.0713639664194503e-05,0.018395495414733887,0.3062885046005249,0.17439771816134453,0.13189078047871589,94.72750854492188,0.5099058389663697,52900.0,7051.0,52900.0
2.0675422616843604e-05,2.0675422616843604e-05,0.017159223556518555,0.3301013484597206,0.18913147673010827,0.14096986800432204,95.69058227539062,0.4959418535232544,52950.0,7041.0,52950.0
2.0637205569492702e-05,2.0637205569492702e-05,0.019641828536987305,0.32134307026863096,0.1849317044019699,0.13641136959195138,89.27057647705078,0.5027693271636963,53000.0,7042.0,53000.0
2.0598988522141826e-05,2.0598988522141826e-05,0.01866602897644043,0.3024631917476654,0.17915574386715888,0.12330745235085487,96.44508361816406,0.5075165271759033,53050.0,7032.0,53050.0
2.056077147479094e-05,2.056077147479094e-05,0.02023906707763672,0.3228080660104752,0.1967134267091751,0.12609463855624198,90.52793884277344,0.5089316129684448,53100.0,7010.0,53100.0
2.0522554427440052e-05,2.0522554427440052e-05,0.017978620529174805,0.2942804127931595,0.1611466094851494,0.13313380032777786,91.8482666015625,0.5045766353607177,53150.0,7027.0,53150.0
2.0484337380089166e-05,2.0484337380089166e-05,0.018349766731262207,0.28532968908548356,0.16116732880473136,0.12416236251592636,89.3200912475586,0.4945117712020874,53200.0,6995.0,53200.0
2.0446120332738274e-05,2.0446120332738274e-05,0.017972278594970702,0.27242069244384765,0.15393450781702994,0.11848618611693382,93.09092712402344,0.4937718391418457,53250.0,7012.0,53250.0
2.040790328538738e-05,2.040790328538738e-05,0.016929769515991212,0.2741296634078026,0.1464497558772564,0.1276799127459526,94.36624145507812,0.4934372901916504,53300.0,7026.0,53300.0
2.036968623803649e-05,2.036968623803649e-05,0.019083237648010253,0.2511908829212189,0.12474457323551177,0.12644631043076515,96.2992935180664,0.5030370712280273,53350.0,7065.0,53350.0
2.0331469190685604e-05,2.0331469190685604e-05,0.016626524925231933,0.3302166759967804,0.19829617366194724,0.1319204993546009,86.15296173095703,0.4903489351272583,53400.0,7025.0,53400.0
2.0293252143334722e-05,2.0293252143334722e-05,0.017785000801086425,0.27902647852897644,0.15012386590242385,0.1289026126265526,95.64867401123047,0.5044573545455933,53450.0,7035.0,53450.0
2.0255035095983847e-05,2.0255035095983847e-05,0.018826937675476073,0.2823819562792778,0.15479991286993028,0.12758204191923142,97.26905822753906,0.5123931407928467,53500.0,6997.0,53500.0
2.0216818048632937e-05,2.0216818048632937e-05,0.01888406276702881,0.30080361366271974,0.1704339124262333,0.13036970123648645,94.50727081298828,0.5043447732925415,53550.0,7044.0,53550.0
2.017860100128205e-05,2.017860100128205e-05,0.01975381374359131,0.2593663141131401,0.13225282207131386,0.1271134912967682,96.43150329589844,0.5150274038314819,53600.0,7083.0,53600.0
2.014038395393115e-05,2.014038395393115e-05,0.019025969505310058,0.3309953361749649,0.19199734702706336,0.13899799883365632,93.53376007080078,0.5055233001708984,53650.0,7010.0,53650.0
2.0102166906580257e-05,2.0102166906580257e-05,0.017247533798217772,0.2779512479901314,0.15050258859992027,0.12744865640997888,94.0378646850586,0.5019214153289795,53700.0,7019.0,53700.0
2.006394985922936e-05,2.006394985922936e-05,0.017344069480895997,0.3054330438375473,0.17642111107707023,0.12901193499565125,96.21015167236328,0.5009648084640503,53750.0,7026.0,53750.0
2.0025732811878483e-05,2.0025732811878483e-05,0.01882016658782959,0.27749194353818896,0.1542898267507553,0.12320211827754975,97.27153778076172,0.5087667942047119,53800.0,7015.0,53800.0
1.9987515764527573e-05,1.9987515764527573e-05,0.01600027084350586,0.32581021189689635,0.1984045349061489,0.12740567922592164,92.1174087524414,0.4949656963348389,53850.0,7063.0,53850.0
1.9949298717176667e-05,1.9949298717176667e-05,0.016225314140319823,0.3000617563724518,0.16552640795707702,0.13453535065054895,94.29676818847656,0.4926532506942749,53900.0,7005.0,53900.0
1.991108166982578e-05,1.991108166982578e-05,0.016826272010803223,0.29032524973154067,0.1614352948963642,0.12888995856046676,94.44066619873047,0.49292640686035155,53950.0,7019.0,53950.0
1.9872864622474893e-05,1.9872864622474893e-05,0.015971851348876954,0.33006309270858764,0.1933271639049053,0.13673593029379844,91.96636962890625,0.49374732971191404,54000.0,7065.0,54000.0
1.9834647575124e-05,1.9834647575124e-05,0.018221068382263183,0.3124374583363533,0.18240526542067528,0.13003219291567802,92.99744415283203,0.5286901473999024,54050.0,7047.0,54050.0
1.9796430527773098e-05,1.9796430527773098e-05,0.017791056632995607,0.300136062502861,0.16805643141269683,0.1320796325802803,95.74541473388672,0.5104825496673584,54100.0,7033.0,54100.0
1.97582134804222e-05,1.97582134804222e-05,0.017282271385192872,0.29991504848003386,0.16255194023251535,0.13736310601234436,93.34173583984375,0.5003532648086548,54150.0,7059.0,54150.0
1.971999643307129e-05,1.971999643307129e-05,0.01717967987060547,0.27958150804042814,0.15699574425816537,0.1225857600569725,95.04743194580078,0.4928708553314209,54200.0,7051.0,54200.0
1.9681779385720404e-05,1.9681779385720404e-05,0.017276954650878907,0.27925768345594404,0.14699073657393455,0.13226694539189338,93.9712142944336,0.5041063547134399,54250.0,7036.0,54250.0
1.9643562338369522e-05,1.9643562338369522e-05,0.018842148780822753,0.3420706480741501,0.21077897101640702,0.131291676312685,96.65658569335938,0.4970533847808838,54300.0,7025.0,54300.0
1.960534529101862e-05,1.960534529101862e-05,0.02049856185913086,0.25445621460676193,0.14594239220023156,0.10851382166147232,96.24102020263672,0.5076707601547241,54350.0,7001.0,54350.0
1.956712824366772e-05,1.956712824366772e-05,0.01715559959411621,0.28256334364414215,0.14770056679844856,0.1348627805709839,95.25450897216797,0.5118276357650757,54400.0,7030.0,54400.0
1.9528911196316832e-05,1.9528911196316832e-05,0.016412758827209474,0.3196152687072754,0.17867951318621636,0.1409357562661171,95.63973236083984,0.49324522018432615,54450.0,7052.0,54450.0
1.9490694148965936e-05,1.9490694148965936e-05,0.017171049118041994,0.24480346441268921,0.12533702552318574,0.11946643367409707,97.04564666748047,0.4951888084411621,54500.0,7059.0,54500.0
1.9452477101615054e-05,1.9452477101615054e-05,0.01660895347595215,0.3003488749265671,0.16723789647221565,0.13311097770929337,95.38646697998047,0.49865744113922117,54550.0,7049.0,54550.0
1.9414260054264165e-05,1.9414260054264165e-05,0.0169522762298584,0.29570686668157575,0.16556233316659927,0.1301445372402668,93.05994415283203,0.4986809968948364,54600.0,7003.0,54600.0
1.9376043006913262e-05,1.9376043006913262e-05,0.017547750473022462,0.29543818831443786,0.16232273876667022,0.1331154465675354,94.91046142578125,0.5050876855850219,54650.0,7034.0,54650.0
1.9337825959562374e-05,1.9337825959562374e-05,0.01936008930206299,0.3005469247698784,0.16963255256414414,0.1309143714606762,95.1596450805664,0.4978003025054932,54700.0,7025.0,54700.0
1.9299608912211474e-05,1.9299608912211474e-05,0.016278934478759766,0.30455688536167147,0.1638289362192154,0.1407279424369335,96.33369445800781,0.4974974155426025,54750.0,7037.0,54750.0
1.9261391864860586e-05,1.9261391864860586e-05,0.015776443481445312,0.29613821655511857,0.15922710448503494,0.1369111083447933,95.9119873046875,0.49305598735809325,54800.0,7009.0,54800.0
1.9223174817509693e-05,1.9223174817509693e-05,0.01613461971282959,0.26727610677480695,0.13927964344620705,0.12799646556377411,94.0074234008789,0.4944932460784912,54850.0,7027.0,54850.0
1.918495777015879e-05,1.918495777015879e-05,0.016643047332763672,0.302509905397892,0.17676163390278815,0.12574827298521996,93.49481201171875,0.4963207244873047,54900.0,7013.0,54900.0
1.9146740722807902e-05,1.9146740722807902e-05,0.01574368476867676,0.2465706765651703,0.13125527873635293,0.11531539782881736,96.48828887939453,0.4876440763473511,54950.0,7029.0,54950.0
1.9108523675457006e-05,1.9108523675457006e-05,0.015557169914245605,0.29502875804901124,0.16523743718862532,0.12979132160544396,93.91499328613281,0.49217495918273924,55000.0,6997.0,55000.0
1.9070306628106114e-05,1.9070306628106114e-05,0.01697838306427002,0.25222629457712176,0.13020254746079446,0.12202374935150147,93.031982421875,0.49475481510162356,55050.0,7039.0,55050.0
1.903208958075523e-05,1.903208958075523e-05,0.01862523555755615,0.3711581826210022,0.22167735248804094,0.14948083385825156,95.22038269042969,0.5180092573165893,55100.0,7033.0,55100.0
1.8993872533404336e-05,1.8993872533404336e-05,0.0176527738571167,0.2931999936699867,0.15608709380030633,0.13711290135979654,94.85863494873047,0.49916529655456543,55150.0,7037.0,55150.0
1.8955655486053444e-05,1.8955655486053444e-05,0.018218040466308594,0.2888849705457687,0.16665567755699157,0.12222929820418357,91.06945037841797,0.4998107194900513,55200.0,7010.0,55200.0
1.8917438438702545e-05,1.8917438438702545e-05,0.01755192279815674,0.2507615312933922,0.13496426418423652,0.1157972663640976,96.19692993164062,0.49779491424560546,55250.0,7029.0,55250.0
1.887922139135166e-05,1.887922139135166e-05,0.01649947166442871,0.3065316900610924,0.17221110537648202,0.13432058393955232,90.45166778564453,0.49580338001251223,55300.0,7030.0,55300.0
1.884100434400077e-05,1.884100434400077e-05,0.017670512199401855,0.2919911190867424,0.15719539672136307,0.1347957208752632,94.63490295410156,0.4995683193206787,55350.0,7014.0,55350.0
1.8802787296649888e-05,1.8802787296649888e-05,0.01774775981903076,0.36056567579507826,0.22112177833914756,0.13944389522075654,91.05865478515625,0.5034840822219848,55400.0,7034.0,55400.0
1.8764570249298996e-05,1.8764570249298996e-05,0.016725826263427734,0.29387027323246,0.16782466173171998,0.12604561150074006,93.86689758300781,0.49477379322052,55450.0,7042.0,55450.0
1.8726353201948114e-05,1.8726353201948114e-05,0.0206268310546875,0.2988287851214409,0.1651512898504734,0.13367749899625778,96.26174926757812,0.5125982522964477,55500.0,7025.0,55500.0
1.868813615459721e-05,1.868813615459721e-05,0.017866301536560058,0.2833749935030937,0.16193136796355248,0.12144362330436706,96.18661499023438,0.49521336555480955,55550.0,7010.0,55550.0
1.864991910724633e-05,1.864991910724633e-05,0.019970083236694337,0.3287086755037308,0.19061799794435502,0.13809067904949188,84.0641098022461,0.5144209861755371,55600.0,7038.0,55600.0
1.8611702059895447e-05,1.8611702059895447e-05,0.015962100028991698,0.31265587657690047,0.17996432706713678,0.13269155025482177,93.86183166503906,0.4968217134475708,55650.0,7022.0,55650.0
1.8573485012544554e-05,1.8573485012544554e-05,0.01575045585632324,0.27657937109470365,0.15502271056175232,0.12155665978789329,96.77648162841797,0.49396581649780275,55700.0,7031.0,55700.0
1.8535267965193645e-05,1.8535267965193645e-05,0.018458032608032228,0.2745463564991951,0.14730227068066598,0.12724408879876137,96.0381088256836,0.4969836711883545,55750.0,7034.0,55750.0
1.849705091784277e-05,1.849705091784277e-05,0.017298293113708497,0.3162254333496094,0.186220982670784,0.13000445067882538,95.63859558105469,0.49244041442871095,55800.0,7014.0,55800.0
1.8458833870491888e-05,1.8458833870491888e-05,0.01964268684387207,0.29493835717439654,0.1718626968562603,0.12307566404342651,95.30015563964844,0.5144965887069702,55850.0,7015.0,55850.0
1.842061682314101e-05,1.842061682314101e-05,0.01826598644256592,0.27884822338819504,0.1601714722812176,0.11867675110697747,95.6007080078125,0.5053454160690307,55900.0,7015.0,55900.0
1.8382399775790123e-05,1.8382399775790123e-05,0.01728963851928711,0.2876263692975044,0.1610410526394844,0.12658531218767166,94.13665771484375,0.495201563835144,55950.0,7078.0,55950.0
1.8344182728439235e-05,1.8344182728439235e-05,0.017531275749206543,0.3269818305969238,0.19191970080137252,0.13506213277578355,94.50769805908203,0.5026129961013794,56000.0,7025.0,56000.0
1.830596568108835e-05,1.830596568108835e-05,0.018204593658447267,0.27992219626903536,0.15107575058937073,0.12884644642472268,94.43294525146484,0.4998647928237915,56050.0,7018.0,56050.0
1.826774863373746e-05,1.826774863373746e-05,0.020623421669006346,0.31876455843448637,0.19241736084222794,0.1263471968472004,90.78577423095703,0.5042131185531616,56100.0,7026.0,56100.0
1.8229531586386575e-05,1.8229531586386575e-05,0.01992223262786865,0.2974799796938896,0.18200618103146554,0.1154738001525402,96.62515258789062,0.49746639728546144,56150.0,7018.0,56150.0
1.819131453903569e-05,1.819131453903569e-05,0.017382431030273437,0.37480316758155824,0.24095731005072593,0.13384585082530975,94.42039489746094,0.5016886472702027,56200.0,6998.0,56200.0
1.8153097491684797e-05,1.8153097491684797e-05,0.017971277236938477,0.30023965090513227,0.17395049929618836,0.12628915309906005,88.30974578857422,0.49977052211761475,56250.0,7026.0,56250.0
1.8114880444333904e-05,1.8114880444333904e-05,0.022292041778564455,0.2517894387245178,0.12280396595597268,0.1289854720234871,95.36122131347656,0.502774429321289,56300.0,7060.0,56300.0
1.807666339698301e-05,1.807666339698301e-05,0.0181196928024292,0.26065350472927096,0.13996208012104033,0.1206914246082306,95.27427673339844,0.5000244379043579,56350.0,7021.0,56350.0
1.803844634963212e-05,1.803844634963212e-05,0.020082259178161622,0.29229369908571246,0.1621992290019989,0.1300944685935974,95.48738098144531,0.5043437242507934,56400.0,7014.0,56400.0
1.8000229302281238e-05,1.8000229302281238e-05,0.016727399826049805,0.284102463722229,0.15185758471488953,0.1322448693215847,94.6135482788086,0.49537811279296873,56450.0,7035.0,56450.0
1.7962012254930345e-05,1.7962012254930345e-05,0.01855192184448242,0.3188823044300079,0.19661405235528945,0.12226825505495072,93.65653991699219,0.49737560749053955,56500.0,7028.0,56500.0
1.792379520757946e-05,1.792379520757946e-05,0.018445515632629396,0.29571839421987534,0.16370645314455032,0.13201194033026695,92.38150787353516,0.5001826047897339,56550.0,7024.0,56550.0
1.7885578160228567e-05,1.7885578160228567e-05,0.01961953639984131,0.30854700356721876,0.166275043040514,0.14227196350693702,95.4247817993164,0.5023952484130859,56600.0,7026.0,56600.0
1.784736111287768e-05,1.784736111287768e-05,0.018239092826843262,0.30865375250577926,0.19406575411558152,0.11458799391984939,96.15675354003906,0.502425241470337,56650.0,7027.0,56650.0
1.7809144065526793e-05,1.7809144065526793e-05,0.017564678192138673,0.3074459284543991,0.17493091225624086,0.1325150176882744,94.58045959472656,0.5024038791656494,56700.0,7036.0,56700.0
1.7770927018175904e-05,1.7770927018175904e-05,0.018816161155700683,0.2701369047164917,0.14906211495399474,0.12107478752732277,94.93727111816406,0.5046547651290894,56750.0,7015.0,56750.0
1.773270997082501e-05,1.773270997082501e-05,0.01875607967376709,0.2916052728891373,0.1658835917711258,0.12572168707847595,92.15947723388672,0.4998054265975952,56800.0,7008.0,56800.0
1.769449292347413e-05,1.769449292347413e-05,0.018796920776367188,0.3071435734629631,0.17543472200632096,0.13170885145664216,92.5225830078125,0.5062032699584961,56850.0,7023.0,56850.0
1.7656275876123254e-05,1.7656275876123254e-05,0.018913865089416504,0.26576429307460786,0.14915922656655312,0.11660506576299667,95.48583221435547,0.5127668142318725,56900.0,7029.0,56900.0
1.761805882877238e-05,1.761805882877238e-05,0.018750262260437012,0.31350901573896406,0.17477444633841516,0.13873457238078118,94.99677276611328,0.5128598928451538,56950.0,7010.0,56950.0
1.7579841781421504e-05,1.7579841781421504e-05,0.01917719841003418,0.2893489062786102,0.16141345724463463,0.1279354512691498,94.18387603759766,0.501627779006958,57000.0,7018.0,57000.0
1.7541624734070615e-05,1.7541624734070615e-05,0.017586493492126466,0.2774112120270729,0.15710546299815178,0.12030575200915336,93.69599914550781,0.49506638050079343,57050.0,7045.0,57050.0
1.750340768671972e-05,1.750340768671972e-05,0.018822646141052245,0.2974835246801376,0.1605975218117237,0.13688599988818168,95.00994873046875,0.5184612274169922,57100.0,7029.0,57100.0
1.746519063936883e-05,1.746519063936883e-05,0.019327807426452636,0.32760640382766726,0.18868231922388076,0.13892409056425095,94.67945861816406,0.5011413335800171,57150.0,7029.0,57150.0
1.7426973592017944e-05,1.7426973592017944e-05,0.01654069423675537,0.34061343520879744,0.1970819801092148,0.14353145360946656,95.27044677734375,0.49287216663360595,57200.0,7017.0,57200.0
1.7388756544667062e-05,1.7388756544667062e-05,0.01769556999206543,0.2759476602077484,0.14453071132302284,0.13141694739460946,96.31363677978516,0.4954857587814331,57250.0,7039.0,57250.0
1.7350539497316184e-05,1.7350539497316184e-05,0.01821112632751465,0.29830949902534487,0.16460947841405868,0.13370002210140228,93.23418426513672,0.5008382558822632,57300.0,7018.0,57300.0
1.7312322449965305e-05,1.7312322449965305e-05,0.018609237670898438,0.3006602942943573,0.16480276882648467,0.1358575239777565,94.86669158935547,0.5096889495849609,57350.0,7013.0,57350.0
1.7274105402614423e-05,1.7274105402614423e-05,0.019275879859924315,0.30117836594581604,0.1688352108001709,0.13234316036105156,94.18063354492188,0.5039496660232544,57400.0,7067.0,57400.0
1.723588835526354e-05,1.723588835526354e-05,0.018281435966491698,0.32267515510320666,0.18515560925006866,0.13751954808831215,94.27835845947266,0.5062932014465332,57450.0,7011.0,57450.0
1.7197671307912645e-05,1.7197671307912645e-05,0.017876577377319337,0.3081127002835274,0.16842691972851753,0.13968577831983567,93.70116424560547,0.49749972820281985,57500.0,7031.0,57500.0
1.715945426056175e-05,1.715945426056175e-05,0.019713401794433594,0.2690409108996391,0.15057689547538758,0.11846402063965797,95.83137512207031,0.5052252769470215,57550.0,6988.0,57550.0
1.7121237213210864e-05,1.7121237213210864e-05,0.01942117214202881,0.30382044315338136,0.17441697120666505,0.1294034741818905,94.23614501953125,0.504104495048523,57600.0,7017.0,57600.0
1.7083020165859965e-05,1.7083020165859965e-05,0.015725874900817872,0.26392077207565307,0.1393096923828125,0.12461108565330506,96.00707244873047,0.49435369968414306,57650.0,7038.0,57650.0
1.704480311850908e-05,1.704480311850908e-05,0.0182464599609375,0.28585598319768907,0.1597236327826977,0.12613235116004945,95.02362060546875,0.500203537940979,57700.0,7031.0,57700.0
1.700658607115819e-05,1.700658607115819e-05,0.016232109069824217,0.2802649557590485,0.15684250742197037,0.12342245131731033,91.05718231201172,0.4966341733932495,57750.0,7048.0,57750.0
1.6968369023807315e-05,1.6968369023807315e-05,0.01796457767486572,0.3085471481084824,0.176092941313982,0.13245420157909393,95.75784301757812,0.49954659938812257,57800.0,7035.0,57800.0
1.6930151976456426e-05,1.6930151976456426e-05,0.018552207946777345,0.2896104991436005,0.14788136184215545,0.14172913432121276,94.26708984375,0.5026944160461426,57850.0,7032.0,57850.0
1.6891934929105533e-05,1.6891934929105533e-05,0.018621301651000975,0.280488021671772,0.14746409878134728,0.1330239199101925,94.8654556274414,0.5074831247329712,57900.0,7001.0,57900.0
1.685371788175465e-05,1.685371788175465e-05,0.01962916851043701,0.2721033200621605,0.14144539684057236,0.130657921731472,94.09266662597656,0.5158803939819336,57950.0,7029.0,57950.0
1.681550083440375e-05,1.681550083440375e-05,0.019952607154846192,0.28588384091854097,0.1523782067000866,0.1335056334733963,92.55069732666016,0.5087891340255737,58000.0,7027.0,58000.0
1.6777283787052853e-05,1.6777283787052853e-05,0.019574689865112304,0.27901208996772764,0.15109169334173203,0.12792039215564727,90.2880859375,0.50305335521698,58050.0,7023.0,58050.0
1.673906673970197e-05,1.673906673970197e-05,0.017665719985961913,0.2735889956355095,0.14957579970359802,0.12401319593191147,95.80916595458984,0.49666709899902345,58100.0,7003.0,58100.0
1.6700849692351092e-05,1.6700849692351092e-05,0.019060230255126952,0.2778343096375465,0.14721597135066986,0.130618342012167,94.54281616210938,0.5063311815261841,58150.0,7017.0,58150.0
1.666263264500021e-05,1.666263264500021e-05,0.016402935981750487,0.28253697156906127,0.15401082411408423,0.12852615267038345,93.39714813232422,0.4922233819961548,58200.0,7001.0,58200.0
1.6624415597649325e-05,1.6624415597649325e-05,0.016458868980407715,0.2977995634078979,0.17375852763652802,0.12404103502631188,94.9826889038086,0.49584410190582273,58250.0,7030.0,58250.0
1.6586198550298432e-05,1.6586198550298432e-05,0.016407012939453125,0.2843220174312592,0.1614515818655491,0.1228704385459423,94.55716705322266,0.4969442129135132,58300.0,7008.0,58300.0
1.654798150294755e-05,1.654798150294755e-05,0.017432165145874024,0.26930216401815416,0.15122392401099205,0.11807824000716209,92.94400787353516,0.4991429805755615,58350.0,7013.0,58350.0
1.650976445559665e-05,1.650976445559665e-05,0.015382027626037598,0.2814030423760414,0.14654430449008943,0.13485873863101006,93.82640075683594,0.49753470420837403,58400.0,7091.0,58400.0
1.6471547408245772e-05,1.6471547408245772e-05,0.015853357315063477,0.30727384984493256,0.16577480509877204,0.14149904623627663,92.92813873291016,0.49809019565582274,58450.0,7026.0,58450.0
1.6433330360894887e-05,1.6433330360894887e-05,0.01667168140411377,0.29609160870313644,0.1573103591799736,0.13878124728798866,94.05157470703125,0.5008194446563721,58500.0,7062.0,58500.0
1.6395113313544008e-05,1.6395113313544008e-05,0.01839752197265625,0.3131152331829071,0.18338336050510406,0.129731871932745,92.91820526123047,0.5129184722900391,58550.0,7007.0,58550.0
1.6356896266193123e-05,1.6356896266193123e-05,0.017769360542297365,0.2725367322564125,0.14582296088337898,0.1267137736082077,96.0345458984375,0.5122140407562256,58600.0,7004.0,58600.0
1.6318679218842237e-05,1.6318679218842237e-05,0.01656498908996582,0.2899753123521805,0.1524954080581665,0.13747990801930426,95.3450927734375,0.49718964099884033,58650.0,7032.0,58650.0
1.628046217149135e-05,1.628046217149135e-05,0.01667752265930176,0.29114983379840853,0.1601574420928955,0.1309923954308033,96.22124481201172,0.504746675491333,58700.0,7037.0,58700.0
1.624224512414047e-05,1.624224512414047e-05,0.01841597557067871,0.2750573977828026,0.15279698595404625,0.12226040959358216,92.28939056396484,0.5096828937530518,58750.0,7025.0,58750.0
1.6204028076789577e-05,1.6204028076789577e-05,0.018467068672180176,0.2954318359494209,0.1540621906518936,0.14136964157223703,93.40787506103516,0.500138521194458,58800.0,7046.0,58800.0
1.616581102943869e-05,1.616581102943869e-05,0.018297886848449706,0.287839075922966,0.16756144538521767,0.12027763053774834,93.3049545288086,0.5040599584579468,58850.0,7010.0,58850.0
1.612759398208781e-05,1.612759398208781e-05,0.01599447727203369,0.299881836771965,0.16064198091626167,0.1392398566007614,93.5385971069336,0.4977951765060425,58900.0,7071.0,58900.0
1.6089376934736917e-05,1.6089376934736917e-05,0.01710062026977539,0.3289436504244804,0.1929055094718933,0.1360381357371807,90.54647064208984,0.49999825954437255,58950.0,7053.0,58950.0
1.6051159887386025e-05,1.6051159887386025e-05,0.018403387069702147,0.2891513705253601,0.1569767840206623,0.13217458352446557,95.65917205810547,0.5098825931549072,59000.0,7056.0,59000.0
1.6012942840035132e-05,1.6012942840035132e-05,0.018012166023254395,0.27211776226758955,0.15472170040011407,0.11739605739712715,95.1323013305664,0.5043205976486206,59050.0,6992.0,59050.0
1.5974725792684243e-05,1.5974725792684243e-05,0.01800997257232666,0.272226570546627,0.1447259396314621,0.12750062942504883,92.93827056884766,0.5015247344970704,59100.0,7018.0,59100.0
1.5936508745333348e-05,1.5936508745333348e-05,0.02028958797454834,0.3287862926721573,0.19429569616913794,0.13449059873819352,93.40518951416016,0.5035740613937378,59150.0,7027.0,59150.0
1.5898291697982476e-05,1.5898291697982476e-05,0.018893051147460937,0.3065599024295807,0.1781121961772442,0.1284477010369301,95.5848159790039,0.5087014675140381,59200.0,7004.0,59200.0
1.586007465063159e-05,1.586007465063159e-05,0.017722153663635255,0.32433733642101287,0.18588675409555436,0.13845058158040047,97.39299011230469,0.4986639261245728,59250.0,7004.0,59250.0
1.5821857603280718e-05,1.5821857603280718e-05,0.01779983043670654,0.2781463086605072,0.15208453088998794,0.1260617733001709,96.00589752197266,0.5245377063751221,59300.0,7051.0,59300.0
1.5783640555929826e-05,1.5783640555929826e-05,0.017975544929504393,0.34017561078071595,0.18737920597195626,0.15279639810323714,94.73859405517578,0.5289726018905639,59350.0,7028.0,59350.0
1.5745423508578934e-05,1.5745423508578934e-05,0.017648696899414062,0.2989819660782814,0.1766878545284271,0.12229411229491234,94.65269470214844,0.516045331954956,59400.0,7009.0,59400.0
1.5707206461228058e-05,1.5707206461228058e-05,0.01955254077911377,0.331490258872509,0.2006790407001972,0.130811221152544,86.20620727539062,0.5013280868530273,59450.0,7050.0,59450.0
1.5668989413877173e-05,1.5668989413877173e-05,0.01944394111633301,0.2962756171822548,0.1676518552005291,0.12862375974655152,97.34797668457031,0.5047216892242432,59500.0,7025.0,59500.0
1.563077236652628e-05,1.563077236652628e-05,0.017130947113037108,0.3125613495707512,0.18168479949235916,0.13087655156850814,96.1119384765625,0.5031521797180176,59550.0,7054.0,59550.0
1.5592555319175395e-05,1.5592555319175395e-05,0.01889009475708008,0.326611103117466,0.1849056139588356,0.14170549362897872,95.29994201660156,0.5153593301773072,59600.0,7010.0,59600.0
1.5554338271824506e-05,1.5554338271824506e-05,0.017652273178100586,0.2945138618350029,0.17245207130908966,0.12206178903579712,96.32383728027344,0.4997066020965576,59650.0,7013.0,59650.0
1.5516121224473614e-05,1.5516121224473614e-05,0.01876990795135498,0.2862050712108612,0.1531476631760597,0.13305740877985955,95.12950134277344,0.5081363201141358,59700.0,7008.0,59700.0
1.5477904177122728e-05,1.5477904177122728e-05,0.018215346336364745,0.2437852591276169,0.12101811319589614,0.12276713997125625,96.97631072998047,0.5016173839569091,59750.0,7024.0,59750.0
1.543968712977184e-05,1.543968712977184e-05,0.019154167175292967,0.2920876920223236,0.16526646092534064,0.12682122811675073,92.07723236083984,0.4986953973770142,59800.0,7033.0,59800.0
1.5401470082420957e-05,1.5401470082420957e-05,0.01929805278778076,0.27792163491249083,0.15971539169549942,0.1182062491774559,93.84058380126953,0.5060462713241577,59850.0,7006.0,59850.0
1.536325303507008e-05,1.536325303507008e-05,0.019002342224121095,0.3140593975782394,0.18128678053617478,0.1327726125717163,94.90901184082031,0.5077412605285645,59900.0,6988.0,59900.0
1.5325035987719196e-05,1.5325035987719196e-05,0.01821932792663574,0.3289569139480591,0.1977571502327919,0.13119976669549943,92.76426696777344,0.5224605560302734,59950.0,7023.0,59950.0
1.5286818940368314e-05,1.5286818940368314e-05,0.01979382038116455,0.2868061810731888,0.1657911002635956,0.12101508229970932,94.12201690673828,0.5051781415939331,60000.0,7030.0,60000.0
1.5248601893017417e-05,1.5248601893017417e-05,0.01881561279296875,0.35067925453186033,0.21292707398533822,0.13775218576192855,93.05379486083984,0.505714750289917,60050.0,6998.0,60050.0
1.5210384845666497e-05,1.5210384845666497e-05,0.01890091896057129,0.31234320998191833,0.1812065325677395,0.13113667517900468,97.09355926513672,0.5042356252670288,60100.0,7017.0,60100.0
1.5172167798315574e-05,1.5172167798315574e-05,0.017679786682128905,0.258747535943985,0.13287326991558074,0.12587426900863646,96.68557739257812,0.49729964733123777,60150.0,7061.0,60150.0
1.5133950750964657e-05,1.5133950750964657e-05,0.01842055320739746,0.31084552109241487,0.17764334753155708,0.13320218101143838,91.54141998291016,0.5137243032455444,60200.0,7037.0,60200.0
1.509573370361373e-05,1.509573370361373e-05,0.020110321044921876,0.29496387094259263,0.16167744025588035,0.1332864336669445,93.86434173583984,0.5023614406585694,60250.0,7027.0,60250.0
1.5057516656262811e-05,1.5057516656262811e-05,0.018931078910827636,0.30870869755744934,0.17591343745589255,0.13279525861144065,92.40601348876953,0.5064596891403198,60300.0,7006.0,60300.0
1.5019299608911887e-05,1.5019299608911887e-05,0.021387743949890136,0.3098044455051422,0.1825372740626335,0.12726717367768287,95.53631591796875,0.5081668138504029,60350.0,7045.0,60350.0
1.498108256156096e-05,1.498108256156096e-05,0.019981741905212402,0.27919632494449614,0.1485650546848774,0.13063126802444458,92.6318588256836,0.5135118722915649,60400.0,7040.0,60400.0
1.494286551421002e-05,1.494286551421002e-05,0.01813328266143799,0.2565711513161659,0.1352367252111435,0.12133442237973213,95.38567352294922,0.4993989706039429,60450.0,7054.0,60450.0
1.4904648466859105e-05,1.4904648466859105e-05,0.016368722915649413,0.3297430485486984,0.20334017127752305,0.12640287950634957,95.00313568115234,0.49525177478790283,60500.0,7063.0,60500.0
1.486643141950818e-05,1.486643141950818e-05,0.01691391468048096,0.28156611025333406,0.1523437775671482,0.1292223311960697,96.66415405273438,0.49621000289916994,60550.0,6999.0,60550.0
1.4828214372157257e-05,1.4828214372157257e-05,0.01937255859375,0.27180564105510713,0.14126991704106331,0.13053572922945023,95.42575073242188,0.5070240736007691,60600.0,7034.0,60600.0
1.478999732480633e-05,1.478999732480633e-05,0.017844104766845705,0.2771992117166519,0.1463154025375843,0.13088381066918373,96.49727630615234,0.5017296075820923,60650.0,7020.0,60650.0
1.4751780277455405e-05,1.4751780277455405e-05,0.017840099334716798,0.28941319286823275,0.16480034813284875,0.12461284771561623,92.6559829711914,0.5208302736282349,60700.0,7038.0,60700.0
1.4713563230104487e-05,1.4713563230104487e-05,0.0173184871673584,0.2730283379554749,0.14653955176472663,0.12648878619074821,97.49992370605469,0.49215853214263916,60750.0,7036.0,60750.0
1.4675346182753563e-05,1.4675346182753563e-05,0.018500041961669923,0.2732047215104103,0.14536368176341058,0.12784103974699973,95.992919921875,0.5003788232803345,60800.0,7004.0,60800.0
1.463712913540264e-05,1.463712913540264e-05,0.01781957149505615,0.2849405869841576,0.15674460381269456,0.12819598093628884,94.75961303710938,0.5074322700500489,60850.0,7025.0,60850.0
1.4598912088051712e-05,1.4598912088051712e-05,0.020348381996154786,0.265844464302063,0.14383880719542502,0.12200565710663795,94.87545776367188,0.5053868055343628,60900.0,7015.0,60900.0
1.4560695040700796e-05,1.4560695040700796e-05,0.0199202299118042,0.31799428462982177,0.1868729218840599,0.1311213605105877,94.9638900756836,0.510076928138733,60950.0,7019.0,60950.0
1.4522477993349878e-05,1.4522477993349878e-05,0.017697405815124512,0.3026024967432022,0.1749678559601307,0.12763464376330375,94.401611328125,0.5218923568725586,61000.0,7020.0,61000.0
1.4484260945998956e-05,1.4484260945998956e-05,0.017651629447937012,0.260971274971962,0.1418708510696888,0.11910042390227318,94.98120880126953,0.5105581521987915,61050.0,7001.0,61050.0
1.4446043898648021e-05,1.4446043898648021e-05,0.017760825157165528,0.30116703510284426,0.17898095697164534,0.12218607813119889,90.53728485107422,0.5138346910476684,61100.0,7001.0,61100.0
1.4407826851297093e-05,1.4407826851297093e-05,0.017384910583496095,0.2964332580566406,0.16606858670711516,0.13036466836929322,94.83158111572266,0.5136274337768555,61150.0,7005.0,61150.0
1.436960980394617e-05,1.436960980394617e-05,0.017638802528381348,0.283580906689167,0.15401309356093407,0.12956781163811684,94.58793640136719,0.5177412033081055,61200.0,6997.0,61200.0
1.4331392756595247e-05,1.4331392756595247e-05,0.01941967010498047,0.29383543133735657,0.1597123473882675,0.1341230846941471,97.04519653320312,0.507306718826294,61250.0,7024.0,61250.0
1.4293175709244318e-05,1.4293175709244318e-05,0.020241618156433105,0.28097512274980546,0.1567852519452572,0.12418986931443214,96.54130554199219,0.5039192914962769,61300.0,7038.0,61300.0
1.4254958661893402e-05,1.4254958661893402e-05,0.01620659828186035,0.2871623754501343,0.16830534040927886,0.11885703653097153,95.61653900146484,0.495912766456604,61350.0,7017.0,61350.0
1.4216741614542484e-05,1.4216741614542484e-05,0.017687773704528807,0.2696623355150223,0.15637346804142,0.11328887268900871,95.95038604736328,0.5014062404632569,61400.0,7086.0,61400.0
1.417852456719156e-05,1.417852456719156e-05,0.01705315113067627,0.2778854936361313,0.14594583362340927,0.131939660012722,95.525390625,0.5056262254714966,61450.0,7059.0,61450.0
1.414030751984063e-05,1.414030751984063e-05,0.017571020126342773,0.3165358334779739,0.16939286142587662,0.14714296981692315,95.32447052001953,0.505959153175354,61500.0,7056.0,61500.0
1.4102090472489706e-05,1.4102090472489706e-05,0.01639392375946045,0.263757261633873,0.13439866527915,0.12935859262943267,95.50119018554688,0.5011664867401123,61550.0,7019.0,61550.0
1.4063873425138778e-05,1.4063873425138778e-05,0.01775670051574707,0.33102616369724275,0.20275917649269104,0.1282669872045517,95.14237976074219,0.4968672037124634,61600.0,7033.0,61600.0
1.402565637778786e-05,1.402565637778786e-05,0.016194415092468262,0.2967230096459389,0.17301483750343322,0.12370817363262177,94.18167877197266,0.49697394371032716,61650.0,7058.0,61650.0
1.3987439330436942e-05,1.3987439330436942e-05,0.017626094818115234,0.31616145074367524,0.18563235700130462,0.1305290937423706,94.6260986328125,0.49798784255981443,61700.0,7026.0,61700.0
1.3949222283086026e-05,1.3949222283086026e-05,0.019473457336425783,0.36238513588905336,0.21769698187708855,0.1446881465613842,90.26651763916016,0.5091806411743164,61750.0,7026.0,61750.0
1.39110052357351e-05,1.39110052357351e-05,0.019257569313049318,0.28611119985580447,0.16048526540398597,0.12562593445181847,96.64960479736328,0.4970013856887817,61800.0,7005.0,61800.0
1.3872788188384177e-05,1.3872788188384177e-05,0.01859729290008545,0.3215692639350891,0.1883723884820938,0.13319687098264693,94.32192993164062,0.502336049079895,61850.0,7061.0,61850.0
1.383457114103326e-05,1.383457114103326e-05,0.018172574043273926,0.30611617863178253,0.17496720775961877,0.13114897012710572,93.95478057861328,0.5041194200515747,61900.0,7008.0,61900.0
1.3796354093682337e-05,1.3796354093682337e-05,0.01862344741821289,0.28541301339864733,0.15942356809973718,0.1259894423186779,96.24362182617188,0.5081210613250733,61950.0,7027.0,61950.0
1.3758137046331414e-05,1.3758137046331414e-05,0.020040440559387206,0.29433463215827943,0.16881188601255417,0.12552274912595748,95.96150207519531,0.5100748777389527,62000.0,7021.0,62000.0
1.371991999898049e-05,1.371991999898049e-05,0.01826803684234619,0.30864889174699783,0.17324107736349106,0.13540782108902932,93.01110076904297,0.5017382621765136,62050.0,7019.0,62050.0
1.3681702951629572e-05,1.3681702951629572e-05,0.019113802909851076,0.2749600887298584,0.14945749267935754,0.1255026012659073,95.5251235961914,0.511293363571167,62100.0,7035.0,62100.0
1.3643485904278642e-05,1.3643485904278642e-05,0.019103646278381348,0.2845800042152405,0.15893396288156508,0.12564603835344315,96.61075592041016,0.5117433547973633,62150.0,7018.0,62150.0
1.3605268856927723e-05,1.3605268856927723e-05,0.016032195091247557,0.2898165374994278,0.14633442759513854,0.1434821031987667,94.3668441772461,0.49395170211791994,62200.0,7023.0,62200.0
1.3567051809576805e-05,1.3567051809576805e-05,0.017429137229919435,0.27543666660785676,0.14427052438259125,0.1311661459505558,95.73455047607422,0.5026357650756836,62250.0,7051.0,62250.0
1.352883476222589e-05,1.352883476222589e-05,0.01863584518432617,0.3182321354746819,0.18123417422175409,0.13699796050786972,89.43274688720703,0.5061219692230224,62300.0,7027.0,62300.0
1.3490617714874978e-05,1.3490617714874978e-05,0.018098664283752442,0.2809548035264015,0.16075737103819848,0.12019742950797081,94.07794952392578,0.5025233030319214,62350.0,7010.0,62350.0
1.3452400667524043e-05,1.3452400667524043e-05,0.018383502960205078,0.28270385712385177,0.15402103438973427,0.12868282273411752,90.2142562866211,0.505460000038147,62400.0,7058.0,62400.0
1.3414183620173126e-05,1.3414183620173126e-05,0.018568921089172363,0.26908618956804276,0.15847370848059655,0.11061247736215592,95.75595092773438,0.4978006362915039,62450.0,7017.0,62450.0
1.3375966572822208e-05,1.3375966572822208e-05,0.016079115867614745,0.28529389947652817,0.14174082651734352,0.14355306774377824,95.38520050048828,0.4917016506195068,62500.0,7043.0,62500.0
1.3337749525471287e-05,1.3337749525471287e-05,0.01607067584991455,0.25790683925151825,0.12877285704016686,0.1291339837014675,93.53787994384766,0.4975432872772217,62550.0,6996.0,62550.0
1.3299532478120366e-05,1.3299532478120366e-05,0.018355393409729005,0.2922914907336235,0.16510913521051407,0.12718235030770303,96.74129486083984,0.5011523246765137,62600.0,7024.0,62600.0
1.3261315430769436e-05,1.3261315430769436e-05,0.01909193992614746,0.27852615267038344,0.15208359211683273,0.12644256204366683,97.2805404663086,0.4997297525405884,62650.0,7014.0,62650.0
1.3223098383418515e-05,1.3223098383418515e-05,0.01773087978363037,0.2974794328212738,0.1672704353928566,0.13020899295806884,93.3284683227539,0.49574506282806396,62700.0,7064.0,62700.0
1.3184881336067592e-05,1.3184881336067592e-05,0.017919015884399415,0.2753784790635109,0.1525932125747204,0.1227852687239647,90.00169372558594,0.5226063251495361,62750.0,7041.0,62750.0
1.3146664288716681e-05,1.3146664288716681e-05,0.017559194564819337,0.25497997254133226,0.1361420713365078,0.11883790045976639,95.26367950439453,0.4993414878845215,62800.0,7020.0,62800.0
1.3108447241365755e-05,1.3108447241365755e-05,0.017167282104492188,0.26327372044324876,0.1401197098195553,0.12315400987863541,97.03716278076172,0.5025227308273316,62850.0,7011.0,62850.0
1.3070230194014824e-05,1.3070230194014824e-05,0.016895318031311037,0.2733689725399017,0.14673782140016556,0.12663115113973616,93.39363861083984,0.49132142066955564,62900.0,6999.0,62900.0
1.3032013146663904e-05,1.3032013146663904e-05,0.01887364387512207,0.24179618507623674,0.1256508655846119,0.11614531874656678,95.86666870117188,0.4971855401992798,62950.0,7026.0,62950.0
1.2993796099312973e-05,1.2993796099312973e-05,0.016912436485290526,0.2811743274331093,0.14875201061367987,0.13242231756448747,95.20709228515625,0.5000827550888062,63000.0,7017.0,63000.0
1.2955579051962052e-05,1.2955579051962052e-05,0.016440439224243163,0.32933330833911895,0.19297272115945815,0.13636057898402215,92.16925811767578,0.490033483505249,63050.0,7017.0,63050.0
1.2917362004611128e-05,1.2917362004611128e-05,0.01798689365386963,0.27621937692165377,0.14188226386904718,0.13433711156249045,97.81251525878906,0.4954969882965088,63100.0,7001.0,63100.0
1.2879144957260206e-05,1.2879144957260206e-05,0.01732490062713623,0.2778467655181885,0.15828486979007722,0.11956189125776291,95.49307250976562,0.49937517642974855,63150.0,7021.0,63150.0
1.2840927909909284e-05,1.2840927909909284e-05,0.01837451457977295,0.28901303708553316,0.1555289790034294,0.13348405286669732,95.21137237548828,0.5000018835067749,63200.0,7009.0,63200.0
1.2802710862558352e-05,1.2802710862558352e-05,0.017732954025268553,0.29900392293930056,0.16723578348755835,0.1317681424319744,95.62940216064453,0.5035120725631714,63250.0,7005.0,63250.0
1.2764493815207431e-05,1.2764493815207431e-05,0.01631340980529785,0.31874641180038454,0.1787731945514679,0.13997321277856828,88.93457794189453,0.49812157154083253,63300.0,7005.0,63300.0
1.2726276767856512e-05,1.2726276767856512e-05,0.018865013122558595,0.31277436316013335,0.17924720495939256,0.13352715373039245,93.93829345703125,0.5062903881072998,63350.0,7008.0,63350.0
1.268805972050558e-05,1.268805972050558e-05,0.017171025276184082,0.26384596675634386,0.1331373319029808,0.13070863708853722,95.34590148925781,0.4981412172317505,63400.0,7017.0,63400.0
1.264984267315465e-05,1.264984267315465e-05,0.018181443214416504,0.2923130393028259,0.1604371525347233,0.13187589049339293,95.81410217285156,0.5143871784210206,63450.0,7064.0,63450.0
1.2611625625803728e-05,1.2611625625803728e-05,0.01795957088470459,0.3630334347486496,0.22804946452379227,0.13498396649956704,93.92101287841797,0.5064221143722534,63500.0,7092.0,63500.0
1.2573408578452809e-05,1.2573408578452809e-05,0.018352484703063963,0.275792533159256,0.14916131421923637,0.12663122415542602,96.52959442138672,0.5026158571243287,63550.0,7019.0,63550.0
1.2535191531101876e-05,1.2535191531101876e-05,0.019286727905273436,0.2948213413357735,0.15395413115620613,0.14086720645427703,91.87445068359375,0.5255334615707398,63600.0,7049.0,63600.0
1.2496974483750953e-05,1.2496974483750953e-05,0.018948578834533693,0.362291619181633,0.23128860145807267,0.1310030125081539,95.40113067626953,0.499543571472168,63650.0,7040.0,63650.0
1.2458757436400023e-05,1.2458757436400023e-05,0.01849863529205322,0.2802130848169327,0.15913580507040023,0.12107727751135826,91.45216369628906,0.504343819618225,63700.0,7039.0,63700.0
1.2420540389049094e-05,1.2420540389049094e-05,0.018798422813415528,0.295094957947731,0.15105776414275168,0.1440371923148632,95.55924987792969,0.5024127721786499,63750.0,7018.0,63750.0
1.2382323341698174e-05,1.2382323341698174e-05,0.01884183883666992,0.2953456431627274,0.1642538733780384,0.13109176605939865,95.79537200927734,0.5071148872375488,63800.0,7059.0,63800.0
1.2344106294347255e-05,1.2344106294347255e-05,0.017770051956176758,0.2889117062091827,0.15701320469379426,0.13189849853515626,93.29473114013672,0.5032546520233154,63850.0,7010.0,63850.0
1.230588924699633e-05,1.230588924699633e-05,0.0185269832611084,0.26664473563432695,0.14317047074437142,0.12347426488995553,95.47909545898438,0.5093496799468994,63900.0,6999.0,63900.0
1.2267672199645406e-05,1.2267672199645406e-05,0.01764645576477051,0.24386999160051345,0.13153992220759392,0.11233006492257118,96.33106994628906,0.4952289342880249,63950.0,6996.0,63950.0
1.2229455152294488e-05,1.2229455152294488e-05,0.018225908279418945,0.2653506398200989,0.14178276807069778,0.12356787100434304,95.46047973632812,0.5031203031539917,64000.0,7040.0,64000.0
1.2191238104943567e-05,1.2191238104943567e-05,0.018395113945007324,0.30766995549201964,0.17770475074648856,0.12996520176529885,93.3604965209961,0.5066412687301636,64050.0,6996.0,64050.0
1.2153021057592646e-05,1.2153021057592646e-05,0.01910862922668457,0.2544772520661354,0.13793106526136398,0.11654618605971337,94.52066040039062,0.5047134160995483,64100.0,7027.0,64100.0
1.2114804010241715e-05,1.2114804010241715e-05,0.018108439445495606,0.29131084233522414,0.16068776473402976,0.1306230790913105,94.78435516357422,0.506202220916748,64150.0,7039.0,64150.0
1.2076586962890795e-05,1.2076586962890795e-05,0.017949628829956054,0.3117471769452095,0.17807101756334304,0.1336761586368084,92.48147583007812,0.5124293565750122,64200.0,7050.0,64200.0
1.2038369915539873e-05,1.2038369915539873e-05,0.018055009841918945,0.2705798953771591,0.14765615612268448,0.1229237325489521,94.0033187866211,0.4979192495346069,64250.0,6998.0,64250.0
1.2000152868188946e-05,1.2000152868188946e-05,0.016974735260009765,0.2943108230829239,0.16003729477524758,0.13427352979779245,94.93708038330078,0.49670364856719973,64300.0,7010.0,64300.0
1.1961935820838017e-05,1.1961935820838017e-05,0.01710219383239746,0.34443607926368713,0.20337941721081734,0.1410566657781601,85.52407836914062,0.4940983772277832,64350.0,7019.0,64350.0
1.1923718773487089e-05,1.1923718773487089e-05,0.017619800567626954,0.27474724054336547,0.14764150381088256,0.1271057367324829,92.80692291259766,0.4946176290512085,64400.0,6983.0,64400.0
1.188550172613616e-05,1.188550172613616e-05,0.019734692573547364,0.24823212027549743,0.13302292972803115,0.1152091883122921,97.5538101196289,0.5149511337280274,64450.0,7044.0,64450.0
1.1847284678785237e-05,1.1847284678785237e-05,0.018221044540405275,0.2459558367729187,0.12425982654094696,0.12169601172208785,95.60210418701172,0.498727011680603,64500.0,7022.0,64500.0
1.1809067631434319e-05,1.1809067631434319e-05,0.01826322078704834,0.28184438943862916,0.14891271591186522,0.13293166905641557,96.64046478271484,0.50230712890625,64550.0,6992.0,64550.0
1.1770850584083401e-05,1.1770850584083401e-05,0.017874550819396973,0.2797010004520416,0.14704520851373673,0.13265578895807267,95.26026153564453,0.49634904861450196,64600.0,7013.0,64600.0
1.1732633536732472e-05,1.1732633536732472e-05,0.016817474365234376,0.25670623779296875,0.13841547518968583,0.11829075813293458,94.04716491699219,0.4926624298095703,64650.0,7024.0,64650.0
1.1694416489381545e-05,1.1694416489381545e-05,0.01633436679840088,0.3118362709879875,0.184241384267807,0.1275948889553547,96.11785125732422,0.4993708372116089,64700.0,7018.0,64700.0
1.1656199442030628e-05,1.1656199442030628e-05,0.01703627109527588,0.29799333214759827,0.1694127194583416,0.12858061417937278,97.12238311767578,0.5016738891601562,64750.0,7000.0,64750.0
1.1617982394679703e-05,1.1617982394679703e-05,0.018488311767578126,0.2615529537200928,0.1335241049528122,0.12802884727716446,95.01602172851562,0.5122234106063843,64800.0,7070.0,64800.0
1.1579765347328774e-05,1.1579765347328774e-05,0.020305919647216796,0.34662317037582396,0.21782026141881944,0.12880290672183037,94.2065658569336,0.5124334573745728,64850.0,7043.0,64850.0
1.1541548299977847e-05,1.1541548299977847e-05,0.01782839298248291,0.2524562031030655,0.13299380391836166,0.1194623976945877,96.01233673095703,0.4998763084411621,64900.0,7032.0,64900.0
1.1503331252626926e-05,1.1503331252626926e-05,0.01632697582244873,0.2549385502934456,0.13032578825950622,0.12461276054382324,94.50287628173828,0.496522331237793,64950.0,7030.0,64950.0
1.1465114205276e-05,1.1465114205276e-05,0.016555380821228028,0.2591021224856377,0.13791896104812623,0.12118315994739533,97.50639343261719,0.49524741172790526,65000.0,7056.0,65000.0
1.1426897157925079e-05,1.1426897157925079e-05,0.017901229858398437,0.25953369587659836,0.14218426793813704,0.11734942495822906,91.6524658203125,0.49776835441589357,65050.0,7020.0,65050.0
1.1388680110574158e-05,1.1388680110574158e-05,0.018656539916992187,0.3047239914536476,0.17219650521874427,0.1325274884700775,96.17488861083984,0.5010434865951539,65100.0,7031.0,65100.0
1.1350463063223238e-05,1.1350463063223238e-05,0.018687748908996583,0.2502924665808678,0.13456679433584212,0.11572567373514175,96.5503921508789,0.49930744171142577,65150.0,7037.0,65150.0
1.1312246015872302e-05,1.1312246015872302e-05,0.016750502586364745,0.3051687523722649,0.16623494327068328,0.13893380612134934,91.6959228515625,0.5060807943344117,65200.0,7004.0,65200.0
1.1274028968521386e-05,1.1274028968521386e-05,0.01829516887664795,0.24050655514001845,0.1265559084713459,0.11395064294338227,95.97598266601562,0.5000988006591797,65250.0,7014.0,65250.0
1.1235811921170468e-05,1.1235811921170468e-05,0.01863584518432617,0.2785549059510231,0.152040346711874,0.1265145607292652,96.42822265625,0.5103785753250122,65300.0,7022.0,65300.0
1.1197594873819544e-05,1.1197594873819544e-05,0.01963927745819092,0.286465673148632,0.16145621314644815,0.12500945702195168,95.85403442382812,0.5154602527618408,65350.0,7024.0,65350.0
1.1159377826468628e-05,1.1159377826468628e-05,0.017500805854797363,0.252089811861515,0.12771731317043306,0.12437250167131424,94.88646697998047,0.49969770908355715,65400.0,7046.0,65400.0
1.112116077911771e-05,1.112116077911771e-05,0.017784762382507324,0.27816023081541064,0.15799932107329367,0.12016091048717499,97.38957977294922,0.5208854913711548,65450.0,7052.0,65450.0
1.1082943731766789e-05,1.1082943731766789e-05,0.015979361534118653,0.27524433732032777,0.15055530816316604,0.12468903064727783,94.59346008300781,0.4973555326461792,65500.0,7015.0,65500.0
1.1044726684415866e-05,1.1044726684415866e-05,0.017528390884399413,0.2507207304239273,0.12519095428287982,0.12552977949380875,94.94026184082031,0.5229203224182128,65550.0,7048.0,65550.0
1.1006509637064955e-05,1.1006509637064955e-05,0.01754429340362549,0.26491561233997346,0.1520952522754669,0.1128203585743904,94.18750762939453,0.4970242023468018,65600.0,7035.0,65600.0
1.096829258971403e-05,1.096829258971403e-05,0.018797588348388673,0.2831681966781616,0.1527673475444317,0.13040084913372993,97.28781127929688,0.5005441904067993,65650.0,7028.0,65650.0
1.0930075542363113e-05,1.0930075542363113e-05,0.020693182945251465,0.25688624680042266,0.1307467333972454,0.12613951340317725,96.24710845947266,0.5007447719573974,65700.0,7024.0,65700.0
1.0891858495012192e-05,1.0891858495012192e-05,0.0195598840713501,0.2747356280684471,0.15070738419890403,0.12402824684977531,93.05729675292969,0.5036485671997071,65750.0,7027.0,65750.0
1.085364144766127e-05,1.085364144766127e-05,0.017320632934570312,0.27543470561504363,0.15026521682739258,0.12516949102282524,95.40149688720703,0.5001092910766601,65800.0,7000.0,65800.0
1.0815424400310345e-05,1.0815424400310345e-05,0.01894655227661133,0.28902379125356675,0.16546639204025268,0.12355739995837212,86.30197143554688,0.49776110649108884,65850.0,7034.0,65850.0
1.077720735295942e-05,1.077720735295942e-05,0.02034764289855957,0.28677007406949995,0.16210426092147828,0.12466581240296364,91.21990203857422,0.5066171884536743,65900.0,7039.0,65900.0
1.0738990305608504e-05,1.0738990305608504e-05,0.020711350440979003,0.26953340619802474,0.1425488069653511,0.1269845984876156,96.0016098022461,0.5126803874969482,65950.0,7010.0,65950.0
1.0700773258257573e-05,1.0700773258257573e-05,0.019448518753051758,0.29512050151824953,0.17031281515955926,0.12480768635869026,91.10001373291016,0.5002811193466187,66000.0,7017.0,66000.0
1.066255621090665e-05,1.066255621090665e-05,0.01607334613800049,0.2950942158699036,0.1677978977560997,0.12729631885886192,94.84491729736328,0.49316935539245604,66050.0,7001.0,66050.0
1.0624339163555729e-05,1.0624339163555729e-05,0.016742682456970213,0.28401907384395597,0.1442446880042553,0.13977438360452651,93.7320327758789,0.5024274587631226,66100.0,7031.0,66100.0
1.0586122116204803e-05,1.0586122116204803e-05,0.01873319149017334,0.23210198879241944,0.12023587301373481,0.11186611503362656,96.48115539550781,0.5043981313705445,66150.0,7049.0,66150.0
1.0547905068853882e-05,1.0547905068853882e-05,0.018382883071899413,0.2659112349152565,0.13436520621180534,0.1315460294485092,96.3504638671875,0.5019708633422851,66200.0,7095.0,66200.0
1.0509688021502949e-05,1.0509688021502949e-05,0.017948317527770995,0.32027693539857865,0.18322400450706483,0.13705292865633964,91.83343505859375,0.5019500970840454,66250.0,7042.0,66250.0
1.0471470974152022e-05,1.0471470974152022e-05,0.01772916316986084,0.28654761165380477,0.15966366827487946,0.1268839456140995,93.79215240478516,0.5016457080841065,66300.0,6995.0,66300.0
1.0433253926801091e-05,1.0433253926801091e-05,0.017559266090393065,0.3061899974942207,0.17794640734791756,0.128243587911129,93.1626968383789,0.4998856782913208,66350.0,7059.0,66350.0
1.0395036879450172e-05,1.0395036879450172e-05,0.016610264778137207,0.264894500374794,0.14966546148061752,0.1152290403842926,96.16970825195312,0.4977040529251099,66400.0,7033.0,66400.0
1.0356819832099246e-05,1.0356819832099246e-05,0.015579938888549805,0.2849920094013214,0.15051293969154358,0.13447907119989394,94.24319458007812,0.4939736843109131,66450.0,7036.0,66450.0
1.0318602784748323e-05,1.0318602784748323e-05,0.018139362335205078,0.28997811377048494,0.17824076116085052,0.11173735558986664,95.4572525024414,0.5013014078140259,66500.0,7019.0,66500.0
1.0280385737397392e-05,1.0280385737397392e-05,0.01994764804840088,0.2845103770494461,0.15816422253847123,0.12634615749120712,94.70509338378906,0.5146302938461303,66550.0,7036.0,66550.0
1.0242168690046474e-05,1.0242168690046474e-05,0.017836523056030274,0.299872051179409,0.17734269425272942,0.12252935022115707,94.94671630859375,0.5014281034469604,66600.0,7048.0,66600.0
1.0203951642695553e-05,1.0203951642695553e-05,0.015845346450805663,0.31642571091651917,0.17523813545703887,0.1411875769495964,86.52216339111328,0.4913923740386963,66650.0,7032.0,66650.0
1.0165734595344628e-05,1.0165734595344628e-05,0.016181087493896483,0.2674776971340179,0.14226067811250687,0.1252170205116272,96.14159393310547,0.4941883087158203,66700.0,7021.0,66700.0
1.0127517547993704e-05,1.0127517547993704e-05,0.018272089958190917,0.3282372459769249,0.1973722219467163,0.13086502030491828,86.14442443847656,0.5024816989898682,66750.0,7000.0,66750.0
1.008930050064277e-05,1.008930050064277e-05,0.01778886318206787,0.28139581233263017,0.14704756438732147,0.13434824645519255,91.89692687988281,0.5017966747283935,66800.0,7006.0,66800.0
1.0051083453291848e-05,1.0051083453291848e-05,0.01885402202606201,0.2681626886129379,0.14294457584619522,0.12521811649203302,92.42668914794922,0.5033399820327759,66850.0,7008.0,66850.0
1.0012866405940925e-05,1.0012866405940925e-05,0.018555927276611327,0.28045811504125595,0.15181632712483406,0.12864179015159607,97.334228515625,0.49752259254455566,66900.0,7021.0,66900.0
9.974649358590002e-06,9.974649358590002e-06,0.017507386207580567,0.29116707295179367,0.16762420311570167,0.12354287207126617,94.34455108642578,0.5016149759292603,66950.0,7004.0,66950.0
9.936432311239071e-06,9.936432311239071e-06,0.01743659973144531,0.26722330003976824,0.13487669080495834,0.13234660848975183,92.7916259765625,0.49618594646453856,67000.0,7023.0,67000.0
9.898215263888143e-06,9.898215263888143e-06,0.017217278480529785,0.27124375104904175,0.15761112421751022,0.11363262981176377,95.30044555664062,0.4981889486312866,67050.0,7023.0,67050.0
9.859998216537224e-06,9.859998216537224e-06,0.01589043140411377,0.26071214526891706,0.1460891291499138,0.11462301909923553,96.1385498046875,0.4955164670944214,67100.0,7030.0,67100.0
9.821781169186304e-06,9.821781169186304e-06,0.01692361831665039,0.2645843788981438,0.14729047939181328,0.11729389950633048,93.67726135253906,0.4954244375228882,67150.0,7031.0,67150.0
9.783564121835378e-06,9.783564121835378e-06,0.017402052879333496,0.2921373948454857,0.16101594492793084,0.1311214528977871,95.65282440185547,0.5024454832077027,67200.0,7044.0,67200.0
9.745347074484452e-06,9.745347074484452e-06,0.016149282455444336,0.2965011432766914,0.170069120824337,0.12643202096223832,94.23389434814453,0.4936820030212402,67250.0,7020.0,67250.0
9.707130027133517e-06,9.707130027133517e-06,0.01796414852142334,0.26305762231349944,0.1480880245566368,0.11496959999203682,96.09525299072266,0.49799189567565916,67300.0,7019.0,67300.0
9.668912979782608e-06,9.668912979782608e-06,0.017194247245788573,0.28300042152404786,0.15142810270190238,0.13157231211662293,93.96365356445312,0.49982831478118894,67350.0,7014.0,67350.0
9.630695932431684e-06,9.630695932431684e-06,0.01852085590362549,0.2680921286344528,0.1450074605643749,0.12308466881513595,94.76875305175781,0.5107542276382446,67400.0,7024.0,67400.0
9.592478885080766e-06,9.592478885080766e-06,0.017978763580322264,0.25989155769348143,0.1406167984008789,0.11927475929260253,94.30131530761719,0.5031661748886108,67450.0,7059.0,67450.0
9.554261837729845e-06,9.554261837729845e-06,0.017792296409606934,0.26400729119777677,0.12860300689935683,0.13540428280830383,95.56878662109375,0.5017730236053467,67500.0,7066.0,67500.0
9.51604479037892e-06,9.51604479037892e-06,0.01911754608154297,0.281255367398262,0.1552927888929844,0.12596257776021957,91.08464813232422,0.5037813901901245,67550.0,7024.0,67550.0
9.477827743027997e-06,9.477827743027997e-06,0.017824625968933104,0.2653522938489914,0.1363036222755909,0.1290486730635166,95.18366241455078,0.5025458812713623,67600.0,7026.0,67600.0
9.439610695677078e-06,9.439610695677078e-06,0.017001581192016602,0.2755272418260574,0.15169220864772798,0.12383503764867783,94.51394653320312,0.507181453704834,67650.0,7032.0,67650.0
9.401393648326154e-06,9.401393648326154e-06,0.017371439933776857,0.23252377659082413,0.11260012909770012,0.11992364972829819,97.05152130126953,0.5012099742889404,67700.0,7006.0,67700.0
9.363176600975224e-06,9.363176600975224e-06,0.01790318489074707,0.2828724682331085,0.14835865125060083,0.13451381251215935,95.90058135986328,0.5035001277923584,67750.0,7038.0,67750.0
9.324959553624294e-06,9.324959553624294e-06,0.018323850631713868,0.27658437490463256,0.14429387375712394,0.13229050040245055,96.1148452758789,0.5011948108673095,67800.0,6982.0,67800.0
9.286742506273368e-06,9.286742506273368e-06,0.016678977012634277,0.25826629549264907,0.13362153396010398,0.12464476302266121,94.98015594482422,0.4962205171585083,67850.0,7004.0,67850.0
9.248525458922452e-06,9.248525458922452e-06,0.019796872138977052,0.2682429254055023,0.15656971819698812,0.11167320311069488,95.09123229980469,0.5021413326263428,67900.0,7061.0,67900.0
9.21030841157153e-06,9.21030841157153e-06,0.017194747924804688,0.2898487314581871,0.1611294239759445,0.12871931120753288,97.12640380859375,0.49964466094970705,67950.0,7018.0,67950.0
9.172091364220612e-06,9.172091364220612e-06,0.01890988349914551,0.2679977357387543,0.15106819048523903,0.11692954450845719,94.71389770507812,0.5013786077499389,68000.0,7006.0,68000.0
9.133874316869687e-06,9.133874316869687e-06,0.017770004272460938,0.32101838290691376,0.18399024978280068,0.1370281346142292,95.06603240966797,0.5031914234161377,68050.0,7051.0,68050.0
9.095657269518763e-06,9.095657269518763e-06,0.018574857711791994,0.31749975979328154,0.17621147707104684,0.14128828346729277,93.88900756835938,0.49880845546722413,68100.0,7027.0,68100.0
9.057440222167833e-06,9.057440222167833e-06,0.01983792781829834,0.3181962937116623,0.18463801145553588,0.1335582800209522,95.99503326416016,0.5106257438659668,68150.0,7043.0,68150.0
9.019223174816907e-06,9.019223174816907e-06,0.019670915603637696,0.29250871390104294,0.16422104611992835,0.12828767150640488,94.69147491455078,0.5010097026824951,68200.0,6991.0,68200.0
8.981006127465972e-06,8.981006127465972e-06,0.021172618865966795,0.2985901892185211,0.16714699044823647,0.13144320175051688,96.17106628417969,0.5105019807815552,68250.0,7016.0,68250.0
8.94278908011505e-06,8.94278908011505e-06,0.019193458557128906,0.28835399746894835,0.15513473451137544,0.1332192599773407,94.22657012939453,0.5031450510025024,68300.0,7041.0,68300.0
8.904572032764137e-06,8.904572032764137e-06,0.01974778175354004,0.2691845327615738,0.14774789437651634,0.12143663316965103,96.0752182006836,0.5030076265335083,68350.0,7004.0,68350.0
8.866354985413216e-06,8.866354985413216e-06,0.01832270622253418,0.31150986850261686,0.1720111459493637,0.13949872180819511,91.3593521118164,0.49902565479278566,68400.0,7040.0,68400.0
8.828137938062295e-06,8.828137938062295e-06,0.015777897834777833,0.2604876205325127,0.13102435916662217,0.12946326062083244,94.84796905517578,0.4998947620391846,68450.0,7021.0,68450.0
8.78992089071137e-06,8.78992089071137e-06,0.018248987197875977,0.28650517016649246,0.1499492421746254,0.13655592799186705,96.23649597167969,0.502535343170166,68500.0,7010.0,68500.0
8.751703843360449e-06,8.751703843360449e-06,0.019076943397521973,0.25628840923309326,0.13460905551910402,0.12167935222387313,96.61910247802734,0.5014209032058716,68550.0,7024.0,68550.0
8.713486796009523e-06,8.713486796009523e-06,0.017441463470458985,0.3137482762336731,0.1720350854098797,0.14171318486332893,94.31429290771484,0.49833657741546633,68600.0,7025.0,68600.0
8.675269748658593e-06,8.675269748658593e-06,0.017206692695617677,0.2885887548327446,0.16955706253647804,0.11903169229626656,96.77476501464844,0.4977952241897583,68650.0,7031.0,68650.0
8.637052701307665e-06,8.637052701307665e-06,0.01922762393951416,0.2815336108207703,0.15347184762358665,0.1280617669224739,94.15611267089844,0.5047161102294921,68700.0,7020.0,68700.0
8.598835653956746e-06,8.598835653956746e-06,0.01627826690673828,0.2884443521499634,0.16456279456615447,0.12388156130909919,93.89409637451172,0.4955256223678589,68750.0,7036.0,68750.0
8.560618606605818e-06,8.560618606605818e-06,0.01836998462677002,0.26782406121492386,0.14687544256448745,0.12094861492514611,94.41962432861328,0.49764556884765626,68800.0,6994.0,68800.0
8.522401559254895e-06,8.522401559254895e-06,0.01735684871673584,0.2714146688580513,0.1448285050690174,0.1265861637890339,94.66861724853516,0.4982501983642578,68850.0,7023.0,68850.0
8.48418451190398e-06,8.48418451190398e-06,0.017533469200134277,0.33144222348928454,0.1933024123311043,0.13813981637358666,93.35166931152344,0.5086808681488038,68900.0,7020.0,68900.0
8.445967464553075e-06,8.445967464553075e-06,0.016579365730285643,0.2735523819923401,0.15126553252339364,0.12228684946894645,95.18688201904297,0.4944500207901001,68950.0,7005.0,68950.0
8.40775041720215e-06,8.40775041720215e-06,0.01680479049682617,0.2636049807071686,0.13801803737878798,0.12558694258332254,94.48863220214844,0.4993854522705078,69000.0,7021.0,69000.0
8.369533369851235e-06,8.369533369851235e-06,0.018725991249084473,0.28318401873111726,0.15682753100991248,0.12635648548603057,93.33112335205078,0.50681471824646,69050.0,7045.0,69050.0
8.331316322500313e-06,8.331316322500313e-06,0.01581127643585205,0.26023823767900467,0.133593188226223,0.1266450509428978,94.34626007080078,0.4900421380996704,69100.0,7005.0,69100.0
8.293099275149394e-06,8.293099275149394e-06,0.01741180419921875,0.25712182074785234,0.14187359064817429,0.1152482308447361,95.69103240966797,0.5024046897888184,69150.0,7034.0,69150.0
8.254882227798478e-06,8.254882227798478e-06,0.018406009674072264,0.2822803363204002,0.1611932024359703,0.12108713611960412,94.63391876220703,0.5026112079620362,69200.0,7029.0,69200.0
8.21666518044755e-06,8.21666518044755e-06,0.017522406578063966,0.2851030439138412,0.15547624006867408,0.12962680533528328,94.59418487548828,0.4945831298828125,69250.0,7030.0,69250.0
8.178448133096632e-06,8.178448133096632e-06,0.020180439949035643,0.2655909940600395,0.1362561948597431,0.12933480441570283,96.3771743774414,0.5144425868988037,69300.0,7062.0,69300.0
8.140231085745703e-06,8.140231085745703e-06,0.018572449684143066,0.28682620674371717,0.16251737028360366,0.12430883646011352,94.51576232910156,0.5015725374221802,69350.0,7059.0,69350.0
8.102014038394785e-06,8.102014038394785e-06,0.016071152687072755,0.27533881962299345,0.14556911289691926,0.1297697104513645,96.10749053955078,0.49633657932281494,69400.0,7015.0,69400.0
8.06379699104387e-06,8.06379699104387e-06,0.01825864315032959,0.24130120724439622,0.12126212567090988,0.12003908082842826,96.64189910888672,0.5106932401657105,69450.0,7019.0,69450.0
8.025579943692953e-06,8.025579943692953e-06,0.019373297691345215,0.2740216702222824,0.16110987663269044,0.11291179284453393,95.03750610351562,0.5051290273666382,69500.0,7020.0,69500.0
7.98736289634203e-06,7.98736289634203e-06,0.019572925567626954,0.29046338647603986,0.17263621985912322,0.11782717034220695,92.83053588867188,0.506663703918457,69550.0,7007.0,69550.0
7.949145848991102e-06,7.949145848991102e-06,0.019983553886413576,0.3096196785569191,0.18166625797748565,0.1279534161090851,94.13645935058594,0.5083499908447265,69600.0,7038.0,69600.0
7.910928801640191e-06,7.910928801640191e-06,0.019054532051086426,0.24979046434164048,0.13097279369831086,0.11881767362356185,96.19303131103516,0.509715461730957,69650.0,7014.0,69650.0
7.87271175428927e-06,7.87271175428927e-06,0.020641899108886717,0.34124422669410703,0.19109497889876365,0.15014924556016923,94.18697357177734,0.508301043510437,69700.0,7036.0,69700.0
7.834494706938346e-06,7.834494706938346e-06,0.018447256088256835,0.28858898878097533,0.15462359711527823,0.1339653931558132,94.6895980834961,0.5008497953414917,69750.0,7027.0,69750.0
7.796277659587423e-06,7.796277659587423e-06,0.019399642944335938,0.2642805740237236,0.13891240283846856,0.1253681719303131,95.88082885742188,0.5027385950088501,69800.0,7022.0,69800.0
7.758060612236495e-06,7.758060612236495e-06,0.017980194091796874,0.27862537652254105,0.1517898879945278,0.12683548480272294,96.0804214477539,0.5036619901657104,69850.0,7074.0,69850.0
7.719843564885564e-06,7.719843564885564e-06,0.020282697677612305,0.2710661172866821,0.14934204295277595,0.12172407507896424,94.74803924560547,0.49960238933563234,69900.0,7054.0,69900.0
7.681626517534641e-06,7.681626517534641e-06,0.018409872055053712,0.26237705647945403,0.1402100868523121,0.12216696962714195,95.67826843261719,0.4966043710708618,69950.0,7066.0,69950.0
7.643409470183717e-06,7.643409470183717e-06,0.019452619552612304,0.27211086452007294,0.14557455405592917,0.12653631046414376,95.36640930175781,0.5015218019485473,70000.0,7020.0,70000.0
7.605192422832796e-06,7.605192422832796e-06,0.017916202545166016,0.28305152952671053,0.1539202593266964,0.12913126945495607,97.35083770751953,0.522349762916565,70050.0,7012.0,70050.0
7.56697537548188e-06,7.56697537548188e-06,0.018325543403625487,0.30583404898643496,0.17262724712491034,0.13320680409669877,95.69776916503906,0.5046157121658326,70100.0,6999.0,70100.0
7.528758328130963e-06,7.528758328130963e-06,0.019931387901306153,0.26780191957950594,0.1463622361421585,0.12143968194723129,94.79519653320312,0.5027419090270996,70150.0,7032.0,70150.0
7.490541280780045e-06,7.490541280780045e-06,0.019788336753845216,0.2873743861913681,0.1571360096335411,0.13023837953805922,92.74967193603516,0.5047162532806396,70200.0,7033.0,70200.0
7.452324233429126e-06,7.452324233429126e-06,0.017114686965942382,0.24318435341119765,0.1268548522144556,0.1163295030593872,97.38912200927734,0.49966351985931395,70250.0,7030.0,70250.0
7.4141071860782086e-06,7.4141071860782086e-06,0.019729757308959962,0.28031464517116544,0.15395469069480897,0.1263599567115307,95.27153015136719,0.5151743412017822,70300.0,7022.0,70300.0
7.375890138727291e-06,7.375890138727291e-06,0.019606709480285645,0.2774851843714714,0.1457638882100582,0.13172129541635513,94.69137573242188,0.5094367027282715,70350.0,7056.0,70350.0
7.337673091376372e-06,7.337673091376372e-06,0.01802208423614502,0.2679132953286171,0.14352191835641862,0.12439137920737267,94.54328155517578,0.5093046665191651,70400.0,7032.0,70400.0
7.2994560440254546e-06,7.2994560440254546e-06,0.01793503761291504,0.2741778030991554,0.15269981920719147,0.12147798463702202,95.84091186523438,0.5008299827575684,70450.0,7020.0,70450.0
7.261238996674538e-06,7.261238996674538e-06,0.018829655647277833,0.2929648458957672,0.16753763407468797,0.1254272125661373,91.94520568847656,0.5111929893493652,70500.0,7046.0,70500.0
7.2230219493236225e-06,7.2230219493236225e-06,0.01745920181274414,0.2703304797410965,0.14993784278631211,0.12039263993501663,93.64505004882812,0.5011722087860108,70550.0,7029.0,70550.0
7.184804901972705e-06,7.184804901972705e-06,0.019652080535888673,0.2674948304891586,0.1420666165649891,0.12542821541428567,96.33759307861328,0.5170812368392944,70600.0,7022.0,70600.0
7.146587854621785e-06,7.146587854621785e-06,0.018841195106506347,0.2675136551260948,0.1455713726580143,0.12194227948784828,96.88065338134766,0.49960591793060305,70650.0,7050.0,70650.0
7.108370807270869e-06,7.108370807270869e-06,0.016594791412353517,0.2761834919452667,0.16188861578702926,0.11429487466812134,96.0060043334961,0.4978905200958252,70700.0,7026.0,70700.0
7.0701537599199525e-06,7.0701537599199525e-06,0.017326903343200684,0.31256855130195615,0.17622351944446563,0.1363450288772583,91.79263305664062,0.4990542888641357,70750.0,7023.0,70750.0
7.031936712569036e-06,7.031936712569036e-06,0.017493057250976562,0.27818550169467926,0.16030702739953995,0.11787847578525543,95.6519775390625,0.5044744729995727,70800.0,7044.0,70800.0
6.99371966521812e-06,6.99371966521812e-06,0.017490410804748537,0.2929191544651985,0.15585111007094382,0.1370680458843708,95.46356964111328,0.5017044544219971,70850.0,7005.0,70850.0
6.9555026178672036e-06,6.9555026178672036e-06,0.01730654239654541,0.2573452889919281,0.13353377729654312,0.12381151020526886,93.28290557861328,0.49597146511077883,70900.0,7000.0,70900.0
6.917285570516286e-06,6.917285570516286e-06,0.018663191795349122,0.2952518299221992,0.1608210489153862,0.13443077802658082,92.58704376220703,0.49775238037109376,70950.0,7008.0,70950.0
6.879068523165371e-06,6.879068523165371e-06,0.018092703819274903,0.25754261910915377,0.12969797998666763,0.1278446428477764,97.53683471679688,0.4995433330535889,71000.0,7031.0,71000.0
6.8408514758144555e-06,6.8408514758144555e-06,0.016148090362548828,0.2987535998225212,0.17464054003357887,0.12411306351423264,95.07730102539062,0.4948426723480225,71050.0,7029.0,71050.0
6.80263442846354e-06,6.80263442846354e-06,0.016182732582092286,0.28968444764614104,0.16651152893900872,0.12317292019724846,86.44853210449219,0.4861560106277466,71100.0,7011.0,71100.0
6.7644173811126234e-06,6.7644173811126234e-06,0.016060543060302735,0.2843624174594879,0.16597904786467552,0.11838337108492851,96.77137756347656,0.4919341325759888,71150.0,7015.0,71150.0
6.726200333761706e-06,6.726200333761706e-06,0.018941426277160646,0.28578086495399474,0.1650188907980919,0.12076197415590287,93.1108627319336,0.5124706029891968,71200.0,7027.0,71200.0
6.68798328641079e-06,6.68798328641079e-06,0.017498254776000977,0.287916898727417,0.16897320821881295,0.11894368901848792,95.1639633178711,0.4974133729934692,71250.0,7053.0,71250.0
6.649766239059874e-06,6.649766239059874e-06,0.0158402681350708,0.27203502506017685,0.14101250022649764,0.13102252185344695,95.21856689453125,0.49434261322021483,71300.0,7026.0,71300.0
6.611549191708958e-06,6.611549191708958e-06,0.019028544425964355,0.25946392565965654,0.14091702178120613,0.11854690387845039,93.59591674804688,0.49754698276519777,71350.0,7052.0,71350.0
6.573332144358039e-06,6.573332144358039e-06,0.018938350677490234,0.24849897027015685,0.1301757961511612,0.11832317635416985,97.8736801147461,0.5160799026489258,71400.0,7039.0,71400.0
6.535115097007124e-06,6.535115097007124e-06,0.017682433128356934,0.2552421987056732,0.14065573289990424,0.11458646506071091,94.74154663085938,0.5017347812652588,71450.0,7002.0,71450.0
6.496898049656207e-06,6.496898049656207e-06,0.016743063926696777,0.2624772429466248,0.1463202640414238,0.11615698114037513,96.80477142333984,0.4958654880523682,71500.0,7045.0,71500.0
6.458681002305292e-06,6.458681002305292e-06,0.018410205841064453,0.28153698742389677,0.15612551793456078,0.12541146352887153,92.21713256835938,0.5012225389480591,71550.0,7062.0,71550.0
6.4204639549543775e-06,6.4204639549543775e-06,0.016173696517944335,0.25308613628149035,0.12932013347744942,0.1237660028040409,96.55752563476562,0.5006890773773194,71600.0,7052.0,71600.0
6.3822469076034615e-06,6.3822469076034615e-06,0.01638307571411133,0.25792364329099654,0.13678392991423607,0.12113971337676048,95.29733276367188,0.49486722946166994,71650.0,7042.0,71650.0
6.344029860252546e-06,6.344029860252546e-06,0.018187332153320312,0.26122711300849916,0.1448390856385231,0.11638802587985993,97.51525115966797,0.5052714347839355,71700.0,7027.0,71700.0
6.305812812901632e-06,6.305812812901632e-06,0.019436955451965332,0.2524250283837318,0.13621893972158433,0.11620608568191529,96.969482421875,0.4998987436294556,71750.0,7004.0,71750.0
6.267595765550717e-06,6.267595765550717e-06,0.016395950317382814,0.3222312361001968,0.18797669410705567,0.13425454273819923,92.87552642822266,0.49590089321136477,71800.0,7042.0,71800.0
6.229378718199801e-06,6.229378718199801e-06,0.016634130477905275,0.2818433180451393,0.15839060693979262,0.1234527088701725,93.62723541259766,0.4970204830169678,71850.0,7026.0,71850.0
6.191161670848885e-06,6.191161670848885e-06,0.017174792289733887,0.2668775901198387,0.13819728419184685,0.128680307418108,97.05276489257812,0.4969756841659546,71900.0,7012.0,71900.0
6.152944623497968e-06,6.152944623497968e-06,0.01661982536315918,0.2795919179916382,0.1498669147491455,0.12972500100731849,93.95857238769531,0.4959826707839966,71950.0,7053.0,71950.0
6.114727576147052e-06,6.114727576147052e-06,0.01738448143005371,0.32231039106845855,0.19036724790930748,0.13194313943386077,94.99066162109375,0.5004303455352783,72000.0,7009.0,72000.0
6.0765105287961375e-06,6.0765105287961375e-06,0.017093300819396973,0.279691269993782,0.15960752591490746,0.12008374333381652,93.0912094116211,0.5014171361923218,72050.0,7009.0,72050.0
6.038293481445222e-06,6.038293481445222e-06,0.018023586273193358,0.2819671303033829,0.166973315179348,0.11499381363391876,95.38021850585938,0.5221576929092407,72100.0,7010.0,72100.0
6.000076434094308e-06,6.000076434094308e-06,0.016366124153137207,0.2782396987080574,0.15479495227336884,0.12344474568963051,92.3469467163086,0.4947685480117798,72150.0,7031.0,72150.0
5.961859386743394e-06,5.961859386743394e-06,0.020041131973266603,0.2678307920694351,0.147987250238657,0.11984354332089424,94.16070556640625,0.5089027166366578,72200.0,7020.0,72200.0
5.9236423393924785e-06,5.9236423393924785e-06,0.018934464454650878,0.2689423128962517,0.14466560296714306,0.12427671104669571,96.47256469726562,0.5040366649627686,72250.0,7028.0,72250.0
5.885425292041564e-06,5.885425292041564e-06,0.017297577857971192,0.2926450327038765,0.16041615083813668,0.13222888186573983,94.19485473632812,0.4928286075592041,72300.0,7054.0,72300.0
5.84720824469065e-06,5.84720824469065e-06,0.018526911735534668,0.32671485394239425,0.1997925229370594,0.12692233249545098,89.74549865722656,0.49242467880249025,72350.0,7022.0,72350.0
5.8089911973397355e-06,5.8089911973397355e-06,0.020210886001586915,0.28457669615745546,0.15378171652555467,0.13079497814178467,96.05765533447266,0.5053477764129639,72400.0,7030.0,72400.0
5.770774149988821e-06,5.770774149988821e-06,0.018264341354370116,0.33105839490890504,0.20461149662733077,0.1264468975365162,94.7164535522461,0.5030630350112915,72450.0,7046.0,72450.0
5.732557102637907e-06,5.732557102637907e-06,0.02041316032409668,0.2449879378080368,0.12886697053909302,0.11612096950411796,94.12100219726562,0.50382080078125,72500.0,7017.0,72500.0
5.6943400552869925e-06,5.6943400552869925e-06,0.019218826293945314,0.2786910206079483,0.14915116578340532,0.12953985929489137,94.71041107177734,0.5140221118927002,72550.0,7026.0,72550.0
5.656123007936078e-06,5.656123007936078e-06,0.020051097869873045,0.2844459220767021,0.1690208397805691,0.1154250793159008,94.31964874267578,0.5151591777801514,72600.0,7051.0,72600.0
5.617905960585164e-06,5.617905960585164e-06,0.01831381320953369,0.2924713954329491,0.16734629794955252,0.12512510269880295,95.21420288085938,0.5287293434143067,72650.0,7026.0,72650.0
5.5796889132342495e-06,5.5796889132342495e-06,0.017615675926208496,0.2542054355144501,0.12495598867535591,0.12924944758415222,95.37040710449219,0.5150972127914428,72700.0,7037.0,72700.0
5.541471865883335e-06,5.541471865883335e-06,0.01774625778198242,0.2988323524594307,0.17702218592166902,0.12181016430258751,93.23665618896484,0.5194339513778686,72750.0,7036.0,72750.0
5.503254818532421e-06,5.503254818532421e-06,0.01947600841522217,0.2852014511823654,0.1619370885193348,0.12326436340808869,96.05345153808594,0.5162522554397583,72800.0,7028.0,72800.0
5.4650377711815065e-06,5.4650377711815065e-06,0.018442988395690918,0.2785707339644432,0.14947507679462432,0.12909565791487693,94.2667007446289,0.5049993515014648,72850.0,7024.0,72850.0
5.426820723830592e-06,5.426820723830592e-06,0.017869186401367188,0.287287549674511,0.15516070127487183,0.1321268506348133,94.10132598876953,0.502743935585022,72900.0,7024.0,72900.0
5.388603676479678e-06,5.388603676479678e-06,0.017830777168273925,0.3222180619835854,0.17652068808674812,0.14569737166166305,91.03620910644531,0.5024458646774292,72950.0,7023.0,72950.0
5.3503866291287636e-06,5.3503866291287636e-06,0.01734006404876709,0.2743011638522148,0.1472027324140072,0.12709843292832373,94.37549591064453,0.499631929397583,73000.0,7004.0,73000.0
5.312169581777849e-06,5.312169581777849e-06,0.01780357360839844,0.25041617900133134,0.13882196173071862,0.11159421801567078,94.57929992675781,0.49925434589385986,73050.0,7079.0,73050.0
5.273952534426935e-06,5.273952534426935e-06,0.017618989944458006,0.2800414741039276,0.16017871126532554,0.11986276060342789,96.63575744628906,0.49531030654907227,73100.0,7025.0,73100.0
5.2357354870760206e-06,5.2357354870760206e-06,0.018427085876464844,0.2557228893041611,0.13511530980467795,0.12060758098959923,94.98554992675781,0.5035994291305542,73150.0,7027.0,73150.0
5.197518439725106e-06,5.197518439725106e-06,0.01855177879333496,0.2939365416765213,0.15931779891252518,0.13461874797940254,95.18818664550781,0.5054265975952148,73200.0,7035.0,73200.0
5.159301392374192e-06,5.159301392374192e-06,0.01645481586456299,0.2912196159362793,0.16335872560739517,0.12786089032888412,95.63773345947266,0.4943995952606201,73250.0,7021.0,73250.0
5.1210843450232776e-06,5.1210843450232776e-06,0.018885231018066405,0.2702080249786377,0.14152953401207924,0.12867849469184875,97.18553924560547,0.5068115234375,73300.0,7034.0,73300.0
5.082867297672363e-06,5.082867297672363e-06,0.017517971992492675,0.3047951713204384,0.18870666548609732,0.11608850508928299,95.26984405517578,0.504940676689148,73350.0,7036.0,73350.0
5.044650250321449e-06,5.044650250321449e-06,0.018769168853759767,0.3024773508310318,0.1699343204498291,0.13254303261637687,94.45447540283203,0.5059118270874023,73400.0,7009.0,73400.0
5.006433202970535e-06,5.006433202970535e-06,0.016556787490844726,0.28189520835876464,0.15674442648887635,0.12515078186988832,91.86836242675781,0.49929089546203614,73450.0,7025.0,73450.0
4.96821615561962e-06,4.96821615561962e-06,0.017950773239135742,0.28288478404283524,0.15810876339673996,0.12477602735161782,92.92157745361328,0.5020691871643066,73500.0,7020.0,73500.0
4.929999108268706e-06,4.929999108268706e-06,0.01956198215484619,0.32916246354579926,0.20295479893684387,0.1262076713144779,92.52818298339844,0.5073734760284424,73550.0,7037.0,73550.0
4.891782060917792e-06,4.891782060917792e-06,0.018251800537109376,0.2772740811109543,0.14666377678513526,0.1306103065609932,93.79459381103516,0.5026494026184082,73600.0,7029.0,73600.0
4.853565013566877e-06,4.853565013566877e-06,0.018665003776550292,0.26400180011987684,0.14172471463680267,0.12227708473801613,94.5413818359375,0.5061033248901368,73650.0,7029.0,73650.0
4.815347966215963e-06,4.815347966215963e-06,0.02007579803466797,0.2904764175415039,0.17145017683506011,0.11902624294161797,95.19678497314453,0.5073731660842895,73700.0,7012.0,73700.0
4.777130918865049e-06,4.777130918865049e-06,0.018147730827331544,0.2767201155424118,0.14944101870059967,0.12727909162640572,94.38774871826172,0.5053025245666504,73750.0,7022.0,73750.0
4.738913871514134e-06,4.738913871514134e-06,0.018128848075866698,0.25307063311338424,0.1266460858285427,0.12642454653978347,96.31452941894531,0.4965436220169067,73800.0,7026.0,73800.0
4.70069682416322e-06,4.70069682416322e-06,0.01774706840515137,0.2803593948483467,0.1495066039264202,0.13085278868675232,96.07298278808594,0.5011626005172729,73850.0,7009.0,73850.0
4.662479776812306e-06,4.662479776812306e-06,0.019019293785095214,0.3090688228607178,0.17717533558607101,0.13189348354935646,95.81619262695312,0.5111432790756225,73900.0,7017.0,73900.0
4.624262729461391e-06,4.624262729461391e-06,0.016496992111206053,0.25708843767642975,0.1350231274962425,0.12206530496478081,94.48085021972656,0.498889422416687,73950.0,6994.0,73950.0
4.586045682110477e-06,4.586045682110477e-06,0.018144965171813965,0.28018079698085785,0.15715201422572136,0.12302878424525261,94.72846984863281,0.5118858814239502,74000.0,7014.0,74000.0
4.547828634759563e-06,4.547828634759563e-06,0.01857481002807617,0.29869244545698165,0.17213782668113708,0.126554623991251,96.36737060546875,0.4996250867843628,74050.0,7009.0,74050.0
4.509611587408648e-06,4.509611587408648e-06,0.01946601867675781,0.2633680045604706,0.13846220672130585,0.1249057985842228,96.49207305908203,0.5068721055984498,74100.0,7031.0,74100.0
4.471394540057734e-06,4.471394540057734e-06,0.01916027069091797,0.29112645983695984,0.17684348672628403,0.11428297385573387,96.51139068603516,0.49935035705566405,74150.0,7016.0,74150.0
4.43317749270682e-06,4.43317749270682e-06,0.017676138877868654,0.2729541540145874,0.1540162295103073,0.11893792673945427,95.57937622070312,0.49009201526641843,74200.0,6984.0,74200.0
4.394960445355905e-06,4.394960445355905e-06,0.019719505310058595,0.24932807832956314,0.12007422000169754,0.1292538583278656,96.9950942993164,0.5046328544616699,74250.0,7000.0,74250.0
4.356743398004991e-06,4.356743398004991e-06,0.019263911247253417,0.24550057649612428,0.1259989023208618,0.11950167641043663,93.58392333984375,0.5031615018844604,74300.0,7019.0,74300.0
4.318526350654077e-06,4.318526350654077e-06,0.021141552925109865,0.2695745512843132,0.14577383249998094,0.12380071580410004,93.7328109741211,0.5134644031524658,74350.0,7029.0,74350.0
4.280309303303162e-06,4.280309303303162e-06,0.019213080406188965,0.2603301823139191,0.14110834077000617,0.11922184750437737,96.17010498046875,0.5105949878692627,74400.0,6998.0,74400.0
4.242092255952248e-06,4.242092255952248e-06,0.018717384338378905,0.28994138687849047,0.1578880675137043,0.13205331563949585,97.51048278808594,0.5044800996780395,74450.0,7039.0,74450.0
4.203875208601334e-06,4.203875208601334e-06,0.017418885231018068,0.3088886186480522,0.17719324678182602,0.13169536888599395,89.2914047241211,0.49819345474243165,74500.0,7009.0,74500.0
4.165658161250419e-06,4.165658161250419e-06,0.018894481658935546,0.25007549673318863,0.1310414619743824,0.11903403401374817,94.14552307128906,0.5029447078704834,74550.0,7055.0,74550.0
4.127441113899505e-06,4.127441113899505e-06,0.019442009925842284,0.2800511732697487,0.15770041644573213,0.12235076054930687,94.42610168457031,0.49990501403808596,74600.0,7046.0,74600.0
4.089224066548591e-06,4.089224066548591e-06,0.016987323760986328,0.2886225402355194,0.15472665429115295,0.1338958814740181,96.16255950927734,0.502676272392273,74650.0,7031.0,74650.0
4.051007019197676e-06,4.051007019197676e-06,0.01768968105316162,0.2601935908198357,0.1406499333679676,0.11954365670681,93.94508361816406,0.5007658958435058,74700.0,7022.0,74700.0
4.012789971846762e-06,4.012789971846762e-06,0.017275357246398927,0.2906473785638809,0.15358598977327348,0.13706139251589775,91.4271240234375,0.5045375108718873,74750.0,7001.0,74750.0
3.974572924495848e-06,3.974572924495848e-06,0.019528818130493165,0.2560066431760788,0.14335392713546752,0.11265271678566932,94.5298080444336,0.4952873945236206,74800.0,7014.0,74800.0
3.936355877144933e-06,3.936355877144933e-06,0.019463491439819337,0.24096401780843735,0.12404412105679512,0.11691989749670029,95.21427917480469,0.5051364183425904,74850.0,7029.0,74850.0
3.898138829794019e-06,3.898138829794019e-06,0.01782352924346924,0.27958991974592207,0.14702371098101139,0.1325662061572075,95.55376434326172,0.5020834445953369,74900.0,7027.0,74900.0
3.859921782443105e-06,3.859921782443105e-06,0.018576860427856445,0.28662658035755156,0.15186208710074425,0.1347644954919815,93.88080596923828,0.5042750358581543,74950.0,7035.0,74950.0
3.82170473509219e-06,3.82170473509219e-06,0.019572019577026367,0.3059978038072586,0.17962392792105675,0.12637387663125993,88.7242431640625,0.5000518560409546,75000.0,7028.0,75000.0
3.783487687741271e-06,3.783487687741271e-06,0.01882472038269043,0.2661501631140709,0.14744867533445358,0.11870148703455925,95.07502746582031,0.5214402914047241,75050.0,7056.0,75050.0
3.745270640390349e-06,3.745270640390349e-06,0.018058252334594727,0.2758191108703613,0.15243080034852027,0.12338831201195717,92.56029510498047,0.5243807554244995,75100.0,7064.0,75100.0
3.7070535930394295e-06,3.7070535930394295e-06,0.017938852310180664,0.3257863834500313,0.197800263017416,0.12798611894249917,91.28849029541016,0.5236036062240601,75150.0,7028.0,75150.0
3.668836545688508e-06,3.668836545688508e-06,0.017666006088256837,0.25995988994836805,0.14242301136255264,0.11753687709569931,94.66035461425781,0.49578659534454345,75200.0,7044.0,75200.0
3.6306194983375865e-06,3.6306194983375865e-06,0.016434025764465333,0.27768453657627107,0.1388759955763817,0.1388085402548313,94.39759063720703,0.49938287734985354,75250.0,7011.0,75250.0
3.5924024509866633e-06,3.5924024509866633e-06,0.016529130935668945,0.2880430370569229,0.15475795194506645,0.1332850858569145,97.48017120361328,0.49158668518066406,75300.0,7041.0,75300.0
3.5541854036357426e-06,3.5541854036357426e-06,0.017113852500915527,0.29497758448123934,0.1711728900671005,0.12380469143390656,93.70214080810547,0.4966231107711792,75350.0,7025.0,75350.0
3.5159683562848198e-06,3.5159683562848198e-06,0.017514896392822266,0.29042728543281554,0.16639421731233597,0.12403306812047958,95.57070922851562,0.5037856817245483,75400.0,7057.0,75400.0
3.4777513089338974e-06,3.4777513089338974e-06,0.01825268268585205,0.2769887879490852,0.15707816034555436,0.11991062834858894,95.44756317138672,0.5120190858840943,75450.0,7055.0,75450.0
3.4395342615829746e-06,3.4395342615829746e-06,0.0193347692489624,0.25927204787731173,0.14760741367936134,0.1116646334528923,93.53876495361328,0.4977472543716431,75500.0,7029.0,75500.0
3.401317214232052e-06,3.401317214232052e-06,0.02012977600097656,0.28779965341091157,0.16455598101019858,0.12324367240071296,97.4430923461914,0.51024169921875,75550.0,7030.0,75550.0
3.363100166881129e-06,3.363100166881129e-06,0.02064404487609863,0.25963825583457945,0.1367156632244587,0.1229225903749466,93.58274841308594,0.5132234334945679,75600.0,7031.0,75600.0
3.32488311953021e-06,3.32488311953021e-06,0.02030022144317627,0.28102297633886336,0.15461594015359878,0.12640703618526458,96.71151733398438,0.5092880010604859,75650.0,7052.0,75650.0
3.286666072179288e-06,3.286666072179288e-06,0.01726670265197754,0.2510329246520996,0.12929946705698966,0.12173345759510994,96.40860748291016,0.49508883953094485,75700.0,7020.0,75700.0
3.248449024828367e-06,3.248449024828367e-06,0.019585204124450684,0.2867535948753357,0.15943445786833763,0.12731913551688195,94.8287582397461,0.5096420526504517,75750.0,7014.0,75750.0
3.2102319774774433e-06,3.2102319774774433e-06,0.01989891529083252,0.28042477965354917,0.15795158073306084,0.12247319892048836,94.70877838134766,0.5048744678497314,75800.0,7036.0,75800.0
3.1720149301265213e-06,3.1720149301265213e-06,0.0169964075088501,0.27610666006803514,0.14526429176330566,0.13084237426519393,95.62849426269531,0.49714562892913816,75850.0,7023.0,75850.0
3.1337978827756002e-06,3.1337978827756002e-06,0.017081475257873534,0.2875073552131653,0.15179078429937362,0.13571657091379166,92.31829071044922,0.5032310485839844,75900.0,7029.0,75900.0
3.0955808354246804e-06,3.0955808354246804e-06,0.017513108253479005,0.29189288169145583,0.1608743168413639,0.13101857155561447,94.5440902709961,0.5003921031951905,75950.0,7062.0,75950.0
3.0573637880737576e-06,3.0573637880737576e-06,0.017418956756591795,0.2923327639698982,0.15522452890872956,0.1371082343161106,95.25251770019531,0.5036643981933594,76000.0,7015.0,76000.0
3.0191467407228373e-06,3.0191467407228373e-06,0.01849527359008789,0.24050056040287018,0.12196253836154938,0.11853801980614662,95.3252182006836,0.5073262453079224,76050.0,7019.0,76050.0
2.9809296933719145e-06,2.9809296933719145e-06,0.01816868782043457,0.28117230385541914,0.151862483471632,0.12930981814861298,92.73114776611328,0.5035310745239258,76100.0,7037.0,76100.0
2.942712646020993e-06,2.942712646020993e-06,0.019895386695861817,0.2716956228017807,0.14558309614658355,0.1261125274002552,96.07959747314453,0.5058240175247193,76150.0,7020.0,76150.0
2.904495598670071e-06,2.904495598670071e-06,0.01794753074645996,0.26690798103809354,0.14520237520337104,0.12170560881495476,95.47913360595703,0.5070410966873169,76200.0,7050.0,76200.0
2.8662785513191474e-06,2.8662785513191474e-06,0.018664240837097168,0.26464174389839173,0.14169025868177415,0.1229514867067337,92.8785629272461,0.5013283252716064,76250.0,7025.0,76250.0
2.828061503968227e-06,2.828061503968227e-06,0.018631911277770995,0.2689284533262253,0.1393435813486576,0.12958486899733543,96.21578216552734,0.512076449394226,76300.0,7022.0,76300.0
2.789844456617307e-06,2.789844456617307e-06,0.015729069709777832,0.2561070516705513,0.1336390867829323,0.12246796786785126,95.17916870117188,0.4958015203475952,76350.0,7000.0,76350.0
2.7516274092663858e-06,2.7516274092663858e-06,0.017762017250061036,0.2917534917593002,0.1708340860903263,0.12091940343379974,90.34378051757812,0.49560325145721434,76400.0,7070.0,76400.0
2.713410361915467e-06,2.713410361915467e-06,0.015846633911132814,0.2746638149023056,0.14510334581136702,0.12956046909093857,95.04267883300781,0.49769279956817625,76450.0,7026.0,76450.0
2.6751933145645457e-06,2.6751933145645457e-06,0.017541146278381346,0.3208604544401169,0.18744929656386375,0.13341116085648536,95.49420928955078,0.4967712640762329,76500.0,7067.0,76500.0
2.636976267213626e-06,2.636976267213626e-06,0.01630246639251709,0.30135855078697205,0.16233777925372123,0.13902077227830886,94.25621795654297,0.5012412786483764,76550.0,7030.0,76550.0
2.5987592198627047e-06,2.5987592198627047e-06,0.018048477172851563,0.2697234883904457,0.1353063240647316,0.13441716134548187,94.57298278808594,0.5011000633239746,76600.0,7007.0,76600.0
2.560542172511785e-06,2.560542172511785e-06,0.017988824844360353,0.2635526925325394,0.13685288839042187,0.12669980600476266,95.68254852294922,0.4965608358383179,76650.0,7018.0,76650.0
2.522325125160865e-06,2.522325125160865e-06,0.015906405448913575,0.2715097635984421,0.15146524533629419,0.12004451751708985,94.88610076904297,0.4969870805740356,76700.0,7021.0,76700.0
2.4841080778099456e-06,2.4841080778099456e-06,0.018381619453430177,0.26750757694244387,0.1473280020058155,0.12017957270145416,94.89265441894531,0.5042469501495361,76750.0,7021.0,76750.0
2.4458910304590245e-06,2.4458910304590245e-06,0.01676332950592041,0.28846911936998365,0.16080632284283639,0.12766279876232148,91.3076171875,0.49664738178253176,76800.0,7017.0,76800.0
2.4076739831081034e-06,2.4076739831081034e-06,0.017600703239440917,0.2820471107959747,0.1527717038989067,0.1292754054069519,95.10475158691406,0.5013590812683105,76850.0,7009.0,76850.0
2.36945693575718e-06,2.36945693575718e-06,0.017780327796936037,0.2702133968472481,0.15295815989375114,0.11725523620843888,97.66230010986328,0.49928109645843505,76900.0,7023.0,76900.0
2.3312398884062616e-06,2.3312398884062616e-06,0.018955445289611815,0.2883777916431427,0.16231291219592095,0.12606488019227982,94.21807861328125,0.510455322265625,76950.0,7041.0,76950.0
2.29302284105534e-06,2.29302284105534e-06,0.018128085136413574,0.2566621482372284,0.13255909755825995,0.12410304769873619,93.2215576171875,0.5018341064453125,77000.0,7034.0,77000.0
2.25480579370442e-06,2.25480579370442e-06,0.017670655250549318,0.30113357305526733,0.16531300619244577,0.13582057282328605,93.46216583251953,0.5067365884780883,77050.0,7041.0,77050.0
2.2165887463535e-06,2.2165887463535e-06,0.01920173168182373,0.274217027425766,0.15175191909074784,0.12246510982513428,94.03434753417969,0.5104031085968017,77100.0,7038.0,77100.0
2.178371699002581e-06,2.178371699002581e-06,0.020606184005737306,0.2923950180411339,0.15849234610795976,0.13390267565846442,94.32767486572266,0.5166120290756225,77150.0,7021.0,77150.0
2.140154651651662e-06,2.140154651651662e-06,0.01701810359954834,0.24897348284721374,0.129262226074934,0.11971125528216361,94.92828369140625,0.49911065101623536,77200.0,7024.0,77200.0
2.101937604300743e-06,2.101937604300743e-06,0.01789238452911377,0.2587541460990906,0.13673068732023239,0.12202346250414849,95.7079849243164,0.49611778259277345,77250.0,7008.0,77250.0
2.063720556949823e-06,2.063720556949823e-06,0.019525027275085448,0.22237262576818467,0.11621871814131737,0.10615390464663506,97.76744079589844,0.5052374362945556,77300.0,7004.0,77300.0
2.0255035095989017e-06,2.0255035095989017e-06,0.01672632694244385,0.2760255455970764,0.15879602879285812,0.11722951382398605,94.43989562988281,0.5028543710708618,77350.0,7013.0,77350.0
1.987286462247983e-06,1.987286462247983e-06,0.01770803928375244,0.3099615931510925,0.1749346747994423,0.13502692580223083,95.58580780029297,0.5035525321960449,77400.0,7027.0,77400.0
1.9490694148970607e-06,1.9490694148970607e-06,0.01873784065246582,0.23562042862176896,0.12405837029218673,0.11156205981969833,97.33949279785156,0.5025516986846924,77450.0,7029.0,77450.0
1.9108523675461396e-06,1.9108523675461396e-06,0.018103551864624024,0.2446148633956909,0.12080710642039776,0.1238077536225319,97.48455810546875,0.509825873374939,77500.0,7014.0,77500.0
1.872635320195217e-06,1.872635320195217e-06,0.017101526260375977,0.26974486857652663,0.1585885427892208,0.11115632429718972,92.72792053222656,0.5215587139129638,77550.0,7033.0,77550.0
1.8344182728442936e-06,1.8344182728442936e-06,0.019538283348083496,0.2928718999028206,0.16541157588362693,0.12746032774448396,95.25550079345703,0.5060717105865479,77600.0,7021.0,77600.0
1.7962012254933708e-06,1.7962012254933708e-06,0.01661405563354492,0.25844869911670687,0.13239719048142434,0.12605150938034057,96.77447509765625,0.49695074558258057,77650.0,7011.0,77650.0
1.7579841781424476e-06,1.7579841781424476e-06,0.016654777526855468,0.2679095298051834,0.14372010305523872,0.12418942227959633,96.47794342041016,0.4998605966567993,77700.0,7027.0,77700.0
1.7197671307915254e-06,1.7197671307915254e-06,0.01671903133392334,0.26517904102802276,0.14197585955262185,0.12320318222045898,95.97391510009766,0.5029162645339966,77750.0,7003.0,77750.0
1.681550083440602e-06,1.681550083440602e-06,0.019718503952026366,0.2519021347165108,0.1396770216524601,0.11222511231899261,96.42914581298828,0.5035340070724488,77800.0,7009.0,77800.0
1.6433330360896781e-06,1.6433330360896781e-06,0.01761496067047119,0.24364864081144333,0.1287442460656166,0.11490439623594284,95.55500030517578,0.49990699291229246,77850.0,7008.0,77850.0
1.6051159887387545e-06,1.6051159887387545e-06,0.019341397285461425,0.3017247498035431,0.1670454315841198,0.13467931970953942,95.93733215332031,0.5023376703262329,77900.0,7016.0,77900.0
1.566898941387831e-06,1.566898941387831e-06,0.020768618583679198,0.2835743486881256,0.1527652144432068,0.13080913349986076,95.26211547851562,0.5113315343856811,77950.0,7039.0,77950.0
1.5286818940369072e-06,1.5286818940369072e-06,0.018531537055969237,0.25595286935567857,0.13452372550964356,0.12142914384603501,96.06046295166016,0.500303316116333,78000.0,7027.0,78000.0
1.4904648466859842e-06,1.4904648466859842e-06,0.01735525131225586,0.25870361775159834,0.14025789946317674,0.1184457153081894,94.7638168334961,0.5138225078582763,78050.0,7031.0,78050.0
1.4522477993350603e-06,1.4522477993350603e-06,0.019261765480041503,0.2644634783267975,0.1428755961358547,0.12158787623047829,94.65118408203125,0.5057000875473022,78100.0,7055.0,78100.0
1.4140307519841369e-06,1.4140307519841369e-06,0.019411087036132812,0.2730210870504379,0.15246423706412315,0.12055685147643089,95.2313232421875,0.5055490970611572,78150.0,7005.0,78150.0
1.3758137046332136e-06,1.3758137046332136e-06,0.018277740478515624,0.2767470672726631,0.14881822392344474,0.12792884036898614,95.9701156616211,0.5068493366241456,78200.0,7034.0,78200.0
1.3375966572822891e-06,1.3375966572822891e-06,0.0173600435256958,0.29438343942165374,0.17836280316114425,0.11602063700556756,97.03238677978516,0.4974484920501709,78250.0,7027.0,78250.0
1.2993796099313646e-06,1.2993796099313646e-06,0.017687153816223145,0.27189287841320037,0.1469144716858864,0.12497840896248817,94.29271697998047,0.49891111850738523,78300.0,7024.0,78300.0
1.2611625625804406e-06,1.2611625625804406e-06,0.017856717109680176,0.2576100826263428,0.13625278696417809,0.1213572971522808,95.937744140625,0.49949870109558103,78350.0,7001.0,78350.0
1.222945515229516e-06,1.222945515229516e-06,0.01628568172454834,0.2740385100245476,0.1511213280260563,0.12291718125343323,93.29998016357422,0.49677181243896484,78400.0,7024.0,78400.0
1.1847284678785916e-06,1.1847284678785916e-06,0.019043397903442384,0.29025634527206423,0.17967997565865518,0.11057636886835098,96.09754180908203,0.49872283935546874,78450.0,7037.0,78450.0
1.146511420527667e-06,1.146511420527667e-06,0.01647951602935791,0.273395998775959,0.15117639899253846,0.12221959680318832,95.51911163330078,0.49926836490631105,78500.0,7008.0,78500.0
1.108294373176743e-06,1.108294373176743e-06,0.02047994136810303,0.2437841087579727,0.12703402787446977,0.11675007939338684,95.20616149902344,0.5047665119171143,78550.0,7024.0,78550.0
1.0700773258258185e-06,1.0700773258258185e-06,0.018982076644897462,0.2524386703968048,0.1311289593577385,0.12130970880389214,95.29590606689453,0.49819517135620117,78600.0,7027.0,78600.0
1.0318602784748949e-06,1.0318602784748949e-06,0.01774888038635254,0.2595094874501228,0.14142837151885032,0.11808111667633056,94.2279052734375,0.5113165855407715,78650.0,7035.0,78650.0
9.936432311239704e-07,9.936432311239704e-07,0.017886543273925783,0.25708318799734114,0.134325510263443,0.12275767549872399,96.0013427734375,0.4988335132598877,78700.0,7021.0,78700.0
9.55426183773047e-07,9.55426183773047e-07,0.0175295352935791,0.27986356019973757,0.15577141866087912,0.12409214302897453,95.84793853759766,0.49983389377593995,78750.0,7030.0,78750.0
9.172091364221247e-07,9.172091364221247e-07,0.01977882385253906,0.2782539874315262,0.1450957663357258,0.13315821886062623,94.44090270996094,0.5073360919952392,78800.0,7036.0,78800.0
8.78992089071203e-07,8.78992089071203e-07,0.01607978343963623,0.29108937829732895,0.16466766521334647,0.126421707123518,92.99479675292969,0.49673805236816404,78850.0,7061.0,78850.0
8.407750417202808e-07,8.407750417202808e-07,0.018405342102050783,0.2719706192612648,0.15257798731327057,0.11939263194799424,91.90946960449219,0.49941842555999755,78900.0,7003.0,78900.0
8.025579943693587e-07,8.025579943693587e-07,0.017936301231384278,0.3569226250052452,0.2097241498529911,0.14719847962260246,95.46995544433594,0.5008998394012452,78950.0,7004.0,78950.0
7.643409470184373e-07,7.643409470184373e-07,0.01742427349090576,0.26749915778636935,0.1388496808707714,0.12864947244524955,93.35551452636719,0.49941043853759765,79000.0,7050.0,79000.0
7.261238996675158e-07,7.261238996675158e-07,0.019784021377563476,0.2705304577946663,0.14203617945313454,0.12849427461624147,94.74895477294922,0.5024233341217041,79050.0,6991.0,79050.0
6.879068523165939e-07,6.879068523165939e-07,0.017583703994750975,0.2430894359946251,0.13283489570021628,0.11025454103946686,96.54727172851562,0.49680516719818113,79100.0,6993.0,79100.0
6.496898049656722e-07,6.496898049656722e-07,0.016069984436035155,0.27085836231708527,0.14155564457178116,0.12930272072553634,94.71045684814453,0.4953251838684082,79150.0,7039.0,79150.0
6.114727576147504e-07,6.114727576147504e-07,0.018032479286193847,0.27232709228992463,0.14617529213428498,0.12615180537104606,95.17961883544922,0.49809870719909666,79200.0,7033.0,79200.0
5.732557102638286e-07,5.732557102638286e-07,0.018007564544677734,0.2687095135450363,0.15262445881962777,0.11608505770564079,94.9914779663086,0.5012153148651123,79250.0,7033.0,79250.0
5.350386629129074e-07,5.350386629129074e-07,0.017154216766357422,0.25101646929979327,0.12367772907018662,0.12733873799443246,93.68360137939453,0.4996871709823608,79300.0,7026.0,79300.0
4.968216155619856e-07,4.968216155619856e-07,0.019127631187438966,0.23775152266025543,0.1178570982068777,0.11989442482590676,96.27452850341797,0.5007630825042725,79350.0,7055.0,79350.0
4.586045682110638e-07,4.586045682110638e-07,0.018187642097473145,0.31039959192276,0.18913293182849883,0.121266657859087,95.80134582519531,0.5148026466369628,79400.0,7053.0,79400.0
4.2038752086014176e-07,4.2038752086014176e-07,0.01845872402191162,0.27434147596359254,0.15164403207600116,0.12269744500517846,96.86830139160156,0.520418643951416,79450.0,7026.0,79450.0
3.8217047350921965e-07,3.8217047350921965e-07,0.017888736724853516,0.2638765603303909,0.14021257385611535,0.1236639827489853,95.59361267089844,0.5196879386901856,79500.0,7026.0,79500.0
3.4395342615829743e-07,3.4395342615829743e-07,0.01995670795440674,0.2549783557653427,0.13290817365050317,0.12207018435001374,94.89306640625,0.5001387357711792,79550.0,6991.0,79550.0
3.0573637880737516e-07,3.0573637880737516e-07,0.0187957763671875,0.29724826514720915,0.17618900761008263,0.12105925753712654,95.04176330566406,0.5085428714752197,79600.0,7057.0,79600.0
2.675193314564529e-07,2.675193314564529e-07,0.01959991455078125,0.2515407204627991,0.13430595993995667,0.11723475828766823,94.94355010986328,0.5046002388000488,79650.0,7036.0,79650.0
2.2930228410553075e-07,2.2930228410553075e-07,0.01956617832183838,0.26131659299135207,0.1364349327981472,0.124881661683321,96.87451934814453,0.5108479976654052,79700.0,7032.0,79700.0
1.9108523675460874e-07,1.9108523675460874e-07,0.017122793197631835,0.23757996857166291,0.11650377959012985,0.12107619047164916,94.89537048339844,0.5214677572250366,79750.0,7036.0,79750.0
1.5286818940368697e-07,1.5286818940368697e-07,0.017219281196594237,0.2709379941225052,0.13468896374106407,0.13624903187155724,97.07473754882812,0.5212895154953003,79800.0,7002.0,79800.0
1.1465114205276517e-07,1.1465114205276517e-07,0.01734127998352051,0.2679052338004112,0.14026586934924126,0.12763936519622804,92.9352035522461,0.4973179340362549,79850.0,7024.0,79850.0
7.643409470184351e-08,7.643409470184351e-08,0.018245887756347657,0.2857122913002968,0.16228063330054282,0.12343166321516037,92.05902099609375,0.5127291917800904,79900.0,7001.0,79900.0
3.8217047350921795e-08,3.8217047350921795e-08,0.018390369415283204,0.26918967962265017,0.15120770037174225,0.11798197999596596,92.09613800048828,0.5025115728378295,79950.0,7015.0,79950.0
0.0,0.0,0.019651365280151368,0.2475281164050102,0.1342398203909397,0.11328829899430275,97.34693908691406,0.5068575859069824,80000.0,7026.0,80000.0
