base_lr,lr,data_time,loss,decode.loss_ce,decode.loss_lovasz,decode.acc_seg,time,iter,memory,step
1.9613655770513682e-06,1.9613655770513682e-06,0.014211177825927734,3.2320343255996704,2.8536383152008056,0.3783960461616516,21.940263748168945,0.4759313344955444,50.0,8530.0,50.0
3.962697798532355e-06,3.962697798532355e-06,0.014713525772094727,2.959362816810608,2.584810256958008,0.37455258071422576,50.0765266418457,0.4829799890518188,100.0,7013.0,100.0
5.964030020013346e-06,5.964030020013346e-06,0.012138032913208007,2.5138179779052736,2.1467167139053345,0.36710128784179685,71.98113250732422,0.4757205963134766,150.0,7017.0,150.0
7.965362241494336e-06,7.965362241494336e-06,0.011405396461486816,1.9916636943817139,1.641128385066986,0.35053531229496004,80.77642059326172,0.4720453262329102,200.0,7036.0,200.0
9.96669446297533e-06,9.96669446297533e-06,0.014455246925354003,1.5660202383995057,1.2334617137908936,0.33255855441093446,70.4989242553711,0.4748351573944092,250.0,7006.0,250.0
1.1968026684456319e-05,1.1968026684456319e-05,0.01269392967224121,1.3558329582214355,1.03872407078743,0.31710887551307676,87.97970581054688,0.48613007068634034,300.0,7018.0,300.0
1.3969358905937323e-05,1.3969358905937323e-05,0.013026261329650879,1.25103098154068,0.9497640252113342,0.3012669593095779,76.33293914794922,0.4884800910949707,350.0,7027.0,350.0
1.597069112741831e-05,1.597069112741831e-05,0.013844871520996093,1.1068436682224274,0.8152698993682861,0.2915737807750702,74.97242736816406,0.47635071277618407,400.0,7044.0,400.0
1.797202334889931e-05,1.797202334889931e-05,0.012015008926391601,1.044122004508972,0.7525112509727478,0.29161075353622434,77.70223236083984,0.47142844200134276,450.0,6996.0,450.0
1.9973355570380306e-05,1.9973355570380306e-05,0.011573052406311036,1.0554090440273285,0.7675856828689576,0.2878233760595322,66.79376983642578,0.47376062870025637,500.0,7022.0,500.0
2.1974687791861306e-05,2.1974687791861306e-05,0.012377357482910157,0.9630632638931275,0.6939457178115844,0.269117546081543,73.11598205566406,0.4703044891357422,550.0,7021.0,550.0
2.3976020013342307e-05,2.3976020013342307e-05,0.011908221244812011,0.938830304145813,0.669745072722435,0.2690852344036102,72.89990234375,0.47589731216430664,600.0,7005.0,600.0
2.597735223482329e-05,2.597735223482329e-05,0.016424393653869628,0.8478511035442352,0.5862751215696335,0.2615759715437889,90.43165588378906,0.48120596408843996,650.0,7042.0,650.0
2.797868445630428e-05,2.797868445630428e-05,0.014519739151000976,1.024247169494629,0.7597528874874115,0.2644942730665207,75.74909973144531,0.4833976268768311,700.0,7039.0,700.0
2.99800166777853e-05,2.99800166777853e-05,0.01466681957244873,0.7295310199260712,0.4706749260425568,0.2588560998439789,89.33125305175781,0.47999842166900636,750.0,7021.0,750.0
3.1981348899266314e-05,3.1981348899266314e-05,0.01568465232849121,0.7371427357196808,0.4945511519908905,0.242591592669487,88.7650146484375,0.4815234661102295,800.0,7035.0,800.0
3.398268112074729e-05,3.398268112074729e-05,0.01511087417602539,0.7571514070034027,0.5245703816413879,0.23258102536201478,90.25850677490234,0.47371041774749756,850.0,7006.0,850.0
3.5984013342228235e-05,3.5984013342228235e-05,0.013933110237121581,0.7945465743541718,0.5572655618190765,0.23728102594614028,86.80328369140625,0.4827567100524902,900.0,7038.0,900.0
3.7985345563709256e-05,3.7985345563709256e-05,0.013389849662780761,0.7772577047348023,0.5452875941991806,0.2319701060652733,90.2078628540039,0.4695982217788696,950.0,7024.0,950.0
3.998667778519025e-05,3.998667778519025e-05,0.015040850639343262,0.800407737493515,0.5642577141523362,0.23615002632141113,87.0697250366211,0.4900616884231567,1000.0,7035.0,1000.0
4.198801000667124e-05,4.198801000667124e-05,0.013681173324584961,0.7626677274703979,0.5310404807329178,0.2316272437572479,87.73921966552734,0.47511770725250246,1050.0,7015.0,1050.0
4.398934222815225e-05,4.398934222815225e-05,0.01608905792236328,0.7146932661533356,0.5109520882368088,0.2037411719560623,89.88864135742188,0.47864227294921874,1100.0,7021.0,1100.0
4.599067444963324e-05,4.599067444963324e-05,0.015537524223327636,0.7246547520160675,0.5025300472974777,0.22212471216917037,84.05488586425781,0.48074116706848147,1150.0,7036.0,1150.0
4.7992006671114227e-05,4.7992006671114227e-05,0.014778423309326171,0.6527296304702759,0.42363389730453493,0.22909573018550872,84.00016784667969,0.4891035556793213,1200.0,7025.0,1200.0
4.999333889259521e-05,4.999333889259521e-05,0.014900708198547363,0.6930731058120727,0.4776447981595993,0.21542830169200897,81.78131103515625,0.4829783201217651,1250.0,7018.0,1250.0
5.199467111407618e-05,5.199467111407618e-05,0.012247180938720703,0.5707261085510253,0.36486729681491853,0.20585881769657136,86.41011810302734,0.47380316257476807,1300.0,7019.0,1300.0
5.399600333555716e-05,5.399600333555716e-05,0.015261435508728027,0.6943996608257293,0.4873970836400986,0.20700257569551467,89.8359146118164,0.48605756759643554,1350.0,7061.0,1350.0
5.599733555703817e-05,5.599733555703817e-05,0.014032864570617675,0.6889716863632203,0.4832276672124863,0.20574402064085007,87.7367935180664,0.47787292003631593,1400.0,7035.0,1400.0
5.799866777851912e-05,5.799866777851912e-05,0.013611674308776855,0.5634859502315521,0.35720711052417753,0.20627883821725845,92.17304229736328,0.48100097179412843,1450.0,7042.0,1450.0
6.000000000000008e-05,6.000000000000008e-05,0.013408207893371582,0.6775168448686599,0.46857717633247375,0.2089396670460701,93.79367065429688,0.49095873832702636,1500.0,7018.0,1500.0
5.996254729359621e-05,5.996254729359621e-05,0.012575006484985352,0.6749067902565002,0.46750426590442656,0.2074025198817253,87.70670318603516,0.47714431285858155,1550.0,7029.0,1550.0
5.992433024624527e-05,5.992433024624527e-05,0.01206049919128418,0.6497904509305954,0.44098530411720277,0.20880514532327651,79.67547607421875,0.4756962537765503,1600.0,7031.0,1600.0
5.9886113198894345e-05,5.9886113198894345e-05,0.015427970886230468,0.6500728249549865,0.4534852385520935,0.19658757597208024,86.40036010742188,0.4713581562042236,1650.0,7022.0,1650.0
5.9847896151543406e-05,5.9847896151543406e-05,0.01263728141784668,0.6087166875600815,0.41212805211544035,0.1965886354446411,94.0784912109375,0.47553701400756837,1700.0,7011.0,1700.0
5.9809679104192507e-05,5.9809679104192507e-05,0.013541245460510254,0.5281850844621658,0.33765504211187364,0.19053004682064056,90.1605453491211,0.4849698543548584,1750.0,7045.0,1750.0
5.977146205684161e-05,5.977146205684161e-05,0.013177275657653809,0.6317680478096008,0.4272957146167755,0.20447233319282532,81.9012680053711,0.47876040935516356,1800.0,7003.0,1800.0
5.9733245009490675e-05,5.9733245009490675e-05,0.013167309761047363,0.5943682193756104,0.4011530354619026,0.19321517497301102,92.36505126953125,0.4736575365066528,1850.0,7030.0,1850.0
5.9695027962139735e-05,5.9695027962139735e-05,0.01182727813720703,0.6154667496681213,0.418924355506897,0.196542389690876,84.25611114501953,0.47177102565765383,1900.0,7054.0,1900.0
5.965681091478883e-05,5.965681091478883e-05,0.01441817283630371,0.6353250563144683,0.4265077650547028,0.20881729125976561,86.62812805175781,0.4834670305252075,1950.0,7016.0,1950.0
5.961859386743793e-05,5.961859386743793e-05,0.012389492988586426,0.6225961983203888,0.4226634979248047,0.19993269741535186,85.74383544921875,0.4758185386657715,2000.0,7046.0,2000.0
5.958037682008702e-05,5.958037682008702e-05,0.014887428283691407,0.598416006565094,0.3980112224817276,0.20040478855371474,79.57978057861328,0.4803633213043213,2050.0,7035.0,2050.0
5.9542159772736105e-05,5.9542159772736105e-05,0.01547834873199463,0.6876226365566254,0.4770269513130188,0.21059568971395493,74.8611831665039,0.48504765033721925,2100.0,7041.0,2100.0
5.950394272538514e-05,5.950394272538514e-05,0.014813113212585449,0.6292758822441101,0.42771714329719546,0.2015587419271469,89.63219451904297,0.48638739585876467,2150.0,7020.0,2150.0
5.9465725678034225e-05,5.9465725678034225e-05,0.011832499504089355,0.5716063022613526,0.3777210757136345,0.1938852310180664,90.03711700439453,0.47635085582733155,2200.0,7036.0,2200.0
5.942750863068332e-05,5.942750863068332e-05,0.014803695678710937,0.561309203505516,0.3654536783695221,0.19585552662611008,91.89364624023438,0.48374500274658205,2250.0,7029.0,2250.0
5.9389291583332434e-05,5.9389291583332434e-05,0.0121779203414917,0.612318930029869,0.419017593562603,0.19330133497714996,89.09969329833984,0.4693085432052612,2300.0,7035.0,2300.0
5.935107453598149e-05,5.935107453598149e-05,0.013396239280700684,0.5210063874721527,0.3290959268808365,0.1919104591012001,90.26065826416016,0.4825137138366699,2350.0,7011.0,2350.0
5.931285748863056e-05,5.931285748863056e-05,0.012538981437683106,0.6727143943309783,0.4797228455543518,0.19299154132604598,91.38642120361328,0.4761350631713867,2400.0,7029.0,2400.0
5.92746404412796e-05,5.92746404412796e-05,0.01464998722076416,0.6048225641250611,0.4005090892314911,0.20431347638368608,90.43560791015625,0.47811625003814695,2450.0,7033.0,2450.0
5.923642339392866e-05,5.923642339392866e-05,0.013685894012451173,0.5909995973110199,0.3880425199866295,0.20295708030462264,91.53417205810547,0.47977964878082274,2500.0,7033.0,2500.0
5.9198206346577755e-05,5.9198206346577755e-05,0.012875986099243165,0.5199214547872544,0.3449965551495552,0.17492489963769914,90.77381134033203,0.4739399433135986,2550.0,7029.0,2550.0
5.9159989299226816e-05,5.9159989299226816e-05,0.012203335762023926,0.4912151604890823,0.31019325107336043,0.18102190345525743,93.4314193725586,0.47677557468414306,2600.0,7038.0,2600.0
5.912177225187589e-05,5.912177225187589e-05,0.01423351764678955,0.5569795459508896,0.35605856478214265,0.2009209856390953,88.41217041015625,0.4801360845565796,2650.0,7065.0,2650.0
5.908355520452492e-05,5.908355520452492e-05,0.014634466171264649,0.5703094452619553,0.38759901374578476,0.1827104225754738,84.6196060180664,0.4856471300125122,2700.0,7037.0,2700.0
5.9045338157174023e-05,5.9045338157174023e-05,0.011950945854187012,0.6262055099010467,0.43102225959300994,0.1951832577586174,80.04881286621094,0.4763555765151978,2750.0,7060.0,2750.0
5.9007121109823084e-05,5.9007121109823084e-05,0.012285137176513672,0.547505596280098,0.35856266766786576,0.18894292861223222,91.2550277709961,0.4720462322235107,2800.0,7023.0,2800.0
5.8968904062472185e-05,5.8968904062472185e-05,0.011741304397583007,0.6040370732545852,0.4113743305206299,0.1926627442240715,91.05392456054688,0.47515392303466797,2850.0,7010.0,2850.0
5.893068701512124e-05,5.893068701512124e-05,0.011993718147277833,0.5783165276050568,0.38206665515899657,0.1962498679757118,88.26355743408203,0.4809255123138428,2900.0,7034.0,2900.0
5.889246996777026e-05,5.889246996777026e-05,0.012617254257202148,0.49355322420597075,0.3098390907049179,0.1837141379714012,87.86456298828125,0.4856382369995117,2950.0,7003.0,2950.0
5.885425292041932e-05,5.885425292041932e-05,0.012308001518249512,0.551926851272583,0.36443145424127577,0.18749539852142333,92.197998046875,0.47971832752227783,3000.0,7049.0,3000.0
5.88160358730684e-05,5.88160358730684e-05,0.013483905792236328,0.45918819308280945,0.28210059106349944,0.17708759903907775,91.28043365478516,0.48147125244140626,3050.0,7011.0,3050.0
5.8777818825717445e-05,5.8777818825717445e-05,0.012884688377380372,0.5155656456947326,0.3409757435321808,0.17458990216255188,89.14169311523438,0.47315025329589844,3100.0,7041.0,3100.0
5.873960177836648e-05,5.873960177836648e-05,0.013382029533386231,0.5652775317430496,0.37227377444505694,0.19300376176834105,91.85990142822266,0.48437185287475587,3150.0,7035.0,3150.0
5.870138473101558e-05,5.870138473101558e-05,0.014066982269287109,0.5784547597169876,0.3975115045905113,0.18094325959682464,89.11752319335938,0.47386598587036133,3200.0,7038.0,3200.0
5.866316768366465e-05,5.866316768366465e-05,0.012598228454589844,0.5244038432836533,0.3423987701535225,0.18200507313013076,90.3261489868164,0.47479910850524903,3250.0,7049.0,3250.0
5.862495063631373e-05,5.862495063631373e-05,0.013848829269409179,0.4932513624429703,0.3034334897994995,0.1898178741335869,93.71417236328125,0.47929470539093016,3300.0,7017.0,3300.0
5.8586733588962814e-05,5.8586733588962814e-05,0.014906764030456543,0.5296992421150207,0.3487711802124977,0.18092806339263917,91.05903625488281,0.4783741235733032,3350.0,7001.0,3350.0
5.854851654161189e-05,5.854851654161189e-05,0.014793872833251953,0.5350397855043412,0.3424473688006401,0.1925924152135849,85.30705261230469,0.48882441520690917,3400.0,7081.0,3400.0
5.8510299494260935e-05,5.8510299494260935e-05,0.012794566154479981,0.472705265879631,0.2977053806185722,0.17499988824129104,92.97923278808594,0.47455673217773436,3450.0,7045.0,3450.0
5.8472082446910015e-05,5.8472082446910015e-05,0.013993239402770996,0.5038924187421798,0.32598759829998014,0.1779048226773739,95.36903381347656,0.4770185947418213,3500.0,7060.0,3500.0
5.843386539955907e-05,5.843386539955907e-05,0.011817145347595214,0.5825410842895508,0.3991632342338562,0.18337784856557846,87.39216613769531,0.47523324489593505,3550.0,7001.0,3550.0
5.839564835220814e-05,5.839564835220814e-05,0.01300654411315918,0.5005632281303406,0.31182714402675626,0.18873608261346816,91.03231811523438,0.481547474861145,3600.0,7067.0,3600.0
5.8357431304857196e-05,5.8357431304857196e-05,0.013533520698547363,0.49912125468254087,0.3122442439198494,0.1868770107626915,93.14885711669922,0.47588016986846926,3650.0,7005.0,3650.0
5.8319214257506304e-05,5.8319214257506304e-05,0.012084579467773438,0.5504832595586777,0.3700089231133461,0.18047434091567993,91.30391693115234,0.4742462396621704,3700.0,7007.0,3700.0
5.828099721015536e-05,5.828099721015536e-05,0.013501644134521484,0.44438035786151886,0.272621788084507,0.17175856232643127,90.50019836425781,0.4736346960067749,3750.0,7000.0,3750.0
5.824278016280439e-05,5.824278016280439e-05,0.013304805755615235,0.5906956106424331,0.4099135771393776,0.1807820349931717,91.70613098144531,0.472360897064209,3800.0,7023.0,3800.0
5.820456311545347e-05,5.820456311545347e-05,0.011939167976379395,0.5816845029592514,0.4076621040701866,0.17402240484952927,73.17127990722656,0.47279274463653564,3850.0,7027.0,3850.0
5.8166346068102545e-05,5.8166346068102545e-05,0.012529969215393066,0.5480253785848618,0.37043391913175583,0.1775914639234543,88.51869201660156,0.4749654769897461,3900.0,7021.0,3900.0
5.812812902075166e-05,5.812812902075166e-05,0.0142547607421875,0.503167113661766,0.3249375894665718,0.17822952270507814,86.83720397949219,0.47699661254882814,3950.0,7025.0,3950.0
5.808991197340072e-05,5.808991197340072e-05,0.013233447074890136,0.4993567854166031,0.314352048933506,0.18500474244356155,92.89019012451172,0.47963552474975585,4000.0,7067.0,4000.0
5.805169492604981e-05,5.805169492604981e-05,0.014385294914245606,0.4904293239116669,0.30845414102077484,0.1819751814007759,90.52098083496094,0.4792613983154297,4050.0,7016.0,4050.0
5.80134778786989e-05,5.80134778786989e-05,0.01197507381439209,0.47434957325458527,0.2910248711705208,0.18332470655441285,87.15816497802734,0.4780407190322876,4100.0,7036.0,4100.0
5.7975260831347975e-05,5.7975260831347975e-05,0.012642502784729004,0.557600948214531,0.3733498528599739,0.18425109162926673,82.38395690917969,0.47231621742248536,4150.0,7003.0,4150.0
5.793704378399701e-05,5.793704378399701e-05,0.014018821716308593,0.47543356418609617,0.3017554521560669,0.17367811352014542,95.46095275878906,0.47993595600128175,4200.0,7015.0,4200.0
5.7898826736646055e-05,5.7898826736646055e-05,0.0119873046875,0.5181657642126083,0.326865990459919,0.19129977226257325,91.6700439453125,0.47842679023742674,4250.0,7042.0,4250.0
5.7860609689295176e-05,5.7860609689295176e-05,0.011949682235717773,0.6038048207759857,0.4192139282822609,0.1845908969640732,93.2223129272461,0.47440366744995116,4300.0,7044.0,4300.0
5.782239264194425e-05,5.782239264194425e-05,0.01192014217376709,0.45125473141670225,0.28009476214647294,0.1711599700152874,87.7807846069336,0.47005250453948977,4350.0,7004.0,4350.0
5.7784175594593344e-05,5.7784175594593344e-05,0.011831855773925782,0.5021927833557129,0.3066609114408493,0.1955318734049797,86.33429718017578,0.47895972728729247,4400.0,7031.0,4400.0
5.774595854724243e-05,5.774595854724243e-05,0.011628174781799316,0.4459695160388947,0.27510725408792497,0.17086226046085357,93.78646850585938,0.47679131031036376,4450.0,7055.0,4450.0
5.7707741499891526e-05,5.7707741499891526e-05,0.014255785942077636,0.5228737980127335,0.3475329324603081,0.17534086406230925,87.65308380126953,0.48623454570770264,4500.0,6996.0,4500.0
5.766952445254057e-05,5.766952445254057e-05,0.011953234672546387,0.561629182100296,0.3760009527206421,0.18562822490930558,91.62964630126953,0.4758017063140869,4550.0,7007.0,4550.0
5.763130740518965e-05,5.763130740518965e-05,0.012052464485168456,0.4661604404449463,0.2854522317647934,0.18070821166038514,90.54905700683594,0.48057639598846436,4600.0,7015.0,4600.0
5.759309035783875e-05,5.759309035783875e-05,0.013874316215515136,0.4819624602794647,0.298037126660347,0.1839253380894661,91.33274841308594,0.4822821140289307,4650.0,7036.0,4650.0
5.755487331048783e-05,5.755487331048783e-05,0.012406301498413087,0.48434420824050906,0.30581095069646835,0.17853325828909875,96.2453384399414,0.47760829925537107,4700.0,7014.0,4700.0
5.751665626313693e-05,5.751665626313693e-05,0.011992740631103515,0.4752755582332611,0.2989001512527466,0.17637540698051452,93.94741821289062,0.4715956926345825,4750.0,6973.0,4750.0
5.747843921578602e-05,5.747843921578602e-05,0.012124013900756837,0.44765840768814086,0.27535390853881836,0.1723045065999031,87.88249969482422,0.47288689613342283,4800.0,7025.0,4800.0
5.74402221684351e-05,5.74402221684351e-05,0.012094569206237794,0.5415145307779312,0.3672760784626007,0.1742384597659111,87.80204010009766,0.46984310150146485,4850.0,7015.0,4850.0
5.7402005121084184e-05,5.7402005121084184e-05,0.011949110031127929,0.47436355948448183,0.3062887072563171,0.1680748462677002,88.81739807128906,0.4784067153930664,4900.0,7007.0,4900.0
5.736378807373327e-05,5.736378807373327e-05,0.011933302879333496,0.48975343704223634,0.3165361598134041,0.17321728318929672,93.9810562133789,0.4704613447189331,4950.0,7034.0,4950.0
5.732557102638233e-05,5.732557102638233e-05,0.01410374641418457,0.4498080998659134,0.26700990498065946,0.18279819935560226,91.75989532470703,0.4896032094955444,5000.0,7004.0,5000.0
5.7287353979031385e-05,5.7287353979031385e-05,0.011887097358703613,0.5328828305006027,0.361686010658741,0.1711968146264553,94.37644958496094,0.4732228994369507,5050.0,7013.0,5050.0
5.724913693168042e-05,5.724913693168042e-05,0.012101173400878906,0.5159383654594422,0.3426186487078667,0.17331971526145934,93.06072235107422,0.4747420072555542,5100.0,7064.0,5100.0
5.721091988432948e-05,5.721091988432948e-05,0.013307809829711914,0.4151019901037216,0.24017079919576645,0.17493118941783906,97.10888671875,0.4776517152786255,5150.0,7055.0,5150.0
5.717270283697856e-05,5.717270283697856e-05,0.015612626075744629,0.43538962602615355,0.2629853650927544,0.17240426540374756,92.3646011352539,0.49012188911437987,5200.0,7023.0,5200.0
5.713448578962762e-05,5.713448578962762e-05,0.014319109916687011,0.4732195407152176,0.30341065376996995,0.16980888098478317,87.339599609375,0.48754062652587893,5250.0,7025.0,5250.0
5.709626874227665e-05,5.709626874227665e-05,0.013089942932128906,0.479227277636528,0.30892574340105056,0.17030153498053552,88.1120834350586,0.4824238300323486,5300.0,7054.0,5300.0
5.705805169492574e-05,5.705805169492574e-05,0.012043523788452148,0.5542932629585267,0.38102868348360064,0.17326457500457765,89.51712036132812,0.47350521087646485,5350.0,6984.0,5350.0
5.7019834647574786e-05,5.7019834647574786e-05,0.012152099609375,0.4219989001750946,0.24487589597702025,0.177122999727726,90.5702896118164,0.47290279865264895,5400.0,7011.0,5400.0
5.698161760022386e-05,5.698161760022386e-05,0.016782116889953614,0.4661820977926254,0.2867287412285805,0.17945335507392884,88.8076400756836,0.4815488576889038,5450.0,7035.0,5450.0
5.694340055287294e-05,5.694340055287294e-05,0.014254045486450196,0.4661136597394943,0.292929071187973,0.17318457663059234,89.14067077636719,0.4787550687789917,5500.0,7059.0,5500.0
5.6905183505521994e-05,5.6905183505521994e-05,0.013390445709228515,0.43558448255062104,0.27076439559459686,0.1648200899362564,88.84051513671875,0.47472224235534666,5550.0,6993.0,5550.0
5.686696645817102e-05,5.686696645817102e-05,0.012557077407836913,0.45648828744888303,0.28025611490011215,0.1762321725487709,94.78318786621094,0.48111920356750487,5600.0,7064.0,5600.0
5.682874941082008e-05,5.682874941082008e-05,0.014352560043334961,0.4732868820428848,0.30209026485681534,0.171196611225605,85.15172576904297,0.48844027519226074,5650.0,7024.0,5650.0
5.679053236346915e-05,5.679053236346915e-05,0.013266873359680176,0.5224358767271042,0.33714574575424194,0.18529013246297837,91.59850311279297,0.4805444240570068,5700.0,7026.0,5700.0
5.675231531611823e-05,5.675231531611823e-05,0.013898634910583496,0.4924257457256317,0.31185373216867446,0.1805720031261444,81.20796966552734,0.47926194667816163,5750.0,6998.0,5750.0
5.6714098268767296e-05,5.6714098268767296e-05,0.012593293190002441,0.4827477067708969,0.3101175233721733,0.1726301819086075,92.45320129394531,0.47335822582244874,5800.0,7031.0,5800.0
5.6675881221416396e-05,5.6675881221416396e-05,0.012026143074035645,0.4979566097259521,0.31898119002580644,0.1789754167199135,83.50672912597656,0.47029030323028564,5850.0,7013.0,5850.0
5.663766417406545e-05,5.663766417406545e-05,0.012893295288085938,0.4491161584854126,0.2675617352128029,0.18155442476272582,85.88988494873047,0.47865753173828124,5900.0,6984.0,5900.0
5.6599447126714524e-05,5.6599447126714524e-05,0.013054800033569337,0.4344870686531067,0.2564956247806549,0.17799144685268403,87.5240249633789,0.4767869234085083,5950.0,7019.0,5950.0
5.656123007936357e-05,5.656123007936357e-05,0.013033246994018555,0.45046316385269164,0.2744917690753937,0.17597140073776246,85.20125579833984,0.4798500776290894,6000.0,7018.0,6000.0
5.652301303201264e-05,5.652301303201264e-05,0.012973928451538086,0.43734553158283235,0.2573959156870842,0.179949614405632,84.2822265625,0.4767592191696167,6050.0,7022.0,6050.0
5.6484795984661725e-05,5.6484795984661725e-05,0.012670755386352539,0.44474685192108154,0.27296561002731323,0.17178124487400054,92.70187377929688,0.4827165126800537,6100.0,7069.0,6100.0
5.644657893731079e-05,5.644657893731079e-05,0.01194901466369629,0.45504347085952757,0.29836880713701247,0.1566746674478054,93.35027313232422,0.47137813568115233,6150.0,7026.0,6150.0
5.640836188995988e-05,5.640836188995988e-05,0.011927556991577149,0.44565137326717374,0.27609221786260607,0.16955915093421936,92.98711395263672,0.47486228942871095,6200.0,7037.0,6200.0
5.637014484260898e-05,5.637014484260898e-05,0.015029025077819825,0.45575321912765504,0.2879929572343826,0.16776025742292405,83.55269622802734,0.4777169942855835,6250.0,7011.0,6250.0
5.6331927795258074e-05,5.6331927795258074e-05,0.015283465385437012,0.5553991377353669,0.35771445631980897,0.19768467098474501,89.18800354003906,0.48308382034301756,6300.0,7032.0,6300.0
5.629371074790716e-05,5.629371074790716e-05,0.012758278846740722,0.4975346654653549,0.32498728632926943,0.17254737466573716,94.18128967285156,0.4830025196075439,6350.0,7017.0,6350.0
5.6255493700556215e-05,5.6255493700556215e-05,0.012412786483764648,0.4715368926525116,0.28845587819814683,0.183081017434597,85.03113555908203,0.477412748336792,6400.0,7008.0,6400.0
5.621727665320532e-05,5.621727665320532e-05,0.013045811653137207,0.5295773386955261,0.35847608000040054,0.17110126093029976,92.02391052246094,0.47914786338806153,6450.0,7024.0,6450.0
5.617905960585439e-05,5.617905960585439e-05,0.013341546058654785,0.4590893596410751,0.2793423518538475,0.179747012257576,83.02912902832031,0.4802014112472534,6500.0,7042.0,6500.0
5.614084255850345e-05,5.614084255850345e-05,0.012799954414367676,0.5118722051382065,0.32756444364786147,0.18430776447057723,92.5241928100586,0.47646493911743165,6550.0,7001.0,6550.0
5.6102625511152565e-05,5.6102625511152565e-05,0.013386297225952148,0.47494358420372007,0.30833631157875063,0.16660726815462112,94.62250518798828,0.4787541389465332,6600.0,7025.0,6600.0
5.606440846380165e-05,5.606440846380165e-05,0.01633462905883789,0.4486930012702942,0.27681726813316343,0.17187573462724687,93.63945007324219,0.4866358280181885,6650.0,7036.0,6650.0
5.602619141645071e-05,5.602619141645071e-05,0.011887097358703613,0.4073124319314957,0.25069022476673125,0.15662220492959023,93.13678741455078,0.46931641101837157,6700.0,7034.0,6700.0
5.598797436909975e-05,5.598797436909975e-05,0.012964820861816407,0.422759547829628,0.2574255675077438,0.16533397808670997,91.99147033691406,0.4776679515838623,6750.0,7038.0,6750.0
5.594975732174878e-05,5.594975732174878e-05,0.011996626853942871,0.45302453339099885,0.28019692599773405,0.17282760590314866,94.40475463867188,0.471411395072937,6800.0,7021.0,6800.0
5.5911540274397886e-05,5.5911540274397886e-05,0.0145521879196167,0.46417651027441026,0.2987839341163635,0.16539257913827896,88.04893493652344,0.48990330696105955,6850.0,7027.0,6850.0
5.5873323227046974e-05,5.5873323227046974e-05,0.016796445846557616,0.4054108053445816,0.24449511766433715,0.16091568768024445,92.78962707519531,0.48823158740997313,6900.0,7019.0,6900.0
5.583510617969603e-05,5.583510617969603e-05,0.013700604438781738,0.46811011135578157,0.3072175458073616,0.16089256927371026,95.28717803955078,0.4746782064437866,6950.0,7039.0,6950.0
5.5796889132345094e-05,5.5796889132345094e-05,0.012025928497314453,0.4609913617372513,0.3032991051673889,0.15769225731492043,91.31187438964844,0.4736605405807495,7000.0,7025.0,7000.0
5.575867208499413e-05,5.575867208499413e-05,0.012200593948364258,0.4326914817094803,0.2682719364762306,0.1644195444881916,95.67737579345703,0.4782362937927246,7050.0,7003.0,7050.0
5.5720455037643194e-05,5.5720455037643194e-05,0.012761211395263672,0.5258737087249756,0.3459742322564125,0.1798994779586792,89.47185516357422,0.4841801643371582,7100.0,7061.0,7100.0
5.568223799029232e-05,5.568223799029232e-05,0.014042544364929199,0.5132665991783142,0.33864725530147555,0.1746193453669548,86.5640869140625,0.47887444496154785,7150.0,7027.0,7150.0
5.564402094294141e-05,5.564402094294141e-05,0.01451096534729004,0.3742150843143463,0.2274009481072426,0.14681413397192955,91.18844604492188,0.47413997650146483,7200.0,7019.0,7200.0
5.560580389559052e-05,5.560580389559052e-05,0.013461661338806153,0.46775539219379425,0.2994736537337303,0.16828173995018006,87.70768737792969,0.4728339195251465,7250.0,7029.0,7250.0
5.5567586848239584e-05,5.5567586848239584e-05,0.013674497604370117,0.4068235605955124,0.24182204753160477,0.1650015115737915,95.19384765625,0.4928529977798462,7300.0,7013.0,7300.0
5.5529369800888685e-05,5.5529369800888685e-05,0.012725734710693359,0.4180851519107819,0.25011758506298065,0.16796757131814957,93.02449035644531,0.471329927444458,7350.0,7051.0,7350.0
5.54911527535378e-05,5.54911527535378e-05,0.01378629207611084,0.44981575310230254,0.28005734384059905,0.16975841224193572,89.69013977050781,0.4772073984146118,7400.0,7046.0,7400.0
5.54529357061869e-05,5.54529357061869e-05,0.015590357780456542,0.4301703989505768,0.26499457806348803,0.16517582014203072,83.94373321533203,0.4794726848602295,7450.0,7033.0,7450.0
5.5414718658835954e-05,5.5414718658835954e-05,0.01343834400177002,0.4402337670326233,0.2767909303307533,0.16344283670186996,93.08837127685547,0.47532670497894286,7500.0,7034.0,7500.0
5.537650161148502e-05,5.537650161148502e-05,0.014975857734680176,0.43647730350494385,0.2543508619070053,0.18212644532322883,93.26551818847656,0.480637526512146,7550.0,7057.0,7550.0
5.533828456413411e-05,5.533828456413411e-05,0.01392815113067627,0.3982619673013687,0.24299441277980804,0.1552675560116768,94.69415283203125,0.47523581981658936,7600.0,7054.0,7600.0
5.530006751678312e-05,5.530006751678312e-05,0.013346314430236816,0.46388451755046844,0.2941223457455635,0.16976218074560165,93.58108520507812,0.47926945686340333,7650.0,7000.0,7650.0
5.5261850469432216e-05,5.5261850469432216e-05,0.015869688987731934,0.4314925789833069,0.27066211998462675,0.16083046346902846,91.35310363769531,0.48864986896514895,7700.0,7023.0,7700.0
5.522363342208129e-05,5.522363342208129e-05,0.013129401206970214,0.4420109152793884,0.27267459183931353,0.16933632642030716,93.51432800292969,0.4802234411239624,7750.0,7037.0,7750.0
5.518541637473033e-05,5.518541637473033e-05,0.013768672943115234,0.4484314978122711,0.27523199617862704,0.17319949641823768,95.75927734375,0.4792597770690918,7800.0,7018.0,7800.0
5.514719932737938e-05,5.514719932737938e-05,0.012132048606872559,0.45800910890102386,0.29421732425689695,0.16379178166389466,92.70612335205078,0.47561676502227784,7850.0,7056.0,7850.0
5.5108982280028457e-05,5.5108982280028457e-05,0.013420820236206055,0.42988902926445005,0.26363105326890945,0.1662579782307148,92.30707550048828,0.48058533668518066,7900.0,7030.0,7900.0
5.507076523267753e-05,5.507076523267753e-05,0.01204984188079834,0.45965113043785094,0.28714941442012787,0.17250171005725862,90.35118103027344,0.47645034790039065,7950.0,7018.0,7950.0
5.5032548185326604e-05,5.5032548185326604e-05,0.012008023262023926,0.4687771171331406,0.2957750931382179,0.1730020299553871,91.61473846435547,0.4778994798660278,8000.0,7002.0,8000.0
5.4994331137975685e-05,5.4994331137975685e-05,0.015035891532897949,0.43507825434207914,0.27372199296951294,0.16135626062750816,94.98087310791016,0.48454699516296384,8050.0,7019.0,8050.0
5.495611409062471e-05,5.495611409062471e-05,0.014314603805541993,0.3902283161878586,0.22501124814152718,0.165217062830925,83.74004364013672,0.4833689212799072,8100.0,7022.0,8100.0
5.491789704327379e-05,5.491789704327379e-05,0.013226675987243652,0.48484245836734774,0.3121385514736176,0.1727039024233818,89.14889526367188,0.4802420139312744,8150.0,7015.0,8150.0
5.487967999592285e-05,5.487967999592285e-05,0.013585209846496582,0.4297695279121399,0.27225436866283415,0.15751515403389932,95.5313720703125,0.4833912134170532,8200.0,7026.0,8200.0
5.484146294857197e-05,5.484146294857197e-05,0.012503385543823242,0.39451577663421633,0.2415541499853134,0.1529616266489029,85.65779113769531,0.47567431926727294,8250.0,7049.0,8250.0
5.4803245901221074e-05,5.4803245901221074e-05,0.01243593692779541,0.4241977959871292,0.26029878556728364,0.163899015635252,92.74581146240234,0.47805521488189695,8300.0,7027.0,8300.0
5.4765028853870134e-05,5.4765028853870134e-05,0.01407935619354248,0.4310802221298218,0.2703151568770409,0.16076506674289703,92.94526672363281,0.4791067600250244,8350.0,6997.0,8350.0
5.47268118065192e-05,5.47268118065192e-05,0.012231898307800294,0.42855596244335176,0.25366031676530837,0.17489564716815947,92.58926391601562,0.4826772212982178,8400.0,7030.0,8400.0
5.468859475916827e-05,5.468859475916827e-05,0.01208639144897461,0.3997977763414383,0.24617792069911956,0.15361985564231873,87.91340637207031,0.47172319889068604,8450.0,6995.0,8450.0
5.4650377711817336e-05,5.4650377711817336e-05,0.01214427947998047,0.5198813363909721,0.34673248752951624,0.17314884886145593,92.79451751708984,0.4765216588973999,8500.0,7026.0,8500.0
5.461216066446637e-05,5.461216066446637e-05,0.012052345275878906,0.5057903289794922,0.32293411046266557,0.1828562170267105,90.52486419677734,0.47459802627563474,8550.0,7044.0,8550.0
5.457394361711546e-05,5.457394361711546e-05,0.013486146926879883,0.39001187980175017,0.22627059519290924,0.1637412816286087,91.47465515136719,0.4749550104141235,8600.0,7024.0,8600.0
5.453572656976456e-05,5.453572656976456e-05,0.015091919898986816,0.4329998314380646,0.251590047031641,0.18140978813171388,95.21755981445312,0.48384549617767336,8650.0,7036.0,8650.0
5.4497509522413665e-05,5.4497509522413665e-05,0.012090492248535156,0.44792611300945284,0.28267649859189986,0.16524962037801744,91.1201400756836,0.47552616596221925,8700.0,7023.0,8700.0
5.445929247506273e-05,5.445929247506273e-05,0.012061238288879395,0.4417659163475037,0.2689700976014137,0.1727958157658577,89.78881072998047,0.4798166275024414,8750.0,7020.0,8750.0
5.442107542771178e-05,5.442107542771178e-05,0.013395142555236817,0.4195019781589508,0.2643702752888203,0.1551317073404789,90.67736053466797,0.47564923763275146,8800.0,7027.0,8800.0
5.4382858380360866e-05,5.4382858380360866e-05,0.015618181228637696,0.44838178902864456,0.2753766685724258,0.1730051174759865,90.12044525146484,0.4760903835296631,8850.0,7006.0,8850.0
5.434464133300993e-05,5.434464133300993e-05,0.012473297119140626,0.3461540251970291,0.19260453283786774,0.15354948863387108,94.85724639892578,0.47284390926361086,8900.0,7017.0,8900.0
5.430642428565905e-05,5.430642428565905e-05,0.012475252151489258,0.5358378171920777,0.3671274229884148,0.16871039420366288,93.72483825683594,0.47802371978759767,8950.0,7016.0,8950.0
5.426820723830812e-05,5.426820723830812e-05,0.013457870483398438,0.42442083954811094,0.24954848289489745,0.17487235814332963,93.9205093383789,0.4796816349029541,9000.0,7053.0,9000.0
5.4229990190957195e-05,5.4229990190957195e-05,0.01234886646270752,0.46509633362293246,0.28527254313230516,0.17982379347085953,90.9384536743164,0.47823209762573243,9050.0,7027.0,9050.0
5.419177314360627e-05,5.419177314360627e-05,0.012273645401000977,0.41774275004863737,0.25140749514102934,0.16633525788784026,91.41592407226562,0.4784175634384155,9100.0,7035.0,9100.0
5.415355609625536e-05,5.415355609625536e-05,0.013616991043090821,0.4331923067569733,0.27024935036897657,0.16294295489788055,93.59786224365234,0.48219106197357176,9150.0,7023.0,9150.0
5.411533904890441e-05,5.411533904890441e-05,0.012189507484436035,0.3733168363571167,0.21751200631260872,0.15580482929944992,88.04032897949219,0.46945130825042725,9200.0,7028.0,9200.0
5.4077122001553477e-05,5.4077122001553477e-05,0.014786791801452637,0.4180934339761734,0.25692176073789597,0.16117168068885804,87.20243835449219,0.4789308786392212,9250.0,7022.0,9250.0
5.403890495420256e-05,5.403890495420256e-05,0.01237955093383789,0.43523835241794584,0.27073046565055847,0.1645078867673874,91.27460479736328,0.47522945404052735,9300.0,7030.0,9300.0
5.4000687906851624e-05,5.4000687906851624e-05,0.013744020462036132,0.4908083349466324,0.3345578253269196,0.1562505081295967,91.11013793945312,0.4780332088470459,9350.0,7044.0,9350.0
5.396247085950067e-05,5.396247085950067e-05,0.013339805603027343,0.4195058226585388,0.25722045451402664,0.16228536814451217,91.6543960571289,0.48066985607147217,9400.0,7047.0,9400.0
5.392425381214973e-05,5.392425381214973e-05,0.015169787406921386,0.4151925027370453,0.2547624588012695,0.1604300394654274,89.8441162109375,0.48289315700531005,9450.0,7025.0,9450.0
5.388603676479882e-05,5.388603676479882e-05,0.013548564910888673,0.45705380141735075,0.27735683470964434,0.1796969696879387,90.9384536743164,0.4891841888427734,9500.0,7010.0,9500.0
5.3847819717447886e-05,5.3847819717447886e-05,0.012939047813415528,0.4360489547252655,0.2665573760867119,0.16949157416820526,88.5302505493164,0.4788937568664551,9550.0,7024.0,9550.0
5.380960267009697e-05,5.380960267009697e-05,0.016678547859191893,0.5378842622041702,0.3738761365413666,0.16400812715291976,90.441650390625,0.4775408744812012,9600.0,7048.0,9600.0
5.377138562274605e-05,5.377138562274605e-05,0.01494748592376709,0.4106327652931213,0.24748795926570893,0.16314481049776078,90.77586364746094,0.48772077560424804,9650.0,7021.0,9650.0
5.3733168575395114e-05,5.3733168575395114e-05,0.013437366485595703,0.3742098808288574,0.20554990395903588,0.16865997910499572,93.54713439941406,0.4761223793029785,9700.0,7026.0,9700.0
5.3694951528044235e-05,5.3694951528044235e-05,0.01476271152496338,0.431071999669075,0.2528212107717991,0.1782507911324501,91.64665985107422,0.47865297794342043,9750.0,7060.0,9750.0
5.3656734480693316e-05,5.3656734480693316e-05,0.013877606391906739,0.4183292955160141,0.2641818344593048,0.15414745956659318,91.15133666992188,0.48234071731567385,9800.0,7025.0,9800.0
5.361851743334238e-05,5.361851743334238e-05,0.014205837249755859,0.4108693927526474,0.24828500300645828,0.16258438900113106,90.78816223144531,0.47997608184814455,9850.0,7020.0,9850.0
5.358030038599144e-05,5.358030038599144e-05,0.014495134353637695,0.45434618592262266,0.2890710785984993,0.16527510508894921,94.44351959228516,0.4791708946228027,9900.0,7008.0,9900.0
5.354208333864049e-05,5.354208333864049e-05,0.012723088264465332,0.3850213587284088,0.23002176731824875,0.15499959364533425,93.83062744140625,0.4726584434509277,9950.0,7051.0,9950.0
5.350386629128956e-05,5.350386629128956e-05,0.013033366203308106,0.4339076101779938,0.26721480935812,0.16669280603528022,93.45409393310547,0.47732155323028563,10000.0,6990.0,10000.0
5.34656492439386e-05,5.34656492439386e-05,0.015011906623840332,0.3950843095779419,0.2281879276037216,0.16689638346433638,92.09971618652344,0.4865343809127808,10050.0,7013.0,10050.0
5.3427432196587664e-05,5.3427432196587664e-05,0.015427350997924805,0.4376245021820068,0.27418909668922425,0.16343540102243423,89.65933990478516,0.4827181100845337,10100.0,7018.0,10100.0
5.338921514923675e-05,5.338921514923675e-05,0.014412736892700196,0.38130298256874084,0.21895674988627434,0.16234623342752458,94.48116302490234,0.4926514387130737,10150.0,7062.0,10150.0
5.335099810188586e-05,5.335099810188586e-05,0.01569950580596924,0.417687851190567,0.25573345720767976,0.1619543969631195,92.15487670898438,0.4831075191497803,10200.0,7028.0,10200.0
5.33127810545349e-05,5.33127810545349e-05,0.012847542762756348,0.4329619318246841,0.2771622359752655,0.1557997040450573,89.90035247802734,0.47788708209991454,10250.0,7029.0,10250.0
5.3274564007183966e-05,5.3274564007183966e-05,0.014887714385986328,0.4087692856788635,0.2452269658446312,0.16354232281446457,89.97196960449219,0.49598476886749265,10300.0,7014.0,10300.0
5.3236346959833026e-05,5.3236346959833026e-05,0.012340021133422852,0.3883136689662933,0.2271377108991146,0.1611759603023529,92.72252655029297,0.47895121574401855,10350.0,7021.0,10350.0
5.319812991248212e-05,5.319812991248212e-05,0.013479280471801757,0.40526659190654757,0.24556030184030533,0.1597062826156616,92.89237976074219,0.49030370712280275,10400.0,7030.0,10400.0
5.315991286513123e-05,5.315991286513123e-05,0.012528777122497559,0.4128430008888245,0.25695611089468,0.15588689148426055,90.52067565917969,0.47162201404571535,10450.0,7035.0,10450.0
5.31216958177803e-05,5.31216958177803e-05,0.012261033058166504,0.3849498450756073,0.23028000220656394,0.1546698495745659,92.47927856445312,0.4740407943725586,10500.0,7005.0,10500.0
5.3083478770429375e-05,5.3083478770429375e-05,0.01246957778930664,0.3884779781103134,0.22649309039115906,0.1619848847389221,95.53271484375,0.47168788909912107,10550.0,7046.0,10550.0
5.304526172307847e-05,5.304526172307847e-05,0.012865614891052247,0.46588929891586306,0.2904559686779976,0.17543332725763322,90.82601165771484,0.4831605195999146,10600.0,7047.0,10600.0
5.3007044675727516e-05,5.3007044675727516e-05,0.01653125286102295,0.39637080430984495,0.22508566677570344,0.17128513157367706,93.336181640625,0.48344638347625735,10650.0,7015.0,10650.0
5.296882762837658e-05,5.296882762837658e-05,0.01664104461669922,0.44135953187942506,0.26800926178693774,0.1733502686023712,93.76358795166016,0.4844961166381836,10700.0,7002.0,10700.0
5.2930610581025643e-05,5.2930610581025643e-05,0.015853261947631835,0.4266493946313858,0.268024380505085,0.15862501859664918,92.19495391845703,0.48216710090637205,10750.0,7025.0,10750.0
5.289239353367469e-05,5.289239353367469e-05,0.01216452121734619,0.3877114176750183,0.22936276942491532,0.1583486467599869,93.46026611328125,0.4735095977783203,10800.0,7033.0,10800.0
5.285417648632377e-05,5.285417648632377e-05,0.012910771369934081,0.3938991278409958,0.23926697671413422,0.15463214963674546,94.99993896484375,0.4752228260040283,10850.0,6997.0,10850.0
5.281595943897285e-05,5.281595943897285e-05,0.014857983589172364,0.35837676376104355,0.21160076409578324,0.14677600041031838,91.43061065673828,0.47669358253479005,10900.0,7033.0,10900.0
5.277774239162191e-05,5.277774239162191e-05,0.014872384071350098,0.42525955438613894,0.26345867216587066,0.16180088818073274,90.4720458984375,0.4812859058380127,10950.0,7009.0,10950.0
5.273952534427094e-05,5.273952534427094e-05,0.012149286270141602,0.43848987519741056,0.27823810577392577,0.16025176793336868,93.66299438476562,0.4777467966079712,11000.0,6993.0,11000.0
5.270130829692001e-05,5.270130829692001e-05,0.014249062538146973,0.38776618242263794,0.23283477276563644,0.15493141040205954,96.08427429199219,0.4768741369247437,11050.0,7002.0,11050.0
5.266309124956908e-05,5.266309124956908e-05,0.014125800132751465,0.3876624584197998,0.2362220123410225,0.15144044458866118,90.4460678100586,0.48073103427886965,11100.0,7025.0,11100.0
5.2624874202218146e-05,5.2624874202218146e-05,0.012688398361206055,0.39995155930519105,0.22588932141661644,0.1740622341632843,91.06941986083984,0.47757296562194823,11150.0,7016.0,11150.0
5.258665715486722e-05,5.258665715486722e-05,0.013289809226989746,0.4234521746635437,0.2586566790938377,0.16479549705982208,91.7912368774414,0.47919180393218996,11200.0,7028.0,11200.0
5.2548440107516293e-05,5.2548440107516293e-05,0.013411545753479004,0.4487431585788727,0.2809800297021866,0.16776312589645387,94.41283416748047,0.4763644218444824,11250.0,7001.0,11250.0
5.251022306016536e-05,5.251022306016536e-05,0.011936831474304199,0.37747920453548434,0.22342674434185028,0.15405246168375014,90.65729522705078,0.47100670337677003,11300.0,7036.0,11300.0
5.2472006012814455e-05,5.2472006012814455e-05,0.013571333885192872,0.34822704195976256,0.19028008803725244,0.15794695764780045,96.66496276855469,0.4774054765701294,11350.0,7019.0,11350.0
5.2433788965463556e-05,5.2433788965463556e-05,0.01289210319519043,0.4068825483322144,0.24455495700240135,0.1623275935649872,92.67277526855469,0.47728078365325927,11400.0,7019.0,11400.0
5.239557191811268e-05,5.239557191811268e-05,0.014872336387634277,0.3474008202552795,0.20247710198163987,0.14492372050881386,93.47496795654297,0.4852746486663818,11450.0,7030.0,11450.0
5.235735487076178e-05,5.235735487076178e-05,0.01622471809387207,0.4131199330091476,0.23896712064743042,0.17415281534194946,91.31233978271484,0.4820340633392334,11500.0,7016.0,11500.0
5.231913782341083e-05,5.231913782341083e-05,0.01199777126312256,0.38694563806056975,0.22409367561340332,0.1628519617021084,92.61347198486328,0.47698001861572265,11550.0,7021.0,11550.0
5.228092077605989e-05,5.228092077605989e-05,0.013367533683776855,0.44282159209251404,0.2774480774998665,0.16537351459264754,92.30439758300781,0.47798657417297363,11600.0,7066.0,11600.0
5.224270372870898e-05,5.224270372870898e-05,0.012186908721923828,0.41782273054122926,0.2608274832367897,0.15699525326490402,94.1486587524414,0.4745635986328125,11650.0,7023.0,11650.0
5.220448668135807e-05,5.220448668135807e-05,0.01296217441558838,0.4338437348604202,0.26585648506879805,0.16798724681138993,94.29078674316406,0.476182222366333,11700.0,7053.0,11700.0
5.216626963400712e-05,5.216626963400712e-05,0.014272046089172364,0.3844525068998337,0.22268533185124398,0.16176717281341552,96.0252914428711,0.4867091178894043,11750.0,7031.0,11750.0
5.21280525866562e-05,5.21280525866562e-05,0.012209606170654298,0.4002148300409317,0.24625957310199736,0.15395525246858596,92.32770538330078,0.4723378658294678,11800.0,7042.0,11800.0
5.208983553930526e-05,5.208983553930526e-05,0.011963748931884765,0.4653615206480026,0.295677125453949,0.16968439146876335,92.50688171386719,0.47418622970581054,11850.0,6998.0,11850.0
5.205161849195435e-05,5.205161849195435e-05,0.014458179473876953,0.41744822561740874,0.2656902216374874,0.15175799727439881,93.31622314453125,0.47486395835876466,11900.0,7005.0,11900.0
5.2013401444603415e-05,5.2013401444603415e-05,0.013128376007080078,0.3860696256160736,0.2332048386335373,0.15286478772759438,93.901611328125,0.4766345977783203,11950.0,7040.0,11950.0
5.1975184397252516e-05,5.1975184397252516e-05,0.012793326377868652,0.3881702572107315,0.22447412014007567,0.1636961355805397,93.80537414550781,0.4784977674484253,12000.0,7034.0,12000.0
5.19369673499016e-05,5.19369673499016e-05,0.013389039039611816,0.37941341996192934,0.2294553980231285,0.1499580331146717,92.6643295288086,0.47498502731323244,12050.0,7022.0,12050.0
5.1898750302550636e-05,5.1898750302550636e-05,0.015059423446655274,0.41579956710338595,0.2585206314921379,0.15727893710136415,91.47047424316406,0.4839043617248535,12100.0,7015.0,12100.0
5.18605332551997e-05,5.18605332551997e-05,0.0159393310546875,0.3600132346153259,0.20790376961231233,0.15210946053266525,95.4490737915039,0.48548402786254885,12150.0,6998.0,12150.0
5.18223162078488e-05,5.18223162078488e-05,0.012128376960754394,0.44882366955280306,0.28791718930006027,0.16090648174285888,95.1296157836914,0.48181192874908446,12200.0,7063.0,12200.0
5.178409916049784e-05,5.178409916049784e-05,0.013761210441589355,0.3820953041315079,0.2317742168903351,0.15032108277082443,94.22552490234375,0.47931995391845705,12250.0,7000.0,12250.0
5.1745882113146884e-05,5.1745882113146884e-05,0.01474757194519043,0.47204696834087373,0.3160411655902863,0.1560058057308197,93.17231750488281,0.47587242126464846,12300.0,7021.0,12300.0
5.170766506579595e-05,5.170766506579595e-05,0.012200307846069337,0.5575913161039352,0.39613873362541197,0.1614525854587555,91.27970123291016,0.4734826564788818,12350.0,7032.0,12350.0
5.166944801844503e-05,5.166944801844503e-05,0.012297630310058594,0.510607735812664,0.33973765224218366,0.17087008580565452,84.26013946533203,0.477908992767334,12400.0,7029.0,12400.0
5.16312309710941e-05,5.16312309710941e-05,0.012295413017272949,0.395290470123291,0.23884307146072387,0.15644740164279938,92.74639892578125,0.47475666999816896,12450.0,7015.0,12450.0
5.1593013923743166e-05,5.1593013923743166e-05,0.01249091625213623,0.42591933012008665,0.26347384601831436,0.16244548559188843,94.21678161621094,0.4732334852218628,12500.0,7029.0,12500.0
5.1554796876392185e-05,5.1554796876392185e-05,0.012299323081970214,0.42208569347858427,0.25585664957761767,0.16622904390096666,88.6687240600586,0.47806923389434813,12550.0,7035.0,12550.0
5.151657982904128e-05,5.151657982904128e-05,0.015204453468322754,0.39702470898628234,0.24316532015800477,0.1538593903183937,90.10189819335938,0.48250536918640136,12600.0,7000.0,12600.0
5.147836278169031e-05,5.147836278169031e-05,0.011933708190917968,0.4303441017866135,0.26217691600322723,0.168167182803154,90.9068832397461,0.4737792253494263,12650.0,7008.0,12650.0
5.14401457343394e-05,5.14401457343394e-05,0.013944649696350097,0.44083112478256226,0.28266612738370894,0.15816499888896943,90.75993347167969,0.49058568477630615,12700.0,6995.0,12700.0
5.140192868698849e-05,5.140192868698849e-05,0.013145899772644043,0.39763380140066146,0.23903057724237442,0.15860322266817092,94.99775695800781,0.4762870311737061,12750.0,7001.0,12750.0
5.136371163963758e-05,5.136371163963758e-05,0.013806009292602539,0.4051355391740799,0.23848859816789628,0.16664693951606752,86.12051391601562,0.4885772466659546,12800.0,7032.0,12800.0
5.132549459228666e-05,5.132549459228666e-05,0.012230825424194337,0.46893841624259947,0.30097791850566863,0.16796049624681472,94.6933822631836,0.4781112432479858,12850.0,6992.0,12850.0
5.128727754493572e-05,5.128727754493572e-05,0.012107372283935547,0.4037913590669632,0.2516402259469032,0.15215113759040833,92.54216766357422,0.4741753339767456,12900.0,7001.0,12900.0
5.124906049758479e-05,5.124906049758479e-05,0.012700533866882325,0.43887178003787997,0.27906334400177,0.15980843380093573,90.62836456298828,0.48122103214263917,12950.0,7013.0,12950.0
5.121084345023386e-05,5.121084345023386e-05,0.014002466201782226,0.4123484164476395,0.2506553500890732,0.16169306188821791,92.71315002441406,0.49250946044921873,13000.0,7025.0,13000.0
5.117262640288296e-05,5.117262640288296e-05,0.014104342460632325,0.43810880184173584,0.2782118648290634,0.15989694073796273,83.32398223876953,0.4757110357284546,13050.0,7035.0,13050.0
5.113440935553205e-05,5.113440935553205e-05,0.012274742126464844,0.4147172212600708,0.24854459017515182,0.16617262959480286,90.37789154052734,0.4793050289154053,13100.0,7009.0,13100.0
5.109619230818114e-05,5.109619230818114e-05,0.01285092830657959,0.3781278908252716,0.226248799264431,0.15187909454107285,90.91219329833984,0.4711280584335327,13150.0,7100.0,13150.0
5.1057975260830186e-05,5.1057975260830186e-05,0.014229249954223634,0.34006334841251373,0.18981379568576812,0.15024955868721007,92.03843688964844,0.48194408416748047,13200.0,7009.0,13200.0
5.101975821347926e-05,5.101975821347926e-05,0.01376173496246338,0.46886228322982787,0.3086306095123291,0.16023168265819548,87.14344787597656,0.48646271228790283,13250.0,7016.0,13250.0
5.09815411661283e-05,5.09815411661283e-05,0.015732884407043457,0.36190505921840666,0.201241397857666,0.16066366210579872,94.10417938232422,0.4804891347885132,13300.0,7011.0,13300.0
5.0943324118777414e-05,5.0943324118777414e-05,0.014162230491638183,0.3754586488008499,0.21843375861644745,0.15702488273382187,94.78543090820312,0.48157672882080077,13350.0,7052.0,13350.0
5.0905107071426433e-05,5.0905107071426433e-05,0.01407923698425293,0.37434180080890656,0.21992410719394684,0.15441769808530809,94.49267578125,0.47858386039733886,13400.0,7021.0,13400.0
5.086689002407551e-05,5.086689002407551e-05,0.013180422782897949,0.41728328764438627,0.26119503527879717,0.1560882546007633,87.43501281738281,0.47734847068786623,13450.0,7027.0,13450.0
5.08286729767246e-05,5.08286729767246e-05,0.011904311180114747,0.4001078426837921,0.2581622987985611,0.14194554537534715,89.77428436279297,0.46867713928222654,13500.0,7014.0,13500.0
5.079045592937368e-05,5.079045592937368e-05,0.011869859695434571,0.3619685173034668,0.19959291815757751,0.1623756006360054,93.79930877685547,0.4674607515335083,13550.0,6988.0,13550.0
5.0752238882022735e-05,5.0752238882022735e-05,0.013727092742919922,0.39083611965179443,0.234534852206707,0.15630126893520355,87.78107452392578,0.47838151454925537,13600.0,7094.0,13600.0
5.07140218346718e-05,5.07140218346718e-05,0.013619565963745117,0.3127314507961273,0.16057998016476632,0.15215147137641907,93.72176361083984,0.47749013900756837,13650.0,7021.0,13650.0
5.0675804787320856e-05,5.0675804787320856e-05,0.013131308555603027,0.4445514351129532,0.28107141703367233,0.16348001584410668,87.37330627441406,0.47905433177948,13700.0,7091.0,13700.0
5.063758773996992e-05,5.063758773996992e-05,0.012347126007080078,0.36072227656841277,0.2012339048087597,0.15948836952447892,92.01583099365234,0.47031023502349856,13750.0,7048.0,13750.0
5.059937069261898e-05,5.059937069261898e-05,0.012474608421325684,0.3610976696014404,0.2094330370426178,0.1516646310687065,93.26644897460938,0.47466278076171875,13800.0,7018.0,13800.0
5.056115364526805e-05,5.056115364526805e-05,0.016287469863891603,0.39505837857723236,0.2329554185271263,0.16210296154022216,89.43856811523438,0.48888406753540037,13850.0,7035.0,13850.0
5.052293659791716e-05,5.052293659791716e-05,0.0168515682220459,0.3427229344844818,0.19868878722190858,0.14403414949774743,93.16229248046875,0.4775171995162964,13900.0,7040.0,13900.0
5.0484719550566245e-05,5.0484719550566245e-05,0.012380123138427734,0.4399233996868134,0.2814438760280609,0.1584795221686363,92.3366470336914,0.4752148866653442,13950.0,7000.0,13950.0
5.044650250321531e-05,5.044650250321531e-05,0.013787245750427246,0.39705192744731904,0.2319900818169117,0.16506184935569762,89.80028533935547,0.4806241750717163,14000.0,7011.0,14000.0
5.04082854558644e-05,5.04082854558644e-05,0.01377403736114502,0.35942405462265015,0.20572854578495026,0.15369551852345467,95.02973937988281,0.476770806312561,14050.0,7036.0,14050.0
5.03700684085135e-05,5.03700684085135e-05,0.013154840469360352,0.4162819653749466,0.2625370420515537,0.1537449136376381,93.15199279785156,0.4767118453979492,14100.0,7030.0,14100.0
5.033185136116257e-05,5.033185136116257e-05,0.013883495330810547,0.43576901257038114,0.2730640426278114,0.1627049632370472,88.91063690185547,0.4792966842651367,14150.0,7023.0,14150.0
5.0293634313811614e-05,5.0293634313811614e-05,0.013894462585449218,0.38979044258594514,0.2351056605577469,0.15468477830290794,90.3558349609375,0.4732175350189209,14200.0,7033.0,14200.0
5.0255417266460695e-05,5.0255417266460695e-05,0.012471890449523926,0.34299718737602236,0.2062002897262573,0.13679689466953276,92.9555892944336,0.47028069496154784,14250.0,7009.0,14250.0
5.021720021910972e-05,5.021720021910972e-05,0.013755130767822265,0.37870748043060304,0.22788942754268646,0.15081804990768433,92.74402618408203,0.47987501621246337,14300.0,7025.0,14300.0
5.01789831717588e-05,5.01789831717588e-05,0.012053489685058594,0.40805505216121674,0.24931879192590714,0.15873625949025155,94.38058471679688,0.4744206428527832,14350.0,7024.0,14350.0
5.0140766124407855e-05,5.0140766124407855e-05,0.013310122489929199,0.41229447424411775,0.26234799176454543,0.14994647726416588,91.9914321899414,0.4836354494094849,14400.0,7012.0,14400.0
5.010254907705696e-05,5.010254907705696e-05,0.01371605396270752,0.3744062453508377,0.21832673251628876,0.1560795120894909,92.4664077758789,0.4803351163864136,14450.0,7017.0,14450.0
5.006433202970599e-05,5.006433202970599e-05,0.014337396621704102,0.4241967499256134,0.2759572431445122,0.14823950305581093,92.58186340332031,0.4941470861434937,14500.0,7030.0,14500.0
5.002611498235504e-05,5.002611498235504e-05,0.014191293716430664,0.36018347442150117,0.2184680975973606,0.14171537682414054,90.51461029052734,0.4875893831253052,14550.0,7031.0,14550.0
4.998789793500414e-05,4.998789793500414e-05,0.01227133274078369,0.4060081660747528,0.24448022544384002,0.16152794137597085,90.0739974975586,0.4773489713668823,14600.0,7021.0,14600.0
4.9949680887653164e-05,4.9949680887653164e-05,0.012811779975891113,0.4336583256721497,0.2739621490240097,0.15969617515802384,92.4191665649414,0.48238320350646974,14650.0,7000.0,14650.0
4.991146384030222e-05,4.991146384030222e-05,0.012763237953186036,0.3636605113744736,0.21041872948408127,0.15324177742004394,93.98827362060547,0.4795114517211914,14700.0,7008.0,14700.0
4.987324679295127e-05,4.987324679295127e-05,0.012275624275207519,0.41464486718177795,0.23919549137353896,0.175449375808239,92.48670196533203,0.4783334493637085,14750.0,7029.0,14750.0
4.983502974560035e-05,4.983502974560035e-05,0.013436722755432128,0.44618539810180663,0.2874313935637474,0.15875400602817535,87.83850860595703,0.4826327323913574,14800.0,6998.0,14800.0
4.979681269824942e-05,4.979681269824942e-05,0.013589310646057128,0.43403504192829134,0.27969979792833327,0.15433524921536446,83.42930603027344,0.4820243835449219,14850.0,7050.0,14850.0
4.97585956508985e-05,4.97585956508985e-05,0.013670539855957032,0.37081666588783263,0.21358280032873153,0.15723386481404306,86.52356719970703,0.4892660856246948,14900.0,7012.0,14900.0
4.972037860354761e-05,4.972037860354761e-05,0.012822389602661133,0.41092319786548615,0.2579290486872196,0.15299414843320847,94.04096221923828,0.47492780685424807,14950.0,7070.0,14950.0
4.968216155619669e-05,4.968216155619669e-05,0.012648296356201173,0.3924382537603378,0.24161069989204406,0.15082755982875823,94.50431823730469,0.4720648765563965,15000.0,7056.0,15000.0
4.9643944508845754e-05,4.9643944508845754e-05,0.014767861366271973,0.39369059503078463,0.23860368877649307,0.15508690625429153,90.2850341796875,0.4820700168609619,15050.0,7002.0,15050.0
4.9605727461494835e-05,4.9605727461494835e-05,0.013990497589111328,0.5041159391403198,0.3355566129088402,0.16855932101607324,79.28054809570312,0.4800895929336548,15100.0,7035.0,15100.0
4.95675104141439e-05,4.95675104141439e-05,0.014775514602661133,0.4547062486410141,0.29646553844213486,0.15824070796370507,95.27458190917969,0.4871557950973511,15150.0,7048.0,15150.0
4.952929336679296e-05,4.952929336679296e-05,0.012656402587890626,0.31180320382118226,0.17028040811419487,0.14152279794216155,94.1675796508789,0.4730813026428223,15200.0,7049.0,15200.0
4.949107631944205e-05,4.949107631944205e-05,0.014139318466186523,0.35656546950340273,0.21454589515924455,0.14201957806944848,94.93327331542969,0.47885861396789553,15250.0,7039.0,15250.0
4.945285927209113e-05,4.945285927209113e-05,0.013562774658203125,0.3604808896780014,0.21368081122636795,0.14680007994174957,93.79386901855469,0.4719724416732788,15300.0,7015.0,15300.0
4.941464222474021e-05,4.941464222474021e-05,0.014061808586120605,0.37640675008296964,0.22692643105983734,0.14948031455278396,92.92394256591797,0.4836878299713135,15350.0,7052.0,15350.0
4.937642517738928e-05,4.937642517738928e-05,0.013512468338012696,0.3772025048732758,0.2252177506685257,0.15198475793004035,94.53075408935547,0.47579495906829833,15400.0,7015.0,15400.0
4.933820813003832e-05,4.933820813003832e-05,0.012592196464538574,0.3736967608332634,0.22678400576114655,0.14691275209188462,93.62152099609375,0.47427303791046144,15450.0,6988.0,15450.0
4.9299991082687384e-05,4.9299991082687384e-05,0.01437239646911621,0.3593329399824142,0.19881540536880493,0.16051753163337706,95.9068374633789,0.49191899299621583,15500.0,7026.0,15500.0
4.926177403533644e-05,4.926177403533644e-05,0.013833284378051758,0.4503227323293686,0.29046133160591125,0.15986139923334122,91.70634460449219,0.4794590473175049,15550.0,7013.0,15550.0
4.922355698798547e-05,4.922355698798547e-05,0.013326168060302734,0.4530903995037079,0.29788015484809877,0.15521025210618972,94.88599395751953,0.4778477430343628,15600.0,6987.0,15600.0
4.918533994063452e-05,4.918533994063452e-05,0.012946200370788575,0.4075235784053802,0.2544708982110023,0.1530526727437973,93.07134246826172,0.47420539855957033,15650.0,7011.0,15650.0
4.914712289328355e-05,4.914712289328355e-05,0.013446235656738281,0.3891475051641464,0.24555942341685294,0.14358807876706123,89.6479263305664,0.478930401802063,15700.0,7021.0,15700.0
4.910890584593266e-05,4.910890584593266e-05,0.013335561752319336,0.49324302077293397,0.3380393922328949,0.1552036337554455,92.83489990234375,0.4758617877960205,15750.0,7029.0,15750.0
4.9070688798581726e-05,4.9070688798581726e-05,0.013544178009033203,0.4362729400396347,0.29060214310884475,0.14567078575491904,93.38916778564453,0.47980632781982424,15800.0,7011.0,15800.0
4.9032471751230786e-05,4.9032471751230786e-05,0.012923359870910645,0.3619246631860733,0.22642946392297744,0.13549519404768945,95.78809356689453,0.4787456750869751,15850.0,7041.0,15850.0
4.899425470387984e-05,4.899425470387984e-05,0.013081908226013184,0.41875929534435274,0.2583357721567154,0.16042352393269538,91.9537124633789,0.48294663429260254,15900.0,7025.0,15900.0
4.895603765652892e-05,4.895603765652892e-05,0.014158916473388673,0.4276745945215225,0.264716112613678,0.16295848041772842,96.42594909667969,0.47801363468170166,15950.0,7047.0,15950.0
4.8917820609178e-05,4.8917820609178e-05,0.012547445297241212,0.40774047672748565,0.2522729247808456,0.15546755269169807,86.40814971923828,0.4794424772262573,16000.0,7041.0,16000.0
4.887960356182707e-05,4.887960356182707e-05,0.013716483116149902,0.34246456027030947,0.1990465611219406,0.14341800212860106,94.72269439697266,0.47833054065704345,16050.0,7036.0,16050.0
4.8841386514476135e-05,4.8841386514476135e-05,0.013150358200073242,0.44172932803630827,0.2768383264541626,0.1648910015821457,93.0958480834961,0.4782886981964111,16100.0,7024.0,16100.0
4.8803169467125195e-05,4.8803169467125195e-05,0.012559008598327637,0.39681927263736727,0.24715051800012589,0.14966874867677687,91.32510375976562,0.4732276439666748,16150.0,7011.0,16150.0
4.8764952419774235e-05,4.8764952419774235e-05,0.013812971115112305,0.4078938990831375,0.257638244330883,0.15025565400719643,93.4133529663086,0.4771686315536499,16200.0,7044.0,16200.0
4.87267353724233e-05,4.87267353724233e-05,0.01395573616027832,0.40745863914489744,0.24391347616910936,0.16354516446590422,95.5095443725586,0.4834284782409668,16250.0,7030.0,16250.0
4.868851832507239e-05,4.868851832507239e-05,0.014058661460876466,0.39756833016872406,0.23716582208871842,0.16040250808000564,92.73413848876953,0.4841681718826294,16300.0,7024.0,16300.0
4.865030127772147e-05,4.865030127772147e-05,0.016736412048339845,0.3735523998737335,0.21307183355093,0.1604805663228035,94.24751281738281,0.4896338224411011,16350.0,7051.0,16350.0
4.86120842303705e-05,4.86120842303705e-05,0.016002798080444337,0.4048271536827087,0.2598173603415489,0.1450097978115082,93.48930358886719,0.4788908720016479,16400.0,7037.0,16400.0
4.8573867183019536e-05,4.8573867183019536e-05,0.013342046737670898,0.3825512111186981,0.21939273476600646,0.16315847784280776,95.658935546875,0.48477978706359864,16450.0,7056.0,16450.0
4.853565013566858e-05,4.853565013566858e-05,0.016838622093200684,0.3236325323581696,0.17874195873737336,0.14489057138562203,93.77360534667969,0.4840766668319702,16500.0,7011.0,16500.0
4.8497433088317663e-05,4.8497433088317663e-05,0.014811563491821288,0.3164232850074768,0.16983485892415046,0.14658842086791993,96.71382904052734,0.4848366975784302,16550.0,7057.0,16550.0
4.8459216040966744e-05,4.8459216040966744e-05,0.013683271408081055,0.364764703810215,0.2163102939724922,0.14845441654324532,90.28662109375,0.4741432905197144,16600.0,7023.0,16600.0
4.8420998993615804e-05,4.8420998993615804e-05,0.013033580780029298,0.4079150676727295,0.25974464416503906,0.14817042648792267,82.15985107421875,0.48126850128173826,16650.0,7021.0,16650.0
4.838278194626487e-05,4.838278194626487e-05,0.015160775184631348,0.35839141607284547,0.2049043208360672,0.15348709970712662,95.29521179199219,0.48495233058929443,16700.0,7030.0,16700.0
4.834456489891393e-05,4.834456489891393e-05,0.013886213302612305,0.36852294504642485,0.2099860727787018,0.15853687077760698,94.06616973876953,0.4792784214019775,16750.0,7035.0,16750.0
4.8306347851563005e-05,4.8306347851563005e-05,0.01441960334777832,0.3807880222797394,0.22946428507566452,0.15132374316453934,92.80721282958984,0.4891995906829834,16800.0,7039.0,16800.0
4.8268130804212066e-05,4.8268130804212066e-05,0.013039851188659668,0.3330064281821251,0.19239472672343255,0.14061169922351838,95.75624084472656,0.47655086517333983,16850.0,7043.0,16850.0
4.822991375686114e-05,4.822991375686114e-05,0.013073968887329101,0.39366416335105897,0.24180798381567,0.15185617953538894,95.39016723632812,0.47500009536743165,16900.0,7032.0,16900.0
4.819169670951022e-05,4.819169670951022e-05,0.016758823394775392,0.40565687119960786,0.25559418722987176,0.15006268694996833,92.97318267822266,0.4804102420806885,16950.0,7030.0,16950.0
4.815347966215929e-05,4.815347966215929e-05,0.013177180290222168,0.34995233416557314,0.20951703563332558,0.1404352992773056,95.11056518554688,0.47588975429534913,17000.0,7005.0,17000.0
4.8115262614808354e-05,4.8115262614808354e-05,0.01424868106842041,0.3560432493686676,0.2053871899843216,0.15065606236457824,94.489501953125,0.48228700160980226,17050.0,6993.0,17050.0
4.8077045567457414e-05,4.8077045567457414e-05,0.012472319602966308,0.34461782574653627,0.20367210134863853,0.14094572886824608,96.42160034179688,0.4751859426498413,17100.0,7023.0,17100.0
4.803882852010652e-05,4.803882852010652e-05,0.015294432640075684,0.39071562737226484,0.23355599641799926,0.15715963244438172,95.89930725097656,0.4849980592727661,17150.0,7018.0,17150.0
4.800061147275556e-05,4.800061147275556e-05,0.01294381618499756,0.3653665781021118,0.2148487463593483,0.1505178317427635,94.89862823486328,0.4848658800125122,17200.0,7046.0,17200.0
4.796239442540466e-05,4.796239442540466e-05,0.013991618156433105,0.4020427793264389,0.24988924637436866,0.15215353518724442,90.66009521484375,0.4786455869674683,17250.0,7056.0,17250.0
4.792417737805373e-05,4.792417737805373e-05,0.012851572036743164,0.3430887430906296,0.20197629034519196,0.14111245423555374,94.04412078857422,0.48310463428497313,17300.0,6996.0,17300.0
4.788596033070277e-05,4.788596033070277e-05,0.013392925262451172,0.35433061718940734,0.1938842937350273,0.16044632345438004,93.2916030883789,0.4771601915359497,17350.0,7039.0,17350.0
4.7847743283351844e-05,4.7847743283351844e-05,0.014440369606018067,0.39525867998600006,0.2448090836405754,0.15044959187507628,94.73030090332031,0.4918637275695801,17400.0,7031.0,17400.0
4.780952623600094e-05,4.780952623600094e-05,0.013782238960266114,0.36114688217639923,0.20341013744473457,0.15773674324154854,94.0786361694336,0.4844486951828003,17450.0,7013.0,17450.0
4.777130918865001e-05,4.777130918865001e-05,0.012886404991149902,0.4385995984077454,0.2746209755539894,0.16397862881422043,87.8304443359375,0.47735164165496824,17500.0,7036.0,17500.0
4.7733092141299106e-05,4.7733092141299106e-05,0.013717365264892579,0.3535044014453888,0.20488791465759276,0.14861648306250572,89.47020721435547,0.47763512134552,17550.0,7009.0,17550.0
4.769487509394815e-05,4.769487509394815e-05,0.013001704216003418,0.405510687828064,0.24981894642114638,0.15569174140691758,95.4461441040039,0.48121304512023927,17600.0,7022.0,17600.0
4.765665804659723e-05,4.765665804659723e-05,0.012358379364013673,0.4081574857234955,0.2510223925113678,0.15713508874177934,86.60147857666016,0.47742063999176027,17650.0,7051.0,17650.0
4.761844099924634e-05,4.761844099924634e-05,0.015558671951293946,0.41292078495025636,0.2614248037338257,0.1514959752559662,90.02104187011719,0.477008056640625,17700.0,7024.0,17700.0
4.758022395189538e-05,4.758022395189538e-05,0.01495034694671631,0.3248304635286331,0.18495377525687218,0.13987668603658676,94.47846221923828,0.4852239370346069,17750.0,7044.0,17750.0
4.754200690454443e-05,4.754200690454443e-05,0.015004801750183105,0.4025446504354477,0.24553577303886415,0.15700888484716416,89.16078186035156,0.48819034099578856,17800.0,7030.0,17800.0
4.750378985719354e-05,4.750378985719354e-05,0.0137739896774292,0.343137189745903,0.1842118315398693,0.15892535895109178,95.84720611572266,0.47888808250427245,17850.0,7070.0,17850.0
4.7465572809842616e-05,4.7465572809842616e-05,0.012316465377807617,0.3553856000304222,0.21935022845864297,0.13603537157177925,95.51802825927734,0.4708815574645996,17900.0,7002.0,17900.0
4.742735576249164e-05,4.742735576249164e-05,0.012430739402770997,0.3440930962562561,0.20126492530107498,0.142828169465065,92.51042175292969,0.47222127914428713,17950.0,7009.0,17950.0
4.7389138715140756e-05,4.7389138715140756e-05,0.012964773178100585,0.3432262629270554,0.19763636440038682,0.1455898977816105,93.82080078125,0.4753230810165405,18000.0,7012.0,18000.0
4.7350921667789796e-05,4.7350921667789796e-05,0.012723112106323242,0.40415254384279253,0.24596154391765596,0.15819100067019462,92.4561538696289,0.47371373176574705,18050.0,7018.0,18050.0
4.731270462043884e-05,4.731270462043884e-05,0.013711142539978027,0.4051613211631775,0.255830816924572,0.1493305042386055,94.4878158569336,0.47752325534820556,18100.0,7013.0,18100.0
4.727448757308793e-05,4.727448757308793e-05,0.013759827613830567,0.3694926679134369,0.2088351458311081,0.1606575220823288,90.70471954345703,0.48235349655151366,18150.0,7059.0,18150.0
4.723627052573702e-05,4.723627052573702e-05,0.012558770179748536,0.3892543435096741,0.2398704394698143,0.14938390776515006,93.16246032714844,0.4762723922729492,18200.0,7011.0,18200.0
4.7198053478386126e-05,4.7198053478386126e-05,0.012807440757751466,0.35651637613773346,0.2149177685379982,0.14159860387444495,94.65912628173828,0.4789005517959595,18250.0,7083.0,18250.0
4.715983643103518e-05,4.715983643103518e-05,0.013512039184570312,0.3650734946131706,0.21337498128414153,0.15169851034879683,90.90254974365234,0.4777770757675171,18300.0,7029.0,18300.0
4.7121619383684266e-05,4.7121619383684266e-05,0.012580943107604981,0.37472382485866546,0.2186240814626217,0.15609974190592765,94.07890319824219,0.48093457221984864,18350.0,7007.0,18350.0
4.708340233633333e-05,4.708340233633333e-05,0.012705516815185548,0.3952289789915085,0.2412882074713707,0.15394077375531195,95.590576171875,0.47553181648254395,18400.0,7026.0,18400.0
4.7045185288982367e-05,4.7045185288982367e-05,0.01278669834136963,0.3601915925741196,0.20074131190776826,0.15945028215646745,93.83538818359375,0.4810933113098145,18450.0,7054.0,18450.0
4.7006968241631454e-05,4.7006968241631454e-05,0.012539529800415039,0.3434014230966568,0.19356949627399445,0.149831922352314,96.01605224609375,0.4766139268875122,18500.0,7017.0,18500.0
4.6968751194280535e-05,4.6968751194280535e-05,0.012851238250732422,0.39011992812156676,0.24302342534065247,0.14709649980068207,94.04808807373047,0.4780208826065063,18550.0,7021.0,18550.0
4.693053414692956e-05,4.693053414692956e-05,0.012578964233398438,0.3836770534515381,0.2344883531332016,0.14918870106339455,82.05333709716797,0.47931866645812987,18600.0,7030.0,18600.0
4.6892317099578594e-05,4.6892317099578594e-05,0.015566325187683106,0.3812045007944107,0.22474166750907898,0.15646283328533173,93.7533950805664,0.4820946216583252,18650.0,7039.0,18650.0
4.6854100052227654e-05,4.6854100052227654e-05,0.01266777515411377,0.35193749964237214,0.21654026508331298,0.13539723232388495,95.99614715576172,0.47474801540374756,18700.0,7025.0,18700.0
4.681588300487671e-05,4.681588300487671e-05,0.012959551811218262,0.36793719232082367,0.22207767516374588,0.14585951417684556,94.90184020996094,0.48323540687561034,18750.0,7020.0,18750.0
4.6777665957525734e-05,4.6777665957525734e-05,0.013614034652709961,0.3710851728916168,0.22480230182409286,0.14628287479281427,93.88468170166016,0.48180108070373534,18800.0,7007.0,18800.0
4.673944891017481e-05,4.673944891017481e-05,0.012659692764282226,0.36360772848129275,0.21588192358613015,0.14772580787539483,94.78833770751953,0.4787339687347412,18850.0,6995.0,18850.0
4.670123186282386e-05,4.670123186282386e-05,0.012496161460876464,0.32548433244228364,0.18707456290721894,0.13840977400541304,93.49569702148438,0.47859206199646,18900.0,7071.0,18900.0
4.666301481547293e-05,4.666301481547293e-05,0.012659740447998048,0.4003483682870865,0.2485066369175911,0.1518417313694954,91.44462585449219,0.47865493297576905,18950.0,6996.0,18950.0
4.6624797768122036e-05,4.6624797768122036e-05,0.012673568725585938,0.3313493698835373,0.1879236400127411,0.14342572540044785,89.49800109863281,0.47345571517944335,19000.0,7030.0,19000.0
4.658658072077111e-05,4.658658072077111e-05,0.012584900856018067,0.3318266659975052,0.1904064804315567,0.14142019003629686,95.05457305908203,0.47646024227142336,19050.0,7017.0,19050.0
4.654836367342022e-05,4.654836367342022e-05,0.013130950927734374,0.3869765907526016,0.2318532258272171,0.1551233671605587,95.37561798095703,0.484751033782959,19100.0,7021.0,19100.0
4.651014662606926e-05,4.651014662606926e-05,0.012540483474731445,0.38712001144886016,0.23829206824302673,0.1488279417157173,92.23338317871094,0.4752484321594238,19150.0,7037.0,19150.0
4.647192957871829e-05,4.647192957871829e-05,0.01479027271270752,0.400494247674942,0.2386407434940338,0.16185350641608237,95.47987365722656,0.4782843589782715,19200.0,6996.0,19200.0
4.643371253136738e-05,4.643371253136738e-05,0.012637758255004882,0.3683230668306351,0.21313082575798034,0.15519223362207413,95.82890319824219,0.478251051902771,19250.0,7022.0,19250.0
4.6395495484016445e-05,4.6395495484016445e-05,0.012919092178344726,0.37871731221675875,0.2318658597767353,0.14685145542025566,94.95205688476562,0.4780538558959961,19300.0,7021.0,19300.0
4.635727843666551e-05,4.635727843666551e-05,0.01491386890411377,0.4801862508058548,0.3140238031744957,0.16616245061159135,90.13394165039062,0.478766131401062,19350.0,7039.0,19350.0
4.631906138931455e-05,4.631906138931455e-05,0.012550091743469239,0.3625488758087158,0.2139846310019493,0.1485642522573471,90.82672119140625,0.47398152351379397,19400.0,7029.0,19400.0
4.6280844341963606e-05,4.6280844341963606e-05,0.014797091484069824,0.4036915123462677,0.24705983996391295,0.15663167387247084,95.146484375,0.48411595821380615,19450.0,7042.0,19450.0
4.6242627294612666e-05,4.6242627294612666e-05,0.014157342910766601,0.37306917160749437,0.2209489569067955,0.15212021693587302,91.2381591796875,0.4775550365447998,19500.0,7009.0,19500.0
4.6204410247261665e-05,4.6204410247261665e-05,0.013354015350341798,0.3744676798582077,0.22843697816133499,0.14603070095181464,91.4923095703125,0.48196375370025635,19550.0,7027.0,19550.0
4.616619319991072e-05,4.616619319991072e-05,0.01664259433746338,0.4094757914543152,0.24489065557718276,0.16458514034748079,85.81390380859375,0.4900397062301636,19600.0,7047.0,19600.0
4.61279761525598e-05,4.61279761525598e-05,0.015448188781738282,0.4480169087648392,0.29317973032593725,0.1548371881246567,83.88260650634766,0.4836885929107666,19650.0,7054.0,19650.0
4.608975910520884e-05,4.608975910520884e-05,0.013204050064086915,0.392174232006073,0.23991172909736633,0.15226249992847443,93.53865814208984,0.4820178270339966,19700.0,7018.0,19700.0
4.605154205785791e-05,4.605154205785791e-05,0.012678098678588868,0.3223714053630829,0.17047641426324844,0.15189498737454415,94.60969543457031,0.4811814308166504,19750.0,7037.0,19750.0
4.601332501050698e-05,4.601332501050698e-05,0.012622380256652832,0.3436648100614548,0.196282696723938,0.14738210886716843,94.02754974365234,0.47616608142852784,19800.0,7023.0,19800.0
4.597510796315606e-05,4.597510796315606e-05,0.012727499008178711,0.3796917051076889,0.22424197643995286,0.15544973015785218,93.3402099609375,0.4776564121246338,19850.0,7025.0,19850.0
4.593689091580515e-05,4.593689091580515e-05,0.012745070457458495,0.3826288044452667,0.23242227733135223,0.15020653381943702,94.11929321289062,0.480657958984375,19900.0,7010.0,19900.0
4.589867386845425e-05,4.589867386845425e-05,0.013634824752807617,0.3293121993541718,0.18390911519527436,0.14540308490395545,89.56672668457031,0.47760791778564454,19950.0,7040.0,19950.0
4.5860456821103316e-05,4.5860456821103316e-05,0.01339130401611328,0.3335754185914993,0.18847425431013107,0.1451011672616005,92.50971984863281,0.4743350505828857,20000.0,7029.0,20000.0
4.582223977375238e-05,4.582223977375238e-05,0.012993073463439942,0.37541563808918,0.20605594366788865,0.16935968846082688,94.67578887939453,0.48081398010253906,20050.0,7054.0,20050.0
4.578402272640141e-05,4.578402272640141e-05,0.012706565856933593,0.31328918039798737,0.17850920408964158,0.1347799725830555,92.23090362548828,0.47456114292144774,20100.0,7009.0,20100.0
4.5745805679050503e-05,4.5745805679050503e-05,0.01279139518737793,0.3375153511762619,0.17687664553523064,0.1606387034058571,94.6160659790039,0.4754002332687378,20150.0,7001.0,20150.0
4.570758863169954e-05,4.570758863169954e-05,0.01474602222442627,0.3788953498005867,0.23059621304273606,0.14829914197325705,92.55815124511719,0.4803426742553711,20200.0,6986.0,20200.0
4.566937158434863e-05,4.566937158434863e-05,0.012472176551818847,0.3450310885906219,0.19558020681142807,0.1494508795440197,92.56510162353516,0.47459566593170166,20250.0,7033.0,20250.0
4.5631154536997705e-05,4.5631154536997705e-05,0.012423038482666016,0.39113945364952085,0.23697146773338318,0.15416798889636993,91.6891098022461,0.47256290912628174,20300.0,7001.0,20300.0
4.559293748964677e-05,4.559293748964677e-05,0.01332080364227295,0.3047060757875443,0.16852594837546347,0.13618012517690659,96.33241271972656,0.4770806074142456,20350.0,7054.0,20350.0
4.5554720442295845e-05,4.5554720442295845e-05,0.012395620346069336,0.3312080889940262,0.18716073781251907,0.14404735043644906,94.98446655273438,0.47468135356903074,20400.0,7003.0,20400.0
4.551650339494492e-05,4.551650339494492e-05,0.012478089332580567,0.3117755055427551,0.16860807687044144,0.14316742941737176,95.36367797851562,0.47756617069244384,20450.0,7055.0,20450.0
4.5478286347593966e-05,4.5478286347593966e-05,0.016665959358215333,0.462698820233345,0.2996006801724434,0.16309814304113388,92.29788970947266,0.47862203121185304,20500.0,7063.0,20500.0
4.5440069300243074e-05,4.5440069300243074e-05,0.014701652526855468,0.3492970257997513,0.1911278858780861,0.1581691399216652,95.23295593261719,0.4844170570373535,20550.0,7054.0,20550.0
4.5401852252892134e-05,4.5401852252892134e-05,0.01423337459564209,0.341192689538002,0.18448847085237502,0.15670421943068505,88.69157409667969,0.48508458137512206,20600.0,7080.0,20600.0
4.5363635205541194e-05,4.5363635205541194e-05,0.012453770637512207,0.3915219739079475,0.24324094280600547,0.1482810325920582,94.1068115234375,0.4708444833755493,20650.0,7021.0,20650.0
4.5325418158190295e-05,4.5325418158190295e-05,0.01263570785522461,0.3211415305733681,0.18676444217562677,0.1343770906329155,96.12825775146484,0.4763341903686523,20700.0,7031.0,20700.0
4.528720111083939e-05,4.528720111083939e-05,0.01467897891998291,0.3390587329864502,0.19605842605233192,0.14300030693411828,93.38631439208984,0.47628345489501955,20750.0,7015.0,20750.0
4.524898406348848e-05,4.524898406348848e-05,0.012645864486694336,0.3541822999715805,0.20601574927568436,0.1481665514409542,90.80166625976562,0.47483298778533933,20800.0,7015.0,20800.0
4.521076701613754e-05,4.521076701613754e-05,0.012438225746154784,0.3307006984949112,0.18993928283452988,0.14076141864061356,93.43370819091797,0.47066261768341067,20850.0,7012.0,20850.0
4.5172549968786536e-05,4.5172549968786536e-05,0.01459801197052002,0.43565213978290557,0.2738239035010338,0.16182823926210405,92.09774017333984,0.4834397792816162,20900.0,7057.0,20900.0
4.513433292143558e-05,4.513433292143558e-05,0.012828683853149414,0.3635832995176315,0.21264787018299103,0.15093542709946633,94.67607116699219,0.4831104755401611,20950.0,7066.0,20950.0
4.509611587408466e-05,4.509611587408466e-05,0.014127588272094727,0.3157465636730194,0.18360112830996514,0.13214543238282203,92.57402038574219,0.475790810585022,21000.0,7045.0,21000.0
4.5057898826733697e-05,4.5057898826733697e-05,0.012564659118652344,0.36329751908779145,0.22017225623130798,0.1431252636015415,95.8174819946289,0.47883732318878175,21050.0,7023.0,21050.0
4.501968177938277e-05,4.501968177938277e-05,0.013968276977539062,0.334980334341526,0.19364015087485315,0.14134018272161483,93.12185668945312,0.4758527994155884,21100.0,6993.0,21100.0
4.498146473203185e-05,4.498146473203185e-05,0.014370489120483398,0.40170280635356903,0.25007518380880356,0.15162762627005577,92.28273010253906,0.4795464754104614,21150.0,7017.0,21150.0
4.4943247684680925e-05,4.4943247684680925e-05,0.013377690315246582,0.31982663571834563,0.17579810172319413,0.14402853101491928,92.42330169677734,0.47946317195892335,21200.0,7021.0,21200.0
4.490503063732996e-05,4.490503063732996e-05,0.013546347618103027,0.3653298407793045,0.2283335104584694,0.13699633106589318,94.85238647460938,0.4728248119354248,21250.0,7035.0,21250.0
4.486681358997904e-05,4.486681358997904e-05,0.014943099021911621,0.33198338747024536,0.17659713327884674,0.15538625568151473,93.82797241210938,0.4862285852432251,21300.0,7055.0,21300.0
4.482859654262811e-05,4.482859654262811e-05,0.014183402061462402,0.3695736050605774,0.22160017862915993,0.1479734241962433,92.98143768310547,0.47543070316314695,21350.0,7019.0,21350.0
4.47903794952772e-05,4.47903794952772e-05,0.014519834518432617,0.3860248506069183,0.24115166813135147,0.1448731817305088,92.22358703613281,0.47759127616882324,21400.0,7025.0,21400.0
4.4752162447926246e-05,4.4752162447926246e-05,0.013625335693359376,0.3382687196135521,0.19770514816045762,0.14056356996297836,95.60749053955078,0.4802598476409912,21450.0,7059.0,21450.0
4.4713945400575307e-05,4.4713945400575307e-05,0.012505555152893066,0.347463047504425,0.19355710074305535,0.1539059489965439,94.09366607666016,0.4713934898376465,21500.0,7020.0,21500.0
4.467572835322437e-05,4.467572835322437e-05,0.012687468528747558,0.3629599720239639,0.21118150204420089,0.1517784759402275,95.41960906982422,0.477592396736145,21550.0,7001.0,21550.0
4.463751130587339e-05,4.463751130587339e-05,0.012717437744140626,0.3659103333950043,0.2172481708228588,0.14866216853260994,93.94249725341797,0.4789902210235596,21600.0,7003.0,21600.0
4.4599294258522453e-05,4.4599294258522453e-05,0.012693524360656738,0.3694601714611053,0.21842689961194992,0.1510332703590393,93.77413940429688,0.47976605892181395,21650.0,7017.0,21650.0
4.4561077211171514e-05,4.4561077211171514e-05,0.014612865447998048,0.3661624640226364,0.21594472378492355,0.15021773651242257,89.54476928710938,0.49630351066589357,21700.0,7001.0,21700.0
4.452286016382056e-05,4.452286016382056e-05,0.014856290817260743,0.3403586357831955,0.1953410640358925,0.14501757472753524,95.02259826660156,0.5022158622741699,21750.0,7027.0,21750.0
4.448464311646962e-05,4.448464311646962e-05,0.012612867355346679,0.3381617397069931,0.18263181149959565,0.15552992448210717,96.12174224853516,0.47445082664489746,21800.0,7057.0,21800.0
4.444642606911875e-05,4.444642606911875e-05,0.012760138511657715,0.38452193737030027,0.22919378727674483,0.1553281433880329,92.97782135009766,0.4763622283935547,21850.0,7026.0,21850.0
4.440820902176781e-05,4.440820902176781e-05,0.01272439956665039,0.34297317266464233,0.19065518155694008,0.15231798738241195,94.52721405029297,0.4788386344909668,21900.0,7004.0,21900.0
4.436999197441691e-05,4.436999197441691e-05,0.012497138977050782,0.29164422750473024,0.1523856319487095,0.13925859406590463,95.08915710449219,0.4717306852340698,21950.0,7029.0,21950.0
4.4331774927065984e-05,4.4331774927065984e-05,0.012745165824890136,0.34105021953582765,0.1914040267467499,0.14964619129896164,94.93230438232422,0.47496814727783204,22000.0,7018.0,22000.0
4.429355787971501e-05,4.429355787971501e-05,0.012782144546508788,0.37007037103176116,0.21396994441747666,0.15610043033957482,94.5098648071289,0.47772629261016847,22050.0,7021.0,22050.0
4.4255340832364084e-05,4.4255340832364084e-05,0.012687301635742188,0.39594198763370514,0.24814988672733307,0.14779209941625596,92.22356414794922,0.4735684633255005,22100.0,7008.0,22100.0
4.421712378501312e-05,4.421712378501312e-05,0.012584233283996582,0.3382630169391632,0.2030080109834671,0.13525500968098642,86.5919189453125,0.47381269931793213,22150.0,7044.0,22150.0
4.4178906737662164e-05,4.4178906737662164e-05,0.013470149040222168,0.3503259867429733,0.20199758410453797,0.1483284056186676,91.2864990234375,0.47958621978759763,22200.0,7026.0,22200.0
4.414068969031122e-05,4.414068969031122e-05,0.012317013740539551,0.3969836860895157,0.23265002742409707,0.16433365195989608,86.44937133789062,0.474780011177063,22250.0,7043.0,22250.0
4.4102472642960284e-05,4.4102472642960284e-05,0.012670326232910156,0.33998422920703886,0.195160698518157,0.1448235347867012,91.48037719726562,0.4692078590393066,22300.0,7021.0,22300.0
4.4064255595609345e-05,4.4064255595609345e-05,0.01499924659729004,0.3757712975144386,0.23301626443862916,0.14275503680109977,81.47356414794922,0.4960562467575073,22350.0,7003.0,22350.0
4.4026038548258405e-05,4.4026038548258405e-05,0.014204311370849609,0.39407470226287844,0.25127600878477097,0.14279869496822356,95.01206970214844,0.4815056324005127,22400.0,7033.0,22400.0
4.3987821500907465e-05,4.3987821500907465e-05,0.014633417129516602,0.32245981991291045,0.17881310731172562,0.14364670887589454,88.94805908203125,0.4778942823410034,22450.0,7018.0,22450.0
4.3949604453556505e-05,4.3949604453556505e-05,0.013583850860595704,0.36247857511043546,0.2128931388258934,0.14958543255925177,90.30748748779297,0.47692930698394775,22500.0,7033.0,22500.0
4.3911387406205565e-05,4.3911387406205565e-05,0.012561893463134766,0.36534949839115144,0.21661368608474732,0.14873581752181053,93.98856353759766,0.479132080078125,22550.0,7032.0,22550.0
4.3873170358854666e-05,4.3873170358854666e-05,0.013469409942626954,0.3291428342461586,0.18115947842597963,0.14798335283994674,94.47229766845703,0.4773075819015503,22600.0,6998.0,22600.0
4.383495331150375e-05,4.383495331150375e-05,0.014156675338745118,0.3618226945400238,0.21199259161949158,0.14983009546995163,90.39073181152344,0.4832391500473022,22650.0,7013.0,22650.0
4.379673626415281e-05,4.379673626415281e-05,0.013185620307922363,0.3727936029434204,0.2254861243069172,0.14730747938156127,95.75919342041016,0.4751382350921631,22700.0,7002.0,22700.0
4.375851921680186e-05,4.375851921680186e-05,0.01395103931427002,0.3657389312982559,0.20823073759675026,0.15750819593667983,91.25782775878906,0.48150086402893066,22750.0,7007.0,22750.0
4.372030216945093e-05,4.372030216945093e-05,0.015578770637512207,0.35842040926218033,0.21331829130649566,0.14510211795568467,92.87212371826172,0.4854152202606201,22800.0,7068.0,22800.0
4.368208512209996e-05,4.368208512209996e-05,0.013610601425170898,0.3158407986164093,0.17053682059049607,0.14530398175120354,94.65875244140625,0.47789123058319094,22850.0,7032.0,22850.0
4.3643868074749055e-05,4.3643868074749055e-05,0.013556981086730957,0.33012905716896057,0.19383138418197632,0.13629767820239067,92.96546173095703,0.47428905963897705,22900.0,7040.0,22900.0
4.3605651027398115e-05,4.3605651027398115e-05,0.015483880043029785,0.3687571376562119,0.22450191229581834,0.1442552238702774,95.50357818603516,0.4903590440750122,22950.0,7018.0,22950.0
4.3567433980047175e-05,4.3567433980047175e-05,0.013750505447387696,0.4091691941022873,0.24220208153128625,0.16696710735559464,89.16150665283203,0.48047618865966796,23000.0,7023.0,23000.0
4.352921693269624e-05,4.352921693269624e-05,0.012872123718261718,0.36102659404277804,0.20668852478265762,0.15433807000517846,89.01287841796875,0.47990686893463136,23050.0,7030.0,23050.0
4.349099988534531e-05,4.349099988534531e-05,0.015961050987243652,0.37741255164146426,0.22394594103097915,0.15346660763025283,92.36793518066406,0.4896484613418579,23100.0,7054.0,23100.0
4.345278283799437e-05,4.345278283799437e-05,0.014715576171875,0.40014595091342925,0.24724721014499665,0.15289874151349067,93.17761993408203,0.48797147274017333,23150.0,7019.0,23150.0
4.341456579064344e-05,4.341456579064344e-05,0.013177013397216797,0.3659152090549469,0.21766359955072404,0.14825161173939705,92.80842590332031,0.47720863819122317,23200.0,7055.0,23200.0
4.3376348743292456e-05,4.3376348743292456e-05,0.012781763076782226,0.410019588470459,0.24200868606567383,0.16801090985536576,91.085205078125,0.4757722854614258,23250.0,7046.0,23250.0
4.3338131695941476e-05,4.3338131695941476e-05,0.01469733715057373,0.39825758934020994,0.24283041059970856,0.15542717799544334,94.26258850097656,0.4804086685180664,23300.0,7005.0,23300.0
4.329991464859054e-05,4.329991464859054e-05,0.013422441482543946,0.36235159635543823,0.2076780766248703,0.1546735256910324,95.80609893798828,0.4855261087417603,23350.0,7023.0,23350.0
4.326169760123963e-05,4.326169760123963e-05,0.014248394966125488,0.3340500518679619,0.18535972833633424,0.1486903212964535,94.61063385009766,0.47839202880859377,23400.0,7058.0,23400.0
4.322348055388872e-05,4.322348055388872e-05,0.013712573051452636,0.3986457109451294,0.24506011754274368,0.15358559042215347,89.63618469238281,0.4836249589920044,23450.0,7012.0,23450.0
4.3185263506537805e-05,4.3185263506537805e-05,0.01515657901763916,0.2989918410778046,0.16484438478946686,0.1341474585235119,94.59972381591797,0.4836476564407349,23500.0,7030.0,23500.0
4.31470464591869e-05,4.31470464591869e-05,0.013681650161743164,0.3988554388284683,0.24525367543101312,0.15360176116228103,89.11583709716797,0.4806513786315918,23550.0,7037.0,23550.0
4.310882941183597e-05,4.310882941183597e-05,0.013506484031677247,0.3308692708611488,0.19045820385217666,0.14041106551885604,96.7235107421875,0.4815957069396973,23600.0,7050.0,23600.0
4.3070612364485006e-05,4.3070612364485006e-05,0.01448993682861328,0.3507018119096756,0.20755017995834352,0.14315162897109984,90.93023681640625,0.48364527225494386,23650.0,7027.0,23650.0
4.303239531713409e-05,4.303239531713409e-05,0.01623954772949219,0.35152086317539216,0.21211955547332764,0.13940130472183226,95.62914276123047,0.48274247646331786,23700.0,7006.0,23700.0
4.299417826978315e-05,4.299417826978315e-05,0.012865281105041504,0.32431629598140715,0.18210757598280908,0.14220872148871422,94.09310150146484,0.4766263961791992,23750.0,7014.0,23750.0
4.29559612224322e-05,4.29559612224322e-05,0.012792015075683593,0.31639125049114225,0.17814062386751175,0.1382506251335144,94.23019409179688,0.4773086071014404,23800.0,7021.0,23800.0
4.2917744175081274e-05,4.2917744175081274e-05,0.012697649002075196,0.34083911776542664,0.1962883472442627,0.14455077275633813,95.48541259765625,0.47183971405029296,23850.0,7020.0,23850.0
4.287952712773033e-05,4.287952712773033e-05,0.013657855987548827,0.34532640874385834,0.1903860293328762,0.15494037717580794,94.2915267944336,0.4822969436645508,23900.0,6993.0,23900.0
4.2841310080379374e-05,4.2841310080379374e-05,0.013904190063476563,0.3458625257015228,0.19610684216022492,0.14975568950176238,94.1059799194336,0.48257272243499755,23950.0,7007.0,23950.0
4.2803093033028475e-05,4.2803093033028475e-05,0.015310287475585938,0.3044568806886673,0.17027780264616013,0.13417907506227494,92.026611328125,0.4840911626815796,24000.0,7063.0,24000.0
4.276487598567752e-05,4.276487598567752e-05,0.014485883712768554,0.37043683528900145,0.22826773151755334,0.1421691060066223,95.91978454589844,0.4798128128051758,24050.0,7011.0,24050.0
4.272665893832658e-05,4.272665893832658e-05,0.014852428436279297,0.3368305817246437,0.19564617425203323,0.14118440225720405,93.31831359863281,0.4830764293670654,24100.0,7003.0,24100.0
4.268844189097565e-05,4.268844189097565e-05,0.01631762981414795,0.3472336381673813,0.20739794448018073,0.139835699647665,92.6171875,0.4901221513748169,24150.0,7044.0,24150.0
4.265022484362472e-05,4.265022484362472e-05,0.015170478820800781,0.38301263451576234,0.23368435353040695,0.1493282847106457,94.74552154541016,0.4801306962966919,24200.0,6995.0,24200.0
4.2612007796273783e-05,4.2612007796273783e-05,0.013068962097167968,0.35638363659381866,0.20918694138526917,0.1471966989338398,91.73832702636719,0.4788038969039917,24250.0,7026.0,24250.0
4.257379074892285e-05,4.257379074892285e-05,0.013923072814941406,0.325748011469841,0.18387863487005235,0.14186937659978865,92.67766571044922,0.47706735134124756,24300.0,6998.0,24300.0
4.253557370157191e-05,4.253557370157191e-05,0.014582586288452149,0.43098332583904264,0.2791315272450447,0.15185180231928824,89.55327606201172,0.4820747137069702,24350.0,7016.0,24350.0
4.249735665422097e-05,4.249735665422097e-05,0.016039419174194335,0.38802485167980194,0.22661532908678056,0.16140952780842782,95.98406982421875,0.48375954627990725,24400.0,7006.0,24400.0
4.245913960687005e-05,4.245913960687005e-05,0.015531039237976075,0.396424825489521,0.25625897347927096,0.14016585201025009,95.33682250976562,0.4812375783920288,24450.0,7054.0,24450.0
4.242092255951913e-05,4.242092255951913e-05,0.013000178337097167,0.3626851707696915,0.22262931764125823,0.14005585685372351,89.07588195800781,0.47356557846069336,24500.0,7030.0,24500.0
4.23827055121682e-05,4.23827055121682e-05,0.01323716640472412,0.34215874671936036,0.1887168139219284,0.15344193428754807,92.1438980102539,0.47331740856170657,24550.0,7027.0,24550.0
4.234448846481723e-05,4.234448846481723e-05,0.016253232955932617,0.36201386749744413,0.21187494099140167,0.1501389279961586,94.2960433959961,0.48436009883880615,24600.0,7040.0,24600.0
4.230627141746627e-05,4.230627141746627e-05,0.013933539390563965,0.3627093225717545,0.21420304030179976,0.14850628301501273,91.48352813720703,0.48364849090576173,24650.0,7043.0,24650.0
4.2268054370115366e-05,4.2268054370115366e-05,0.014360165596008301,0.3624261558055878,0.21918048411607743,0.14324566796422006,95.0354232788086,0.48171751499176024,24700.0,7020.0,24700.0
4.2229837322764433e-05,4.2229837322764433e-05,0.012731456756591797,0.3213347464799881,0.1839119426906109,0.1374228075146675,92.93045043945312,0.4749802350997925,24750.0,7036.0,24750.0
4.219162027541349e-05,4.219162027541349e-05,0.012718915939331055,0.31060655117034913,0.18374889791011811,0.1268576554954052,94.6638412475586,0.4754320621490479,24800.0,7016.0,24800.0
4.2153403228062574e-05,4.2153403228062574e-05,0.013076281547546387,0.34019786268472674,0.20025593936443328,0.13994192481040954,94.54249572753906,0.4729261636734009,24850.0,7010.0,24850.0
4.211518618071165e-05,4.211518618071165e-05,0.013971257209777831,0.3287211537361145,0.17436017990112304,0.15436097159981726,93.43258666992188,0.4831705093383789,24900.0,7051.0,24900.0
4.207696913336072e-05,4.207696913336072e-05,0.013114356994628906,0.36388233602046965,0.2160586327314377,0.14782370254397392,92.8809814453125,0.4790442705154419,24950.0,7055.0,24950.0
4.203875208600974e-05,4.203875208600974e-05,0.015261650085449219,0.3482559949159622,0.20737089663743974,0.14088510051369668,94.7125015258789,0.478113055229187,25000.0,6987.0,25000.0
4.200053503865883e-05,4.200053503865883e-05,0.014086103439331055,0.3553281739354134,0.22661552354693412,0.1287126511335373,96.70841217041016,0.4755778074264526,25050.0,7027.0,25050.0
4.19623179913079e-05,4.19623179913079e-05,0.014542555809020996,0.3431452363729477,0.19747724905610084,0.1456679880619049,93.74931335449219,0.48222928047180175,25100.0,7025.0,25100.0
4.192410094395695e-05,4.192410094395695e-05,0.01329507827758789,0.3805844336748123,0.2221079558134079,0.15847647935152054,93.36233520507812,0.4826882123947144,25150.0,7046.0,25150.0
4.188588389660603e-05,4.188588389660603e-05,0.013338732719421386,0.38317644596099854,0.2219228908419609,0.16125355586409568,90.18832397460938,0.48182318210601804,25200.0,7030.0,25200.0
4.18476668492551e-05,4.18476668492551e-05,0.01450519561767578,0.349557900428772,0.20511189550161363,0.14444600045681,94.43175506591797,0.4760776996612549,25250.0,7057.0,25250.0
4.180944980190419e-05,4.180944980190419e-05,0.012796330451965331,0.3665336474776268,0.22614426165819168,0.1403893917798996,94.76908874511719,0.4748596429824829,25300.0,7003.0,25300.0
4.1771232754553245e-05,4.1771232754553245e-05,0.012827444076538085,0.36175874024629595,0.2037449598312378,0.15801377668976785,95.14290618896484,0.4782745361328125,25350.0,7018.0,25350.0
4.173301570720227e-05,4.173301570720227e-05,0.014069890975952149,0.3346856743097305,0.19258592277765274,0.14209975078701972,93.37338256835938,0.48024702072143555,25400.0,7050.0,25400.0
4.1694798659851345e-05,4.1694798659851345e-05,0.01714479923248291,0.40809938311576843,0.25965740755200384,0.14844197630882264,95.92317962646484,0.485400915145874,25450.0,7034.0,25450.0
4.165658161250042e-05,4.165658161250042e-05,0.014351773262023925,0.3285370677709579,0.1865365222096443,0.14200054481625557,93.11398315429688,0.4801907777786255,25500.0,7001.0,25500.0
4.1618364565149465e-05,4.1618364565149465e-05,0.013309073448181153,0.34132946133613584,0.196062807738781,0.14526665210723877,93.08515930175781,0.4820279359817505,25550.0,7019.0,25550.0
4.158014751779855e-05,4.158014751779855e-05,0.013617372512817383,0.3480709224939346,0.20191385969519615,0.14615706503391265,95.20735931396484,0.48066709041595457,25600.0,7057.0,25600.0
4.154193047044764e-05,4.154193047044764e-05,0.013216114044189453,0.3182302340865135,0.17414801344275474,0.14408221319317818,94.36276245117188,0.4837069272994995,25650.0,7041.0,25650.0
4.150371342309671e-05,4.150371342309671e-05,0.013165020942687988,0.3551391139626503,0.21286742240190507,0.14227169528603553,94.54308319091797,0.47890143394470214,25700.0,7002.0,25700.0
4.146549637574578e-05,4.146549637574578e-05,0.016349601745605468,0.4232993841171265,0.2649940699338913,0.1583053193986416,92.15328216552734,0.4853550672531128,25750.0,7054.0,25750.0
4.1427279328394834e-05,4.1427279328394834e-05,0.015964102745056153,0.33884592056274415,0.19437599182128906,0.1444699302315712,95.75672149658203,0.47878005504608157,25800.0,7016.0,25800.0
4.13890622810439e-05,4.13890622810439e-05,0.014074325561523438,0.4179913967847824,0.25492617636919024,0.16306521743535995,87.24208068847656,0.4809067726135254,25850.0,7051.0,25850.0
4.135084523369296e-05,4.135084523369296e-05,0.016142940521240233,0.3784832388162613,0.23349632546305657,0.14498691484332085,96.24424743652344,0.4862427949905396,25900.0,7039.0,25900.0
4.1312628186342015e-05,4.1312628186342015e-05,0.015752291679382323,0.35529528856277465,0.20757959485054017,0.14771569818258284,90.93316650390625,0.4887040615081787,25950.0,7079.0,25950.0
4.1274411138991096e-05,4.1274411138991096e-05,0.014875054359436035,0.32494245171546937,0.17430289089679718,0.1506395608186722,92.95398712158203,0.4791546821594238,26000.0,7050.0,26000.0
4.1236194091640156e-05,4.1236194091640156e-05,0.01636316776275635,0.36512994170188906,0.2135077089071274,0.15162223055958748,90.4247817993164,0.48894591331481935,26050.0,7034.0,26050.0
4.119797704428922e-05,4.119797704428922e-05,0.013125729560852051,0.3518948286771774,0.20209770500659943,0.14979712218046187,90.36752319335938,0.4826688289642334,26100.0,7010.0,26100.0
4.115975999693829e-05,4.115975999693829e-05,0.014416837692260742,0.33531654477119444,0.1880820117890835,0.14723453372716905,97.22601318359375,0.4829803466796875,26150.0,7023.0,26150.0
4.112154294958732e-05,4.112154294958732e-05,0.01283571720123291,0.33939631283283234,0.19304343611001967,0.1463528774678707,94.26984405517578,0.4737205505371094,26200.0,6994.0,26200.0
4.108332590223636e-05,4.108332590223636e-05,0.01317613124847412,0.3672439843416214,0.22480673864483833,0.14243724569678307,91.1317138671875,0.47393388748168946,26250.0,7061.0,26250.0
4.104510885488544e-05,4.104510885488544e-05,0.01588437557220459,0.3853209882974625,0.2362556703388691,0.14906531870365142,92.12140655517578,0.4804272413253784,26300.0,7013.0,26300.0
4.100689180753452e-05,4.100689180753452e-05,0.01456148624420166,0.32962853014469146,0.18360384851694106,0.14602468237280847,96.08331298828125,0.48377697467803954,26350.0,7021.0,26350.0
4.096867476018358e-05,4.096867476018358e-05,0.014622759819030762,0.3326429456472397,0.18530389443039894,0.14733905643224715,94.89745330810547,0.48603515625,26400.0,7038.0,26400.0
4.093045771283266e-05,4.093045771283266e-05,0.013968086242675782,0.28675494641065596,0.15037192776799202,0.1363830141723156,95.9272232055664,0.4801159858703613,26450.0,7033.0,26450.0
4.08922406654817e-05,4.08922406654817e-05,0.015082335472106934,0.39691301733255385,0.2535392493009567,0.14337376058101653,96.37163543701172,0.47858240604400637,26500.0,7028.0,26500.0
4.085402361813076e-05,4.085402361813076e-05,0.01307830810546875,0.3961131781339645,0.242989119887352,0.15312406420707703,90.50489044189453,0.47606697082519533,26550.0,7018.0,26550.0
4.0815806570779826e-05,4.0815806570779826e-05,0.012871861457824707,0.29613536298274995,0.15793020650744438,0.13820515871047973,94.62316131591797,0.4774811267852783,26600.0,6996.0,26600.0
4.0777589523428886e-05,4.0777589523428886e-05,0.01526346206665039,0.37861562371253965,0.2244645655155182,0.15415106639266013,93.3331298828125,0.48729381561279295,26650.0,7025.0,26650.0
4.0739372476077946e-05,4.0739372476077946e-05,0.013240838050842285,0.3500922441482544,0.19934048354625702,0.15075176656246186,96.86869049072266,0.4801305055618286,26700.0,7019.0,26700.0
4.070115542872702e-05,4.070115542872702e-05,0.01318206787109375,0.32424286007881165,0.18550824075937272,0.13873462304472922,94.91024780273438,0.4777822732925415,26750.0,7018.0,26750.0
4.066293838137609e-05,4.066293838137609e-05,0.012974357604980469,0.33342647850513457,0.187853442132473,0.14557303637266159,92.5699691772461,0.4822535037994385,26800.0,7031.0,26800.0
4.062472133402514e-05,4.062472133402514e-05,0.013061881065368652,0.3828727826476097,0.24109094291925431,0.14178183302283287,90.41338348388672,0.4789790153503418,26850.0,7033.0,26850.0
4.05865042866742e-05,4.05865042866742e-05,0.0154144287109375,0.35769995450973513,0.21143506467342377,0.1462648928165436,95.50833892822266,0.482120418548584,26900.0,7014.0,26900.0
4.0548287239323254e-05,4.0548287239323254e-05,0.016117143630981445,0.41617066860198976,0.26964967250823973,0.1465209938585758,90.06283569335938,0.4875133275985718,26950.0,6998.0,26950.0
4.05100701919723e-05,4.05100701919723e-05,0.015643310546875,0.33085856437683103,0.17865285128355027,0.15220571607351302,94.9429931640625,0.4842594861984253,27000.0,7061.0,27000.0
4.047185314462136e-05,4.047185314462136e-05,0.01688687801361084,0.3442529708147049,0.20132759883999823,0.14292536824941635,93.75389862060547,0.4930045366287231,27050.0,7011.0,27050.0
4.043363609727042e-05,4.043363609727042e-05,0.01709604263305664,0.35384956896305086,0.21771618127822875,0.13613339513540268,91.36064910888672,0.4855031490325928,27100.0,7063.0,27100.0
4.039541904991952e-05,4.039541904991952e-05,0.01498262882232666,0.3513640403747559,0.2112373411655426,0.1401266947388649,91.63895416259766,0.4796820878982544,27150.0,7036.0,27150.0
4.0357202002568616e-05,4.0357202002568616e-05,0.015181016921997071,0.41036053001880646,0.26340033411979674,0.14696019366383553,94.74974060058594,0.49208717346191405,27200.0,7065.0,27200.0
4.031898495521766e-05,4.031898495521766e-05,0.013526630401611329,0.34846894145011903,0.20403519868850709,0.14443373754620553,92.64527130126953,0.47791500091552735,27250.0,7010.0,27250.0
4.028076790786673e-05,4.028076790786673e-05,0.014319825172424316,0.32690431773662565,0.18322087228298187,0.14368344321846963,95.15997314453125,0.4836036920547485,27300.0,7031.0,27300.0
4.024255086051575e-05,4.024255086051575e-05,0.016391062736511232,0.3333792954683304,0.19223191887140273,0.14114737436175345,96.08570861816406,0.4856270313262939,27350.0,7044.0,27350.0
4.020433381316479e-05,4.020433381316479e-05,0.0141495943069458,0.367172035574913,0.21854052618145942,0.14863150864839553,89.7385482788086,0.4819623947143555,27400.0,7011.0,27400.0
4.016611676581384e-05,4.016611676581384e-05,0.015538501739501952,0.34517328143119813,0.2084645375609398,0.13670873939990996,91.37635803222656,0.4828465223312378,27450.0,7048.0,27450.0
4.012789971846294e-05,4.012789971846294e-05,0.013938498497009278,0.3635163217782974,0.22392687946558,0.13958944752812386,89.43023681640625,0.4759223937988281,27500.0,7017.0,27500.0
4.008968267111195e-05,4.008968267111195e-05,0.013630390167236328,0.33873736560344697,0.194845287501812,0.14389207884669303,89.80338287353516,0.47913503646850586,27550.0,7038.0,27550.0
4.0051465623761004e-05,4.0051465623761004e-05,0.013179397583007813,0.37661496102809905,0.23535529226064683,0.14125966876745225,93.92584991455078,0.47903611660003664,27600.0,7040.0,27600.0
4.001324857641007e-05,4.001324857641007e-05,0.013921761512756347,0.41757115721702576,0.25981498658657076,0.15775617063045502,95.46739196777344,0.4816529035568237,27650.0,7063.0,27650.0
3.9975031529059104e-05,3.9975031529059104e-05,0.013668584823608398,0.35285440385341643,0.2008630782365799,0.1519913248717785,94.974609375,0.4859804391860962,27700.0,7046.0,27700.0
3.993681448170818e-05,3.993681448170818e-05,0.01300208568572998,0.31994158029556274,0.1808527871966362,0.13908879533410073,95.15812683105469,0.4755251884460449,27750.0,7034.0,27750.0
3.989859743435722e-05,3.989859743435722e-05,0.013163924217224121,0.3255343705415726,0.18243212327361108,0.14310224428772927,89.91188049316406,0.47663919925689696,27800.0,6994.0,27800.0
3.98603803870063e-05,3.98603803870063e-05,0.016157698631286622,0.32752134203910827,0.1886897549033165,0.13883158564567566,94.92615509033203,0.48735842704772947,27850.0,7029.0,27850.0
3.9822163339655345e-05,3.9822163339655345e-05,0.013528394699096679,0.2946875154972076,0.15797542110085488,0.13671209365129472,89.80419921875,0.4769603967666626,27900.0,7024.0,27900.0
3.9783946292304365e-05,3.9783946292304365e-05,0.013161826133728027,0.3807696908712387,0.2291966959834099,0.15157299637794494,94.80323028564453,0.480148983001709,27950.0,7023.0,27950.0
3.974572924495342e-05,3.974572924495342e-05,0.013073897361755371,0.28503964096307755,0.1526842512190342,0.132355385273695,96.35514831542969,0.47332332134246824,28000.0,7032.0,28000.0
3.970751219760247e-05,3.970751219760247e-05,0.01287837028503418,0.34880076050758363,0.2136700287461281,0.13513073548674584,91.60986328125,0.4778650522232056,28050.0,7028.0,28050.0
3.966929515025153e-05,3.966929515025153e-05,0.013489913940429688,0.361992409825325,0.2086702898144722,0.15332212150096894,94.68868255615234,0.48537890911102294,28100.0,7004.0,28100.0
3.963107810290061e-05,3.963107810290061e-05,0.01617293357849121,0.34728959649801255,0.20248665288090706,0.14480294063687324,93.149169921875,0.4833630084991455,28150.0,7019.0,28150.0
3.959286105554965e-05,3.959286105554965e-05,0.016263842582702637,0.31354823112487795,0.17685145065188407,0.1366967774927616,92.78437805175781,0.4801899194717407,28200.0,6998.0,28200.0
3.955464400819868e-05,3.955464400819868e-05,0.016638016700744628,0.37361111044883727,0.23782557100057602,0.1357855372130871,92.52787017822266,0.48897595405578614,28250.0,7058.0,28250.0
3.951642696084772e-05,3.951642696084772e-05,0.014723849296569825,0.335430383682251,0.19405008107423782,0.14138030335307122,94.87689208984375,0.48396255970001223,28300.0,7032.0,28300.0
3.9478209913496786e-05,3.9478209913496786e-05,0.013419866561889648,0.3427935838699341,0.20121625065803528,0.14157732725143432,94.6797866821289,0.48046720027923584,28350.0,7041.0,28350.0
3.94399928661458e-05,3.94399928661458e-05,0.015596675872802734,0.32229340970516207,0.18254102990031243,0.1397523835301399,93.30213165283203,0.4789959669113159,28400.0,7037.0,28400.0
3.9401775818794825e-05,3.9401775818794825e-05,0.014646816253662109,0.30802935659885405,0.16590284034609795,0.14212651625275613,97.74960327148438,0.483335280418396,28450.0,7024.0,28450.0
3.936355877144386e-05,3.936355877144386e-05,0.015123748779296875,0.33595588952302935,0.1906925730407238,0.14526331573724746,96.23370361328125,0.4858476400375366,28500.0,7028.0,28500.0
3.932534172409292e-05,3.932534172409292e-05,0.0168104887008667,0.3183227390050888,0.18574120551347734,0.13258153796195984,91.39392852783203,0.48236584663391113,28550.0,7079.0,28550.0
3.928712467674195e-05,3.928712467674195e-05,0.013379931449890137,0.31946294009685516,0.17340841069817542,0.1460545264184475,94.68698120117188,0.47713935375213623,28600.0,7050.0,28600.0
3.924890762939101e-05,3.924890762939101e-05,0.016987204551696777,0.28605607599020005,0.15481869056820868,0.13123738542199134,96.25083923339844,0.48003110885620115,28650.0,7032.0,28650.0
3.921069058204005e-05,3.921069058204005e-05,0.01562187671661377,0.30101779401302337,0.16257334873080254,0.1384444408118725,94.67475891113281,0.484295916557312,28700.0,7063.0,28700.0
3.917247353468908e-05,3.917247353468908e-05,0.015478229522705078,0.3176621735095978,0.17580662444233894,0.14185555055737495,95.41730499267578,0.4831705093383789,28750.0,7008.0,28750.0
3.913425648733814e-05,3.913425648733814e-05,0.01605222225189209,0.3091481551527977,0.16997784823179246,0.13917030915617942,96.22846984863281,0.4877190351486206,28800.0,7014.0,28800.0
3.90960394399872e-05,3.90960394399872e-05,0.014727425575256348,0.3549323737621307,0.20736954510211944,0.14756283089518546,95.03679656982422,0.4799879789352417,28850.0,7032.0,28850.0
3.905782239263623e-05,3.905782239263623e-05,0.012945818901062011,0.3647551864385605,0.2196986824274063,0.14505649954080582,91.77925872802734,0.4746286392211914,28900.0,7035.0,28900.0
3.901960534528527e-05,3.901960534528527e-05,0.012750005722045899,0.3257653579115868,0.18585673496127128,0.1399086244404316,92.16799926757812,0.47424466609954835,28950.0,7029.0,28950.0
3.898138829793434e-05,3.898138829793434e-05,0.01293807029724121,0.3451362460851669,0.19259146302938462,0.15254478380084038,95.19896697998047,0.47550723552703855,29000.0,7036.0,29000.0
3.894317125058342e-05,3.894317125058342e-05,0.013747477531433105,0.34180240631103515,0.201642744243145,0.14015966281294823,90.08268737792969,0.4730360984802246,29050.0,7061.0,29050.0
3.890495420323245e-05,3.890495420323245e-05,0.013404583930969239,0.3724620848894119,0.22804537415504456,0.14441671296954156,95.08291625976562,0.47705821990966796,29100.0,7039.0,29100.0
3.886673715588151e-05,3.886673715588151e-05,0.013237524032592773,0.34854776561260226,0.20021079778671264,0.14833696857094764,94.13705444335938,0.478153920173645,29150.0,7044.0,29150.0
3.8828520108530525e-05,3.8828520108530525e-05,0.013471174240112304,0.3109459161758423,0.17405043616890908,0.13689548000693322,92.45671081542969,0.4779682636260986,29200.0,7013.0,29200.0
3.879030306117954e-05,3.879030306117954e-05,0.012793517112731934,0.30903623402118685,0.15801090821623803,0.15102532729506493,96.22699737548828,0.48322460651397703,29250.0,7036.0,29250.0
3.875208601382859e-05,3.875208601382859e-05,0.013083529472351075,0.3389489442110062,0.19575571194291114,0.14319323301315307,96.34322357177734,0.4803107976913452,29300.0,7037.0,29300.0
3.871386896647766e-05,3.871386896647766e-05,0.012873196601867675,0.312542150914669,0.16382090598344803,0.14872124269604683,93.62721252441406,0.47946510314941404,29350.0,7033.0,29350.0
3.8675651919126705e-05,3.8675651919126705e-05,0.016022872924804688,0.372232061624527,0.21365682147443293,0.15857524126768113,91.66741943359375,0.47996082305908205,29400.0,7037.0,29400.0
3.863743487177572e-05,3.863743487177572e-05,0.015908122062683105,0.3163450241088867,0.1800517775118351,0.1362932488322258,92.36756896972656,0.48550117015838623,29450.0,7009.0,29450.0
3.859921782442477e-05,3.859921782442477e-05,0.01287543773651123,0.32332378029823305,0.18402125239372252,0.13930253088474273,95.13023376464844,0.478781533241272,29500.0,7009.0,29500.0
3.8561000777073846e-05,3.8561000777073846e-05,0.01316831111907959,0.33202496021986005,0.1860368251800537,0.14598813354969026,92.21449279785156,0.48044867515563966,29550.0,7063.0,29550.0
3.85227837297229e-05,3.85227837297229e-05,0.015238642692565918,0.31807229667901993,0.18389623686671258,0.1341760627925396,92.57683563232422,0.4828094244003296,29600.0,7032.0,29600.0
3.848456668237195e-05,3.848456668237195e-05,0.01445024013519287,0.3021755501627922,0.16338757574558258,0.1387879729270935,94.04061126708984,0.48236076831817626,29650.0,7046.0,29650.0
3.8446349635021006e-05,3.8446349635021006e-05,0.016560816764831544,0.33912400901317596,0.19852960705757142,0.14059439972043036,95.41301727294922,0.48783729076385496,29700.0,7047.0,29700.0
3.840813258767006e-05,3.840813258767006e-05,0.014761257171630859,0.3073334187269211,0.17611966878175736,0.13121374920010567,94.64833068847656,0.474509072303772,29750.0,7013.0,29750.0
3.836991554031912e-05,3.836991554031912e-05,0.013377022743225098,0.3188567966222763,0.18454565480351448,0.13431114554405213,91.95140838623047,0.4771387815475464,29800.0,7016.0,29800.0
3.8331698492968146e-05,3.8331698492968146e-05,0.012814569473266601,0.31391259133815763,0.16819724068045616,0.14571535140275954,94.11466217041016,0.4801729679107666,29850.0,7021.0,29850.0
3.829348144561719e-05,3.829348144561719e-05,0.014659905433654785,0.34560626745224,0.20405560806393624,0.14155065938830375,92.91594696044922,0.4984952211380005,29900.0,7009.0,29900.0
3.825526439826629e-05,3.825526439826629e-05,0.012716436386108398,0.33857171833515165,0.1875148445367813,0.1510568752884865,94.98678588867188,0.4796499252319336,29950.0,7032.0,29950.0
3.821704735091535e-05,3.821704735091535e-05,0.012481260299682616,0.34805344641208646,0.20170869380235673,0.14634475037455558,94.38189697265625,0.481593918800354,30000.0,7045.0,30000.0
3.817883030356441e-05,3.817883030356441e-05,0.014823341369628906,0.3681764781475067,0.21271490007638932,0.15546157360076904,90.27466583251953,0.4844372749328613,30050.0,7010.0,30050.0
3.8140613256213475e-05,3.8140613256213475e-05,0.012927889823913574,0.33105848133564,0.18726470544934273,0.14379377886652947,93.0396499633789,0.4747928619384766,30100.0,7032.0,30100.0
3.810239620886254e-05,3.810239620886254e-05,0.01264965534210205,0.33755252957344056,0.19980249404907227,0.13775003626942633,93.75090789794922,0.47878336906433105,30150.0,7037.0,30150.0
3.80641791615116e-05,3.80641791615116e-05,0.013544869422912598,0.2825417846441269,0.1594446547329426,0.12309713140130044,96.48761749267578,0.4776947021484375,30200.0,7010.0,30200.0
3.802596211416065e-05,3.802596211416065e-05,0.01320185661315918,0.2823993355035782,0.1429728612303734,0.13942647427320481,95.74462127685547,0.48081824779510496,30250.0,7024.0,30250.0
3.798774506680966e-05,3.798774506680966e-05,0.014202141761779785,0.3725142672657967,0.22045596539974213,0.15205830037593843,92.72216796875,0.4845133781433105,30300.0,7031.0,30300.0
3.794952801945871e-05,3.794952801945871e-05,0.013515353202819824,0.35167996883392333,0.20916605293750762,0.14251391738653182,92.94011688232422,0.478910231590271,30350.0,7038.0,30350.0
3.791131097210777e-05,3.791131097210777e-05,0.012787485122680664,0.3504851311445236,0.2088862419128418,0.1415988989174366,91.95063018798828,0.47991726398468015,30400.0,7034.0,30400.0
3.787309392475683e-05,3.787309392475683e-05,0.01354062557220459,0.345331597328186,0.21501599699258805,0.1303155981004238,92.90570831298828,0.4799649238586426,30450.0,7023.0,30450.0
3.783487687740587e-05,3.783487687740587e-05,0.012802863121032714,0.3300004005432129,0.1920642338693142,0.13793616741895676,97.35480499267578,0.47595772743225095,30500.0,7007.0,30500.0
3.779665983005493e-05,3.779665983005493e-05,0.01452310085296631,0.3449815273284912,0.2089794769883156,0.1360020510852337,86.04963684082031,0.480390739440918,30550.0,7045.0,30550.0
3.7758442782704e-05,3.7758442782704e-05,0.015163064002990723,0.3172219157218933,0.1698506273329258,0.1473712854087353,93.32852935791016,0.4860053300857544,30600.0,7021.0,30600.0
3.772022573535309e-05,3.772022573535309e-05,0.015314674377441407,0.33459195792675017,0.21342233940958977,0.12116961926221848,94.47393035888672,0.47697598934173585,30650.0,7017.0,30650.0
3.7682008688002164e-05,3.7682008688002164e-05,0.014169096946716309,0.34651617109775545,0.20126352906227113,0.14525263756513596,95.51077270507812,0.48134374618530273,30700.0,7020.0,30700.0
3.764379164065126e-05,3.764379164065126e-05,0.013701295852661133,0.3699378460645676,0.21699120849370956,0.15294663980603218,90.16352844238281,0.48005926609039307,30750.0,7083.0,30750.0
3.7605574593300284e-05,3.7605574593300284e-05,0.013929152488708496,0.3304548770189285,0.19234765842556953,0.13810722306370735,92.49678039550781,0.4791243076324463,30800.0,7007.0,30800.0
3.7567357545949365e-05,3.7567357545949365e-05,0.015006256103515626,0.36472984552383425,0.21726177781820297,0.14746806845068933,93.06356811523438,0.4857541799545288,30850.0,7024.0,30850.0
3.7529140498598405e-05,3.7529140498598405e-05,0.013580632209777833,0.3101231813430786,0.17193005681037904,0.13819312825798988,94.38785552978516,0.47748627662658694,30900.0,7046.0,30900.0
3.749092345124745e-05,3.749092345124745e-05,0.013724493980407714,0.29381795078516004,0.16281370148062707,0.13100424632430077,95.925048828125,0.4819610834121704,30950.0,6980.0,30950.0
3.745270640389649e-05,3.745270640389649e-05,0.012525415420532227,0.3174510657787323,0.17494855001568793,0.14250251054763793,94.44210815429688,0.4795320272445679,31000.0,7014.0,31000.0
3.741448935654555e-05,3.741448935654555e-05,0.01500561237335205,0.288837568461895,0.15058557838201522,0.13825198858976365,94.3092041015625,0.4840482950210571,31050.0,7002.0,31050.0
3.7376272309194585e-05,3.7376272309194585e-05,0.012949538230895997,0.40182054340839385,0.25531931817531583,0.14650122225284576,95.61798858642578,0.4799295425415039,31100.0,7026.0,31100.0
3.733805526184366e-05,3.733805526184366e-05,0.014232158660888672,0.34727181792259215,0.19459291994571687,0.15267889499664306,95.76655578613281,0.4811046361923218,31150.0,7033.0,31150.0
3.72998382144927e-05,3.72998382144927e-05,0.015085816383361816,0.3472877949476242,0.19632438868284224,0.1509634055197239,95.72484588623047,0.48898916244506835,31200.0,7024.0,31200.0
3.726162116714175e-05,3.726162116714175e-05,0.014017796516418457,0.3088899552822113,0.17180473133921623,0.1370852194726467,95.32597351074219,0.47834227085113523,31250.0,7035.0,31250.0
3.722340411979081e-05,3.722340411979081e-05,0.01575005054473877,0.33673468232154846,0.19573420733213426,0.1410004712641239,93.80248260498047,0.48512747287750246,31300.0,7049.0,31300.0
3.7185187072439845e-05,3.7185187072439845e-05,0.014386200904846191,0.3288793981075287,0.18316008970141412,0.14571930691599846,94.52027893066406,0.48182365894317625,31350.0,7016.0,31350.0
3.714697002508889e-05,3.714697002508889e-05,0.014805459976196289,0.4124495640397072,0.25721526741981504,0.15523429661989213,92.29969787597656,0.49526324272155764,31400.0,7053.0,31400.0
3.710875297773798e-05,3.710875297773798e-05,0.01278374195098877,0.30910886973142626,0.17569882348179816,0.1334100417792797,95.41708374023438,0.48082432746887205,31450.0,7016.0,31450.0
3.707053593038708e-05,3.707053593038708e-05,0.013428378105163574,0.31386313736438753,0.17366141378879546,0.14020171836018563,92.85813903808594,0.48191094398498535,31500.0,7042.0,31500.0
3.703231888303615e-05,3.703231888303615e-05,0.016275763511657715,0.3173596918582916,0.1885237693786621,0.12883592396974564,91.76830291748047,0.4813896894454956,31550.0,6998.0,31550.0
3.6994101835685154e-05,3.6994101835685154e-05,0.012967586517333984,0.3376318961381912,0.18119370192289352,0.15643819645047188,90.13748931884766,0.47848455905914306,31600.0,7017.0,31600.0
3.6955884788334193e-05,3.6955884788334193e-05,0.014110374450683593,0.3317639157176018,0.19525067657232284,0.13651323243975638,95.86271667480469,0.4778070688247681,31650.0,7022.0,31650.0
3.6917667740983274e-05,3.6917667740983274e-05,0.01409928798675537,0.33963441848754883,0.1956471286714077,0.14398729130625726,94.93424224853516,0.480436110496521,31700.0,7029.0,31700.0
3.6879450693632314e-05,3.6879450693632314e-05,0.013714194297790527,0.40322362929582595,0.2654062658548355,0.1378173589706421,80.05685424804688,0.4777772665023804,31750.0,7008.0,31750.0
3.684123364628139e-05,3.684123364628139e-05,0.014021086692810058,0.35343305468559266,0.22004999369382858,0.13338306099176406,90.46675109863281,0.48155076503753663,31800.0,7035.0,31800.0
3.680301659893046e-05,3.680301659893046e-05,0.012504005432128906,0.40972512513399123,0.2683217279613018,0.14140339717268943,94.05143737792969,0.47620205879211425,31850.0,7003.0,31850.0
3.67647995515795e-05,3.67647995515795e-05,0.01265254020690918,0.33065522611141207,0.1924392394721508,0.13821599036455154,94.77819061279297,0.47135684490203855,31900.0,7046.0,31900.0
3.6726582504228575e-05,3.6726582504228575e-05,0.014143109321594238,0.3531314551830292,0.21281056702136994,0.14032088667154313,94.73298645019531,0.47647058963775635,31950.0,7042.0,31950.0
3.668836545687764e-05,3.668836545687764e-05,0.01413569450378418,0.31887038350105285,0.17628891319036483,0.1425814688205719,93.24500274658203,0.477717924118042,32000.0,7009.0,32000.0
3.6650148409526696e-05,3.6650148409526696e-05,0.016190814971923827,0.3046510204672813,0.15750345289707185,0.1471475653350353,92.63287353515625,0.4861154556274414,32050.0,7043.0,32050.0
3.6611931362175756e-05,3.6611931362175756e-05,0.014670443534851075,0.2877712368965149,0.15891442969441413,0.1288568116724491,94.08670043945312,0.4728651285171509,32100.0,7010.0,32100.0
3.65737143148248e-05,3.65737143148248e-05,0.012971329689025878,0.3484350755810738,0.19829117953777314,0.15014389529824257,95.5896987915039,0.4766629695892334,32150.0,7021.0,32150.0
3.6535497267473904e-05,3.6535497267473904e-05,0.012793469429016113,0.28702315241098403,0.15107768028974533,0.13594547286629677,95.6806411743164,0.4730072975158691,32200.0,7028.0,32200.0
3.649728022012296e-05,3.649728022012296e-05,0.013468337059020997,0.3282545268535614,0.18442019075155258,0.14383433684706687,94.2545394897461,0.48432445526123047,32250.0,7030.0,32250.0
3.6459063172772045e-05,3.6459063172772045e-05,0.013344430923461914,0.4013611912727356,0.23557202517986298,0.1657891646027565,89.84829711914062,0.4776234865188599,32300.0,7013.0,32300.0
3.6420846125421105e-05,3.6420846125421105e-05,0.01292564868927002,0.37004189789295194,0.22021181732416154,0.14983008056879044,94.0770492553711,0.478102707862854,32350.0,7060.0,32350.0
3.638262907807011e-05,3.638262907807011e-05,0.01427597999572754,0.37713687419891356,0.23803788870573045,0.13909898027777673,92.26387023925781,0.47410428524017334,32400.0,7012.0,32400.0
3.634441203071918e-05,3.634441203071918e-05,0.014843320846557618,0.3086346298456192,0.16808342114090918,0.14055120199918747,96.04852294921875,0.47820796966552737,32450.0,7002.0,32450.0
3.6306194983368265e-05,3.6306194983368265e-05,0.012880373001098632,0.32022993862628935,0.16988805755972863,0.15034188255667685,95.6467514038086,0.47649033069610597,32500.0,6994.0,32500.0
3.626797793601738e-05,3.626797793601738e-05,0.013000869750976562,0.3620444118976593,0.22455049753189088,0.13749391287565232,93.99959564208984,0.47634572982788087,32550.0,7034.0,32550.0
3.6229760888666426e-05,3.6229760888666426e-05,0.01595890522003174,0.32982379794120786,0.18826137036085128,0.14156242907047273,91.89791870117188,0.4868681192398071,32600.0,7060.0,32600.0
3.619154384131548e-05,3.619154384131548e-05,0.014606046676635741,0.29514124393463137,0.1667508952319622,0.12839034870266913,92.97076416015625,0.47665383815765383,32650.0,7025.0,32650.0
3.615332679396454e-05,3.615332679396454e-05,0.013196730613708496,0.3727922081947327,0.23112982362508774,0.1416623868048191,95.54344940185547,0.4755184412002563,32700.0,7025.0,32700.0
3.611510974661359e-05,3.611510974661359e-05,0.012856388092041015,0.33731150031089785,0.19060455933213233,0.14670694321393968,94.42509460449219,0.4774879693984985,32750.0,7023.0,32750.0
3.6076892699262634e-05,3.6076892699262634e-05,0.01281147003173828,0.30953623056411744,0.17511758506298064,0.1344186507165432,93.28536987304688,0.4760838747024536,32800.0,7015.0,32800.0
3.603867565191168e-05,3.603867565191168e-05,0.01972198486328125,0.3239455372095108,0.1898014336824417,0.1341440998017788,94.33602142333984,0.48480522632598877,32850.0,7022.0,32850.0
3.600045860456072e-05,3.600045860456072e-05,0.015741896629333497,0.3100672334432602,0.1693262591958046,0.14074097350239753,93.88226318359375,0.48525290489196776,32900.0,7029.0,32900.0
3.5962241557209774e-05,3.5962241557209774e-05,0.01308281421661377,0.33076654076576234,0.18835182934999467,0.14241471663117408,93.3980484008789,0.4776768207550049,32950.0,7034.0,32950.0
3.592402450985883e-05,3.592402450985883e-05,0.016344451904296876,0.3233376815915108,0.18352131843566893,0.13981635868549347,93.33502197265625,0.4846594572067261,33000.0,6997.0,33000.0
3.588580746250788e-05,3.588580746250788e-05,0.014174556732177735,0.31092484295368195,0.16539932861924173,0.1455255128443241,92.6570053100586,0.4804359436035156,33050.0,7049.0,33050.0
3.584759041515695e-05,3.584759041515695e-05,0.015035033226013184,0.35465301126241683,0.20354096293449403,0.15111204758286476,94.54576110839844,0.48421311378479004,33100.0,7042.0,33100.0
3.5809373367805994e-05,3.5809373367805994e-05,0.015135645866394043,0.3136028915643692,0.18247829526662826,0.13112459406256677,88.3900375366211,0.4747937202453613,33150.0,7031.0,33150.0
3.577115632045507e-05,3.577115632045507e-05,0.01489253044128418,0.3131627798080444,0.1760438658297062,0.13711891025304795,90.68806457519531,0.482204794883728,33200.0,7048.0,33200.0
3.573293927310415e-05,3.573293927310415e-05,0.015411090850830079,0.3341283708810806,0.1866143114864826,0.14751405641436577,95.51406860351562,0.4946053743362427,33250.0,6993.0,33250.0
3.569472222575324e-05,3.569472222575324e-05,0.014097237586975097,0.34010213762521746,0.19598761424422265,0.14411452785134315,87.84247589111328,0.4806997299194336,33300.0,7041.0,33300.0
3.5656505178402296e-05,3.5656505178402296e-05,0.013175320625305176,0.3311111629009247,0.19061325937509538,0.1404978983104229,96.83090209960938,0.48200738430023193,33350.0,7004.0,33350.0
3.5618288131051363e-05,3.5618288131051363e-05,0.013668227195739745,0.3270250678062439,0.19497098475694657,0.13205408230423926,91.72822570800781,0.47712514400482176,33400.0,7054.0,33400.0
3.5580071083700397e-05,3.5580071083700397e-05,0.015564918518066406,0.33986309468746184,0.203275403380394,0.13658768460154533,91.4695816040039,0.487164044380188,33450.0,7064.0,33450.0
3.554185403634948e-05,3.554185403634948e-05,0.013407754898071288,0.3465229332447052,0.20660422146320342,0.13991871401667594,95.18050384521484,0.4774909734725952,33500.0,7033.0,33500.0
3.550363698899851e-05,3.550363698899851e-05,0.014574694633483886,0.3003240093588829,0.16590723097324372,0.1344167783856392,96.6282958984375,0.485075569152832,33550.0,7021.0,33550.0
3.5465419941647564e-05,3.5465419941647564e-05,0.015797996520996095,0.3397582143545151,0.20310705453157424,0.13665116280317308,91.40380096435547,0.4855905532836914,33600.0,7040.0,33600.0
3.542720289429663e-05,3.542720289429663e-05,0.013117623329162598,0.2962447553873062,0.15377969667315483,0.1424650579690933,96.0001220703125,0.4797142505645752,33650.0,7030.0,33650.0
3.5388985846945705e-05,3.5388985846945705e-05,0.013027167320251465,0.3567348137497902,0.2116287350654602,0.14510607570409775,93.31583404541016,0.4761000871658325,33700.0,7026.0,33700.0
3.535076879959475e-05,3.535076879959475e-05,0.013802361488342286,0.288205623626709,0.16253744512796403,0.12566817924380302,87.44633483886719,0.47234525680541994,33750.0,7015.0,33750.0
3.531255175224382e-05,3.531255175224382e-05,0.013441181182861328,0.31078827381134033,0.172432092577219,0.13835618048906326,88.48949432373047,0.4829783201217651,33800.0,7008.0,33800.0
3.5274334704892845e-05,3.5274334704892845e-05,0.013178372383117675,0.2952511548995972,0.16407873705029488,0.13117241561412812,94.67530059814453,0.4808062553405762,33850.0,7025.0,33850.0
3.5236117657541885e-05,3.5236117657541885e-05,0.014731979370117188,0.3380531221628189,0.1970426470041275,0.14101047888398172,92.49617004394531,0.48308894634246824,33900.0,7043.0,33900.0
3.519790061019097e-05,3.519790061019097e-05,0.013374257087707519,0.3371270537376404,0.1968545436859131,0.14027251452207565,96.33428192138672,0.4816410064697266,33950.0,7006.0,33950.0
3.515968356284001e-05,3.515968356284001e-05,0.01377696990966797,0.34088850021362305,0.19578851163387298,0.14509998634457588,93.09226989746094,0.4791222810745239,34000.0,7040.0,34000.0
3.512146651548909e-05,3.512146651548909e-05,0.015340018272399902,0.3744458079338074,0.23025336265563964,0.14419244453310967,94.40597534179688,0.4820214509963989,34050.0,7027.0,34050.0
3.50832494681382e-05,3.50832494681382e-05,0.014017677307128907,0.3065883174538612,0.1720909059047699,0.13449741378426552,96.08741760253906,0.47722909450531004,34100.0,7013.0,34100.0
3.504503242078726e-05,3.504503242078726e-05,0.013938164710998536,0.3201739311218262,0.17675153613090516,0.14342239275574684,92.64896392822266,0.4772979259490967,34150.0,7025.0,34150.0
3.500681537343631e-05,3.500681537343631e-05,0.01402451992034912,0.31458586901426316,0.16740210056304933,0.14718376472592354,93.68963623046875,0.4779421329498291,34200.0,7002.0,34200.0
3.496859832608536e-05,3.496859832608536e-05,0.014381337165832519,0.34220185279846194,0.200076362490654,0.1421254962682724,94.1878433227539,0.4751756191253662,34250.0,6999.0,34250.0
3.4930381278734435e-05,3.4930381278734435e-05,0.01605699062347412,0.3312449023127556,0.19447243586182594,0.1367724657058716,94.17108154296875,0.485652232170105,34300.0,7011.0,34300.0
3.489216423138345e-05,3.489216423138345e-05,0.012980508804321288,0.3492537200450897,0.20377857536077498,0.14547514393925667,91.3128433227539,0.47962872982025145,34350.0,7020.0,34350.0
3.4853947184032535e-05,3.4853947184032535e-05,0.01729423999786377,0.3344426304101944,0.1939469300210476,0.14049569889903069,89.74300384521484,0.48605611324310305,34400.0,7052.0,34400.0
3.4815730136681575e-05,3.4815730136681575e-05,0.013072776794433593,0.2990261599421501,0.16670659631490709,0.132319562882185,92.99921417236328,0.4782498121261597,34450.0,7027.0,34450.0
3.4777513089330615e-05,3.4777513089330615e-05,0.013051247596740723,0.33732803612947465,0.19722482189536095,0.1401032105088234,95.38285064697266,0.47770330905914304,34500.0,7026.0,34500.0
3.473929604197968e-05,3.473929604197968e-05,0.01307365894317627,0.29236838817596433,0.15232498273253442,0.14004340320825576,95.41119384765625,0.48083972930908203,34550.0,7022.0,34550.0
3.470107899462874e-05,3.470107899462874e-05,0.013073253631591796,0.31341531574726106,0.18253850266337396,0.13087681457400321,90.53564453125,0.4767094612121582,34600.0,7038.0,34600.0
3.4662861947277775e-05,3.4662861947277775e-05,0.015006089210510254,0.335520501434803,0.19674877375364302,0.13877172619104386,91.69395446777344,0.4865040063858032,34650.0,7045.0,34650.0
3.4624644899926835e-05,3.4624644899926835e-05,0.015980100631713866,0.3169578045606613,0.17758857756853103,0.13936922773718835,93.6578369140625,0.48409299850463866,34700.0,7049.0,34700.0
3.4586427852575855e-05,3.4586427852575855e-05,0.012735819816589356,0.3125298857688904,0.17025988399982453,0.1422699995338917,96.12702178955078,0.4779383659362793,34750.0,7026.0,34750.0
3.45482108052249e-05,3.45482108052249e-05,0.013776588439941406,0.31642313599586486,0.16440275982022284,0.15202037692070008,94.24744415283203,0.4850193500518799,34800.0,7024.0,34800.0
3.450999375787397e-05,3.450999375787397e-05,0.012823748588562011,0.3655239135026932,0.2227293774485588,0.14279453381896018,92.5639419555664,0.4805468559265137,34850.0,7014.0,34850.0
3.4471776710523036e-05,3.4471776710523036e-05,0.01425950527191162,0.34425055980682373,0.19883135706186295,0.14541919752955437,95.16790008544922,0.4779871225357056,34900.0,7058.0,34900.0
3.443355966317209e-05,3.443355966317209e-05,0.014396882057189942,0.3444091618061066,0.19641777575016023,0.14799138456583022,91.7281494140625,0.48602464199066164,34950.0,7036.0,34950.0
3.439534261582114e-05,3.439534261582114e-05,0.014042067527770995,0.34592891335487364,0.20438039302825928,0.1415485218167305,97.07540130615234,0.48262026309967043,35000.0,7016.0,35000.0
3.4357125568470196e-05,3.4357125568470196e-05,0.014314913749694824,0.3258703276515007,0.18684552535414695,0.1390247993171215,93.5324935913086,0.4787356615066528,35050.0,7030.0,35050.0
3.431890852111926e-05,3.431890852111926e-05,0.013337969779968262,0.29553304612636566,0.16146772503852844,0.13406532481312752,96.10711669921875,0.47608973979949953,35100.0,7018.0,35100.0
3.4280691473768323e-05,3.4280691473768323e-05,0.01394665241241455,0.41323021948337557,0.2687731198966503,0.14445710107684134,92.56147766113281,0.4784141778945923,35150.0,7019.0,35150.0
3.424247442641734e-05,3.424247442641734e-05,0.015612912178039551,0.347736257314682,0.20106688663363456,0.14666936695575714,95.07559967041016,0.48342466354370117,35200.0,7019.0,35200.0
3.4204257379066376e-05,3.4204257379066376e-05,0.01406257152557373,0.3158769980072975,0.17304941192269324,0.1428275875747204,96.06029510498047,0.4857628583908081,35250.0,7031.0,35250.0
3.416604033171543e-05,3.416604033171543e-05,0.013342905044555663,0.29959757030010226,0.16551728993654252,0.13408027961850166,96.14459228515625,0.4774245977401733,35300.0,7017.0,35300.0
3.4127823284364503e-05,3.4127823284364503e-05,0.01513500213623047,0.27734514474868777,0.16070907488465308,0.11663607358932496,94.76428985595703,0.47847039699554444,35350.0,7023.0,35350.0
3.408960623701356e-05,3.408960623701356e-05,0.013191795349121094,0.34958161115646363,0.19785357564687728,0.1517280325293541,87.00003814697266,0.4777980327606201,35400.0,7023.0,35400.0
3.405138918966258e-05,3.405138918966258e-05,0.013115119934082032,0.3276515036821365,0.1883712626993656,0.13928024023771285,91.33000946044922,0.4751399278640747,35450.0,7043.0,35450.0
3.401317214231166e-05,3.401317214231166e-05,0.013326287269592285,0.3303520202636719,0.1828363709151745,0.1475156418979168,95.99215698242188,0.4836836338043213,35500.0,7023.0,35500.0
3.39749550949607e-05,3.39749550949607e-05,0.012870454788208007,0.3015901267528534,0.1674689918756485,0.13412113711237908,94.96614837646484,0.48074414730072024,35550.0,7031.0,35550.0
3.3936738047609723e-05,3.3936738047609723e-05,0.019322681427001952,0.3792236655950546,0.23203202337026596,0.14719163924455642,85.28185272216797,0.4930156707763672,35600.0,7062.0,35600.0
3.389852100025876e-05,3.389852100025876e-05,0.012925434112548827,0.3202672779560089,0.18214914500713347,0.1381181336939335,93.47614288330078,0.4764621019363403,35650.0,6998.0,35650.0
3.386030395290785e-05,3.386030395290785e-05,0.015417361259460449,0.32201302498579026,0.18598216250538827,0.136030862480402,92.6251449584961,0.4912365674972534,35700.0,7029.0,35700.0
3.3822086905556904e-05,3.3822086905556904e-05,0.01444413661956787,0.3267920672893524,0.18723375350236893,0.1395583175122738,93.35265350341797,0.49067392349243166,35750.0,6994.0,35750.0
3.3783869858205964e-05,3.3783869858205964e-05,0.013804459571838379,0.35015128254890443,0.2031703382730484,0.14698094353079796,92.89527893066406,0.4751091718673706,35800.0,7016.0,35800.0
3.374565281085506e-05,3.374565281085506e-05,0.012995457649230957,0.3242042288184166,0.18182055577635764,0.14238366931676866,92.4471435546875,0.47843117713928224,35850.0,7005.0,35850.0
3.3707435763504105e-05,3.3707435763504105e-05,0.015039992332458497,0.35406104326248167,0.21481364890933036,0.13924739584326745,93.52986907958984,0.48409988880157473,35900.0,7007.0,35900.0
3.366921871615316e-05,3.366921871615316e-05,0.01489107608795166,0.291140016913414,0.1507847085595131,0.14035530686378478,96.0650863647461,0.4821919441223145,35950.0,7034.0,35950.0
3.3631001668802246e-05,3.3631001668802246e-05,0.014622640609741212,0.3122492998838425,0.15633893460035325,0.1559103660285473,92.75564575195312,0.4843076944351196,36000.0,7038.0,36000.0
3.3592784621451306e-05,3.3592784621451306e-05,0.013067317008972169,0.3108702838420868,0.17617636620998384,0.1346939228475094,95.18084716796875,0.479001522064209,36050.0,7011.0,36050.0
3.355456757410037e-05,3.355456757410037e-05,0.012948250770568848,0.3842755526304245,0.25061162263154985,0.13366393521428108,92.93146514892578,0.4795044422149658,36100.0,7012.0,36100.0
3.351635052674943e-05,3.351635052674943e-05,0.013728785514831542,0.3892290726304054,0.2363497406244278,0.15287932753562927,94.52355194091797,0.4759422779083252,36150.0,7066.0,36150.0
3.347813347939848e-05,3.347813347939848e-05,0.013072466850280762,0.36870200335979464,0.22320474535226822,0.14549725651741027,92.9193115234375,0.4817212581634521,36200.0,7051.0,36200.0
3.3439916432047534e-05,3.3439916432047534e-05,0.014600372314453125,0.35483345836400987,0.2082801416516304,0.1465533196926117,88.1629867553711,0.48650307655334474,36250.0,7026.0,36250.0
3.340169938469657e-05,3.340169938469657e-05,0.014788007736206055,0.3074903339147568,0.16680870801210404,0.1406816251575947,95.2638931274414,0.4814167499542236,36300.0,7054.0,36300.0
3.336348233734562e-05,3.336348233734562e-05,0.013379573822021484,0.3286871016025543,0.18796105459332466,0.14072604849934578,95.89786529541016,0.4746504545211792,36350.0,6998.0,36350.0
3.332526528999465e-05,3.332526528999465e-05,0.013116765022277831,0.2966900750994682,0.15303743854165078,0.1436526358127594,94.22843933105469,0.47626433372497556,36400.0,7008.0,36400.0
3.3287048242643694e-05,3.3287048242643694e-05,0.013047027587890624,0.29397394359111784,0.16201824843883514,0.13195569291710854,95.7359619140625,0.4715928554534912,36450.0,7019.0,36450.0
3.324883119529275e-05,3.324883119529275e-05,0.014644384384155273,0.3117150038480759,0.17762356325984002,0.13409143909811974,92.71170043945312,0.4792280673980713,36500.0,7045.0,36500.0
3.321061414794177e-05,3.321061414794177e-05,0.013124728202819824,0.36271196901798247,0.21311553195118904,0.14959643483161927,92.12874603271484,0.47620596885681155,36550.0,6987.0,36550.0
3.3172397100590854e-05,3.3172397100590854e-05,0.01331636905670166,0.32976838648319245,0.1912461444735527,0.1385222442448139,94.4145278930664,0.47813498973846436,36600.0,7023.0,36600.0
3.31341800532399e-05,3.31341800532399e-05,0.014823102951049804,0.3086530059576035,0.16709797009825705,0.14155503436923028,96.09758758544922,0.4797402858734131,36650.0,7025.0,36650.0
3.3095963005888954e-05,3.3095963005888954e-05,0.015137147903442384,0.33242314159870145,0.1932312823832035,0.1391918584704399,88.30918884277344,0.4916521072387695,36700.0,7062.0,36700.0
3.305774595853799e-05,3.305774595853799e-05,0.014592885971069336,0.3092793494462967,0.1841610535979271,0.12511829808354377,94.72030639648438,0.4788727998733521,36750.0,7015.0,36750.0
3.301952891118701e-05,3.301952891118701e-05,0.013743400573730469,0.3270286679267883,0.1938716672360897,0.1331569954752922,94.14411163330078,0.4793203830718994,36800.0,7013.0,36800.0
3.298131186383608e-05,3.298131186383608e-05,0.012923264503479004,0.3085019886493683,0.1805272050201893,0.12797478809952736,96.75115203857422,0.47383596897125246,36850.0,7057.0,36850.0
3.294309481648513e-05,3.294309481648513e-05,0.0142564058303833,0.30004948675632476,0.16877108812332153,0.13127840235829352,95.27877044677734,0.47936975955963135,36900.0,7015.0,36900.0
3.290487776913419e-05,3.290487776913419e-05,0.012947893142700196,0.30879213511943815,0.16684676334261894,0.14194537401199342,93.70011138916016,0.4762585639953613,36950.0,7013.0,36950.0
3.2866660721783234e-05,3.2866660721783234e-05,0.01360776424407959,0.31544398963451387,0.1792898252606392,0.13615416064858438,94.71639251708984,0.47913322448730467,37000.0,7024.0,37000.0
3.2828443674432315e-05,3.2828443674432315e-05,0.012992382049560547,0.3290468126535416,0.19461977779865264,0.13442703559994698,93.78169250488281,0.4758671998977661,37050.0,7030.0,37050.0
3.279022662708136e-05,3.279022662708136e-05,0.015019726753234864,0.33620583415031435,0.1929681956768036,0.14323763996362687,94.07320404052734,0.4964555025100708,37100.0,7043.0,37100.0
3.2752009579730436e-05,3.2752009579730436e-05,0.016019511222839355,0.3161620497703552,0.1846744440495968,0.13148760721087455,93.28526306152344,0.49414863586425783,37150.0,7042.0,37150.0
3.271379253237951e-05,3.271379253237951e-05,0.01578500270843506,0.32399190217256546,0.18372271731495857,0.14026918560266494,94.20074462890625,0.485017991065979,37200.0,7034.0,37200.0
3.267557548502861e-05,3.267557548502861e-05,0.014471793174743652,0.31599269807338715,0.17976643219590188,0.1362262636423111,94.55532836914062,0.4904519557952881,37250.0,7017.0,37250.0
3.263735843767766e-05,3.263735843767766e-05,0.013564181327819825,0.3279045596718788,0.19390272498130798,0.13400183394551277,89.3697738647461,0.4837164878845215,37300.0,7012.0,37300.0
3.2599141390326744e-05,3.2599141390326744e-05,0.016630721092224122,0.33585905730724336,0.19021596163511276,0.14564309865236283,96.66453552246094,0.479150652885437,37350.0,7020.0,37350.0
3.256092434297579e-05,3.256092434297579e-05,0.013963532447814942,0.3071756973862648,0.172832340747118,0.13434335589408875,96.03691864013672,0.47690615653991697,37400.0,7063.0,37400.0
3.252270729562485e-05,3.252270729562485e-05,0.013727617263793946,0.3262306034564972,0.18409044668078423,0.1421401560306549,93.23806762695312,0.4801648139953613,37450.0,7026.0,37450.0
3.248449024827394e-05,3.248449024827394e-05,0.01530454158782959,0.29722691476345064,0.16508472189307213,0.13214218914508818,95.29712677001953,0.4823693513870239,37500.0,7023.0,37500.0
3.2446273200922965e-05,3.2446273200922965e-05,0.01295320987701416,0.31833851635456084,0.1685710109770298,0.149767504632473,94.6484375,0.4757683277130127,37550.0,7035.0,37550.0
3.240805615357202e-05,3.240805615357202e-05,0.013159751892089844,0.31048367321491244,0.17464820593595504,0.1358354702591896,94.74702453613281,0.477010440826416,37600.0,7022.0,37600.0
3.2369839106221045e-05,3.2369839106221045e-05,0.013602852821350098,0.29263644814491274,0.16732342466711997,0.1253130242228508,93.37940216064453,0.47661895751953126,37650.0,7037.0,37650.0
3.2331622058870105e-05,3.2331622058870105e-05,0.015127277374267578,0.28624937534332273,0.15396856889128685,0.1322808049619198,95.64390563964844,0.47885563373565676,37700.0,7021.0,37700.0
3.2293405011519186e-05,3.2293405011519186e-05,0.015215730667114258,0.30189785212278364,0.1736145570874214,0.12828329503536223,94.7354736328125,0.49069211483001707,37750.0,7004.0,37750.0
3.225518796416825e-05,3.225518796416825e-05,0.01655247211456299,0.28687786161899564,0.16198387518525123,0.12489398196339607,96.22254943847656,0.4888059854507446,37800.0,7025.0,37800.0
3.2216970916817306e-05,3.2216970916817306e-05,0.013211870193481445,0.3236161395907402,0.18416552245616913,0.13945061787962915,92.8111801147461,0.4767379999160767,37850.0,7017.0,37850.0
3.217875386946637e-05,3.217875386946637e-05,0.015105462074279786,0.30785183906555175,0.17104517146945,0.13680666908621789,95.13407135009766,0.4836223840713501,37900.0,7021.0,37900.0
3.21405368221154e-05,3.21405368221154e-05,0.01493818759918213,0.2870763063430786,0.1666914626955986,0.12038484215736389,94.27980041503906,0.47379488945007325,37950.0,7060.0,37950.0
3.210231977476443e-05,3.210231977476443e-05,0.01555168628692627,0.3093002036213875,0.1709987200796604,0.1383014813065529,93.85783386230469,0.48237483501434325,38000.0,7028.0,38000.0
3.206410272741353e-05,3.206410272741353e-05,0.01340324878692627,0.3248168915510178,0.18365979492664336,0.14115709885954858,94.7875747680664,0.4810880184173584,38050.0,7028.0,38050.0
3.20258856800626e-05,3.20258856800626e-05,0.014539074897766114,0.30488436818122866,0.1654183968901634,0.13946597427129745,96.55303955078125,0.4846233367919922,38100.0,7066.0,38100.0
3.198766863271164e-05,3.198766863271164e-05,0.014398288726806641,0.30060043931007385,0.17139185070991517,0.1292085938155651,93.53872680664062,0.48066785335540774,38150.0,7042.0,38150.0
3.19494515853607e-05,3.19494515853607e-05,0.013271236419677734,0.3029457300901413,0.17266901582479477,0.13027671575546265,91.65535736083984,0.4813587427139282,38200.0,7024.0,38200.0
3.191123453800979e-05,3.191123453800979e-05,0.014276981353759766,0.2940171122550964,0.16520256474614142,0.12881454825401306,96.64212036132812,0.4812359571456909,38250.0,7043.0,38250.0
3.187301749065882e-05,3.187301749065882e-05,0.013275671005249023,0.3029117599129677,0.1706891767680645,0.13222258314490318,95.080322265625,0.4747661828994751,38300.0,7028.0,38300.0
3.183480044330787e-05,3.183480044330787e-05,0.013207054138183594,0.3003870040178299,0.15994350090622902,0.14044349938631057,93.32740020751953,0.48004565238952634,38350.0,7048.0,38350.0
3.1796583395956915e-05,3.1796583395956915e-05,0.014172005653381347,0.33079396188259125,0.19218555092811584,0.1386084131896496,89.10472106933594,0.4756969213485718,38400.0,7010.0,38400.0
3.1758366348605996e-05,3.1758366348605996e-05,0.016632604598999023,0.35411654114723207,0.21991066336631776,0.13420588076114653,93.38484191894531,0.4855630874633789,38450.0,7026.0,38450.0
3.172014930125505e-05,3.172014930125505e-05,0.013363909721374512,0.32850112915039065,0.19086984917521477,0.1376312829554081,96.42704010009766,0.47655534744262695,38500.0,7026.0,38500.0
3.168193225390409e-05,3.168193225390409e-05,0.012809848785400391,0.2885619819164276,0.15457920581102372,0.1339827746152878,93.68392944335938,0.48022506237030027,38550.0,7020.0,38550.0
3.1643715206553115e-05,3.1643715206553115e-05,0.013129878044128417,0.2944770723581314,0.15789440423250198,0.13658267110586167,91.74775695800781,0.4735623598098755,38600.0,7049.0,38600.0
3.1605498159202176e-05,3.1605498159202176e-05,0.01369912624359131,0.3678924679756165,0.22576247975230218,0.14212998375296593,92.60285186767578,0.4789377927780151,38650.0,7022.0,38650.0
3.156728111185123e-05,3.156728111185123e-05,0.013024330139160156,0.33769801557064055,0.1995938241481781,0.13810418620705606,92.70338439941406,0.4739380836486816,38700.0,7003.0,38700.0
3.152906406450028e-05,3.152906406450028e-05,0.014217805862426759,0.2780348151922226,0.1500852607190609,0.1279495559632778,95.48434448242188,0.47992424964904784,38750.0,7038.0,38750.0
3.149084701714929e-05,3.149084701714929e-05,0.014119195938110351,0.3129048034548759,0.18380304500460626,0.1291017524898052,90.16371154785156,0.4728390693664551,38800.0,7030.0,38800.0
3.145262996979836e-05,3.145262996979836e-05,0.014721226692199708,0.28164152801036835,0.15310004353523254,0.12854148522019387,96.8011703491211,0.47955663204193116,38850.0,7005.0,38850.0
3.141441292244741e-05,3.141441292244741e-05,0.014836430549621582,0.2974874243140221,0.17421388551592826,0.12327354177832603,94.17839813232422,0.48327710628509524,38900.0,7057.0,38900.0
3.1376195875096496e-05,3.1376195875096496e-05,0.013034749031066894,0.2870558723807335,0.16103607639670373,0.12601979896426202,93.79119873046875,0.4750638961791992,38950.0,7020.0,38950.0
3.1337978827745584e-05,3.1337978827745584e-05,0.012952899932861328,0.35575429499149325,0.21591888889670371,0.13983541280031203,94.00923156738281,0.4793816566467285,39000.0,7013.0,39000.0
3.129976178039465e-05,3.129976178039465e-05,0.01294114589691162,0.338894447684288,0.20647951811552048,0.13241493180394173,96.8587875366211,0.47698709964752195,39050.0,7032.0,39050.0
3.126154473304371e-05,3.126154473304371e-05,0.0132155179977417,0.2972252905368805,0.16621908769011498,0.13100619986653328,91.65171813964844,0.47645547389984133,39100.0,7044.0,39100.0
3.122332768569274e-05,3.122332768569274e-05,0.013026595115661621,0.2861804097890854,0.1578048013150692,0.12837560549378396,96.21825408935547,0.47579996585845946,39150.0,7027.0,39150.0
3.118511063834179e-05,3.118511063834179e-05,0.01319899559020996,0.31777140945196153,0.18785302117466926,0.1299183875322342,90.90047454833984,0.47916011810302733,39200.0,7030.0,39200.0
3.114689359099083e-05,3.114689359099083e-05,0.013268589973449707,0.33164960741996763,0.1942410334944725,0.1374085746705532,93.99663543701172,0.4798960447311401,39250.0,7030.0,39250.0
3.1108676543639945e-05,3.1108676543639945e-05,0.01464846134185791,0.3123186528682709,0.17489039972424508,0.13742825537919998,96.31643676757812,0.48047235012054446,39300.0,7011.0,39300.0
3.1070459496288985e-05,3.1070459496288985e-05,0.013393139839172364,0.3254308491945267,0.18680501356720924,0.1386258378624916,95.12632751464844,0.48002622127532957,39350.0,7052.0,39350.0
3.1032242448938066e-05,3.1032242448938066e-05,0.01750349998474121,0.3388371288776398,0.2034516990184784,0.13538543432950972,90.93151092529297,0.48691933155059813,39400.0,7031.0,39400.0
3.0994025401587085e-05,3.0994025401587085e-05,0.01673414707183838,0.3438887566328049,0.20634432286024093,0.13754443302750588,94.43513488769531,0.4827587604522705,39450.0,7065.0,39450.0
3.0955808354236146e-05,3.0955808354236146e-05,0.014362263679504394,0.29178295135498045,0.1511909358203411,0.14059201627969742,92.30473327636719,0.47949910163879395,39500.0,7028.0,39500.0
3.0917591306885165e-05,3.0917591306885165e-05,0.013041257858276367,0.3361893057823181,0.1932823285460472,0.14290697649121284,94.45051574707031,0.4813620805740356,39550.0,7022.0,39550.0
3.087937425953426e-05,3.087937425953426e-05,0.012891054153442383,0.3695601612329483,0.22476624995470046,0.14479391276836395,82.47583770751953,0.47495198249816895,39600.0,7024.0,39600.0
3.084115721218332e-05,3.084115721218332e-05,0.013088488578796386,0.3025920733809471,0.15784546211361886,0.1447466067969799,93.58391571044922,0.4851078510284424,39650.0,7018.0,39650.0
3.080294016483237e-05,3.080294016483237e-05,0.012996554374694824,0.29184542745351794,0.15689606890082358,0.13494935780763626,93.76630401611328,0.4792441129684448,39700.0,7034.0,39700.0
3.076472311748143e-05,3.076472311748143e-05,0.0130171537399292,0.2980557918548584,0.15580029115080835,0.1422554962337017,95.2608413696289,0.48294267654418943,39750.0,7034.0,39750.0
3.072650607013049e-05,3.072650607013049e-05,0.013657855987548827,0.3519113689661026,0.21579765826463698,0.1361137069761753,92.75373077392578,0.4777230739593506,39800.0,7047.0,39800.0
3.068828902277959e-05,3.068828902277959e-05,0.01479964256286621,0.33462763428688047,0.19098902717232705,0.14363861605525016,95.35995483398438,0.4787042856216431,39850.0,7003.0,39850.0
3.065007197542862e-05,3.065007197542862e-05,0.013458323478698731,0.35301905423402785,0.21369311362504959,0.13932593837380408,91.61320495605469,0.47966954708099363,39900.0,7022.0,39900.0
3.06118549280777e-05,3.06118549280777e-05,0.012978696823120117,0.33046836256980894,0.18976011872291565,0.14070824086666106,93.75774383544922,0.4760542154312134,39950.0,7044.0,39950.0
3.057363788072679e-05,3.057363788072679e-05,0.012952280044555665,0.30558513253927233,0.16826289370656014,0.13732224330306053,94.49381256103516,0.4817974328994751,40000.0,7001.0,40000.0
3.0535420833375815e-05,3.0535420833375815e-05,0.014218568801879883,0.31768329441547394,0.1822813145816326,0.13540197685360908,92.28495025634766,0.48253889083862306,40050.0,7023.0,40050.0
3.0497203786024893e-05,3.0497203786024893e-05,0.015919017791748046,0.3141446679830551,0.18955713436007499,0.12458753362298011,89.55754089355469,0.4891425371170044,40100.0,7066.0,40100.0
3.0458986738673993e-05,3.0458986738673993e-05,0.015625691413879393,0.3642004653811455,0.21434712484478952,0.14985334351658822,87.44632720947266,0.4862954139709473,40150.0,7030.0,40150.0
3.0420769691323094e-05,3.0420769691323094e-05,0.013521742820739747,0.3099269986152649,0.17839334905147552,0.13153364956378938,91.93325805664062,0.47696237564086913,40200.0,7010.0,40200.0
3.0382552643972185e-05,3.0382552643972185e-05,0.013137412071228028,0.3462643131613731,0.20458687990903854,0.1416774295270443,84.96143341064453,0.48150513172149656,40250.0,7033.0,40250.0
3.0344335596621273e-05,3.0344335596621273e-05,0.013267064094543457,0.3807246446609497,0.2302905187010765,0.15043412744998932,95.2225112915039,0.4737890958786011,40300.0,7025.0,40300.0
3.030611854927038e-05,3.030611854927038e-05,0.016304564476013184,0.3545113533735275,0.21939917802810668,0.13511216938495635,95.41858673095703,0.4875504493713379,40350.0,7001.0,40350.0
3.026790150191945e-05,3.026790150191945e-05,0.015255570411682129,0.3140104591846466,0.17361850142478943,0.14039196446537971,94.46955871582031,0.4819709300994873,40400.0,7016.0,40400.0
3.0229684454568555e-05,3.0229684454568555e-05,0.013177943229675294,0.294930973649025,0.17491968348622322,0.12001129090785981,94.19612121582031,0.4738637924194336,40450.0,7030.0,40450.0
3.0191467407217652e-05,3.0191467407217652e-05,0.01684720516204834,0.30659247785806654,0.17993589341640473,0.12665657848119735,93.34882354736328,0.4866187572479248,40500.0,7011.0,40500.0
3.0153250359866747e-05,3.0153250359866747e-05,0.015961575508117675,0.2928535044193268,0.15281617343425752,0.14003732800483704,94.21736145019531,0.488344144821167,40550.0,7033.0,40550.0
3.0115033312515844e-05,3.0115033312515844e-05,0.01385171413421631,0.3115284204483032,0.17300058007240296,0.13852784037590027,96.18616485595703,0.4819453001022339,40600.0,7035.0,40600.0
3.007681626516494e-05,3.007681626516494e-05,0.016091299057006837,0.2868345871567726,0.156301499158144,0.13053309097886084,92.89733123779297,0.48116679191589357,40650.0,7037.0,40650.0
3.0038599217814043e-05,3.0038599217814043e-05,0.014164066314697266,0.32076834738254545,0.1953955575823784,0.12537279054522515,94.2410659790039,0.48279900550842286,40700.0,7004.0,40700.0
3.0000382170463137e-05,3.0000382170463137e-05,0.015667223930358888,0.2822908326983452,0.14814569279551507,0.13414514288306237,95.13702392578125,0.4978417634963989,40750.0,7028.0,40750.0
2.9962165123112227e-05,2.9962165123112227e-05,0.013181543350219727,0.3395926922559738,0.1979866087436676,0.14160608425736426,94.02959442138672,0.48464603424072267,40800.0,7015.0,40800.0
2.9923948075761335e-05,2.9923948075761335e-05,0.01444089412689209,0.29306667298078537,0.16318986788392068,0.1298768050968647,95.37205505371094,0.48489344120025635,40850.0,7032.0,40850.0
2.988573102841042e-05,2.988573102841042e-05,0.013259959220886231,0.2937111362814903,0.16762761473655702,0.12608352601528167,96.25617980957031,0.4666744232177734,40900.0,7007.0,40900.0
2.984751398105951e-05,2.984751398105951e-05,0.015342187881469727,0.3055617079138756,0.17294166907668113,0.13262003660202026,94.12702178955078,0.4780713081359863,40950.0,7017.0,40950.0
2.9809296933708604e-05,2.9809296933708604e-05,0.01652066707611084,0.33535118252038953,0.2002661257982254,0.1350850574672222,90.587646484375,0.4980907678604126,41000.0,7013.0,41000.0
2.9771079886357685e-05,2.9771079886357685e-05,0.015122365951538087,0.3243458092212677,0.18471595048904418,0.13962985575199127,92.63776397705078,0.4873340368270874,41050.0,7005.0,41050.0
2.9732862839006775e-05,2.9732862839006775e-05,0.013986539840698243,0.29606173038482664,0.16126429215073584,0.13479743599891664,93.98255920410156,0.4815283060073853,41100.0,7065.0,41100.0
2.969464579165587e-05,2.969464579165587e-05,0.014891409873962402,0.27408781796693804,0.15589012801647187,0.1181976929306984,96.79854583740234,0.48211069107055665,41150.0,7033.0,41150.0
2.9656428744304947e-05,2.9656428744304947e-05,0.015144562721252442,0.34384573698043824,0.21114646196365355,0.13269927352666855,92.72664642333984,0.48144505023956297,41200.0,7020.0,41200.0
2.9618211696954048e-05,2.9618211696954048e-05,0.012981557846069336,0.3267502784729004,0.18264541253447533,0.14410486668348313,93.25550079345703,0.47761712074279783,41250.0,7017.0,41250.0
2.957999464960314e-05,2.957999464960314e-05,0.016315627098083495,0.3321747943758965,0.19625745415687562,0.13591734021902085,97.42823028564453,0.4882277250289917,41300.0,7021.0,41300.0
2.954177760225224e-05,2.954177760225224e-05,0.013114070892333985,0.29781719446182253,0.15920865163207054,0.13860854059457778,95.88008117675781,0.47620880603790283,41350.0,7017.0,41350.0
2.9503560554901323e-05,2.9503560554901323e-05,0.012996649742126465,0.29737168103456496,0.1652153767645359,0.1321563020348549,94.96419525146484,0.472861123085022,41400.0,7033.0,41400.0
2.9465343507550424e-05,2.9465343507550424e-05,0.013343715667724609,0.26987060308456423,0.1342265099287033,0.13564409092068672,96.3646011352539,0.47982423305511473,41450.0,7006.0,41450.0
2.94271264601995e-05,2.94271264601995e-05,0.017218375205993654,0.3352111950516701,0.18634794354438783,0.1488632544875145,96.6035385131836,0.49211716651916504,41500.0,7068.0,41500.0
2.9388909412848596e-05,2.9388909412848596e-05,0.015300750732421875,0.3478797048330307,0.21267825439572335,0.13520145788788795,87.09869384765625,0.4956618309020996,41550.0,7033.0,41550.0
2.9350692365497696e-05,2.9350692365497696e-05,0.014287209510803223,0.2942085534334183,0.15570785477757454,0.13850070387125016,93.867919921875,0.4774364948272705,41600.0,6997.0,41600.0
2.9312475318146777e-05,2.9312475318146777e-05,0.013341474533081054,0.26455073356628417,0.14027579948306085,0.12427493408322335,97.61792755126953,0.47250986099243164,41650.0,6999.0,41650.0
2.9274258270795878e-05,2.9274258270795878e-05,0.014343452453613282,0.2867012321949005,0.15844650715589523,0.1282547228038311,96.21918487548828,0.48605320453643797,41700.0,7031.0,41700.0
2.923604122344498e-05,2.923604122344498e-05,0.015626955032348632,0.319385239481926,0.18618125841021538,0.133203986287117,92.82540130615234,0.4832098722457886,41750.0,7019.0,41750.0
2.919782417609407e-05,2.919782417609407e-05,0.012997579574584962,0.36277393996715546,0.21360081285238267,0.1491731323301792,94.64266967773438,0.4809825897216797,41800.0,7058.0,41800.0
2.9159607128743154e-05,2.9159607128743154e-05,0.014615631103515625,0.2867880895733833,0.15121764093637466,0.13557044938206672,96.05848693847656,0.47900187969207764,41850.0,7017.0,41850.0
2.9121390081392244e-05,2.9121390081392244e-05,0.01376502513885498,0.2689691185951233,0.14900229200720788,0.11996682733297348,93.34010314941406,0.48187267780303955,41900.0,7028.0,41900.0
2.908317303404135e-05,2.908317303404135e-05,0.014888811111450195,0.3389259487390518,0.20245831310749055,0.13646763563156128,93.53553009033203,0.48977844715118407,41950.0,7027.0,41950.0
2.9044955986690446e-05,2.9044955986690446e-05,0.014334440231323242,0.28209612518548965,0.1387777365744114,0.1433183878660202,95.59593200683594,0.4742385149002075,42000.0,7056.0,42000.0
2.900673893933954e-05,2.900673893933954e-05,0.015942478179931642,0.2725722700357437,0.15125980898737906,0.1213124617934227,94.6186294555664,0.4770700931549072,42050.0,7051.0,42050.0
2.8968521891988645e-05,2.8968521891988645e-05,0.01571528911590576,0.2916312277317047,0.1665085680782795,0.12512266039848327,95.14962005615234,0.4831423044204712,42100.0,7053.0,42100.0
2.893030484463774e-05,2.893030484463774e-05,0.013809728622436523,0.3362774282693863,0.20731718242168426,0.1289602443575859,92.5938949584961,0.4781167507171631,42150.0,7038.0,42150.0
2.8892087797286823e-05,2.8892087797286823e-05,0.013008427619934083,0.29186695367097854,0.14948729276657105,0.14237965494394303,94.36312103271484,0.4782490491867065,42200.0,6997.0,42200.0
2.8853870749935913e-05,2.8853870749935913e-05,0.0165499210357666,0.3035071179270744,0.17320912852883338,0.13029798865318298,95.67613983154297,0.4821756601333618,42250.0,7029.0,42250.0
2.8815653702584997e-05,2.8815653702584997e-05,0.014604306221008301,0.31034932732582093,0.17917330265045167,0.13117602989077567,94.98128509521484,0.48128840923309324,42300.0,7071.0,42300.0
2.8777436655234078e-05,2.8777436655234078e-05,0.013097500801086426,0.3252724677324295,0.18290395215153693,0.14236851781606674,88.7413101196289,0.47672252655029296,42350.0,7008.0,42350.0
2.8739219607883186e-05,2.8739219607883186e-05,0.015059590339660645,0.3415484860539436,0.2020953767001629,0.13945311382412912,94.34526062011719,0.4804523229598999,42400.0,7035.0,42400.0
2.870100256053227e-05,2.870100256053227e-05,0.01442420482635498,0.29865204989910127,0.16589272320270537,0.13275933116674424,93.80949401855469,0.4781812191009521,42450.0,7035.0,42450.0
2.8662785513181354e-05,2.8662785513181354e-05,0.017473888397216798,0.31784804463386535,0.18517081066966057,0.13267723321914673,90.95367431640625,0.48717355728149414,42500.0,7054.0,42500.0
2.8624568465830444e-05,2.8624568465830444e-05,0.016797399520874022,0.3027286261320114,0.15970880389213563,0.1430198185145855,96.10209655761719,0.483847975730896,42550.0,7053.0,42550.0
2.8586351418479542e-05,2.8586351418479542e-05,0.013507342338562012,0.2980005532503128,0.16706089973449706,0.13093964904546737,95.33732604980469,0.47980532646179197,42600.0,7023.0,42600.0
2.8548134371128643e-05,2.8548134371128643e-05,0.01619675159454346,0.3226718455553055,0.18358004987239837,0.139091794192791,95.56929779052734,0.48880064487457275,42650.0,7025.0,42650.0
2.8509917323777734e-05,2.8509917323777734e-05,0.013164901733398437,0.2935695379972458,0.16666655465960503,0.1269029848277569,92.38833618164062,0.4776717185974121,42700.0,7084.0,42700.0
2.8471700276426828e-05,2.8471700276426828e-05,0.016054797172546386,0.28388659507036207,0.13763341531157494,0.14625317454338074,96.96148681640625,0.482795262336731,42750.0,7039.0,42750.0
2.8433483229075915e-05,2.8433483229075915e-05,0.015975809097290038,0.29822404086589815,0.1675734281539917,0.1306506149470806,94.91487884521484,0.48403043746948243,42800.0,7045.0,42800.0
2.8395266181725016e-05,2.8395266181725016e-05,0.013344979286193848,0.3404591828584671,0.1932576060295105,0.14720157533884048,93.98210144042969,0.48061304092407225,42850.0,7044.0,42850.0
2.8357049134374134e-05,2.8357049134374134e-05,0.013053154945373536,0.35607571005821226,0.21662848070263863,0.13944723084568977,96.1574935913086,0.4773289203643799,42900.0,7031.0,42900.0
2.831883208702324e-05,2.831883208702324e-05,0.01320505142211914,0.30217976570129396,0.1735219292342663,0.12865783721208573,94.61026763916016,0.47475900650024416,42950.0,7012.0,42950.0
2.828061503967234e-05,2.828061503967234e-05,0.01380143165588379,0.34533649384975434,0.21786864325404168,0.1274678513407707,95.91466522216797,0.4905336856842041,43000.0,7035.0,43000.0
2.824239799232144e-05,2.824239799232144e-05,0.01333158016204834,0.2825207978487015,0.16219889745116234,0.12032190263271332,94.50209045410156,0.47456557750701905,43050.0,7037.0,43050.0
2.8204180944970527e-05,2.8204180944970527e-05,0.014427685737609863,0.27006963789463045,0.13932152464985847,0.13074811324477195,96.29588317871094,0.4789900541305542,43100.0,7040.0,43100.0
2.8165963897619635e-05,2.8165963897619635e-05,0.013202905654907227,0.3012715071439743,0.1711137630045414,0.1301577478647232,94.0689468383789,0.4764648199081421,43150.0,7008.0,43150.0
2.8127746850268756e-05,2.8127746850268756e-05,0.013147187232971192,0.34939349442720413,0.21417850255966187,0.13521498143672944,94.07415771484375,0.4793456315994263,43200.0,7019.0,43200.0
2.8089529802917847e-05,2.8089529802917847e-05,0.014452123641967773,0.2951732575893402,0.1596013754606247,0.1355718769133091,93.06095123291016,0.4758986234664917,43250.0,7051.0,43250.0
2.8051312755566945e-05,2.8051312755566945e-05,0.01444072723388672,0.29884147047996523,0.17075328677892684,0.1280881866812706,95.85311126708984,0.4765744924545288,43300.0,7037.0,43300.0
2.801309570821604e-05,2.801309570821604e-05,0.014066624641418456,0.29007657766342165,0.15446024090051652,0.13561633601784706,97.04839324951172,0.48175458908081054,43350.0,7024.0,43350.0
2.7974878660865126e-05,2.7974878660865126e-05,0.013148784637451172,0.34801346957683565,0.1891498513519764,0.158863615244627,92.96100616455078,0.4774371385574341,43400.0,7005.0,43400.0
2.7936661613514213e-05,2.7936661613514213e-05,0.012946438789367676,0.31645977795124053,0.1767657034099102,0.13969407454133034,95.36768341064453,0.4832471370697021,43450.0,7014.0,43450.0
2.789844456616331e-05,2.789844456616331e-05,0.013060903549194336,0.30905876457691195,0.17855229899287223,0.1305064618587494,93.4234390258789,0.4748033046722412,43500.0,6990.0,43500.0
2.78602275188124e-05,2.78602275188124e-05,0.014638447761535644,0.27061092257499697,0.14207087829709053,0.12854004204273223,95.26184844970703,0.48829972743988037,43550.0,7032.0,43550.0
2.782201047146149e-05,2.782201047146149e-05,0.013683104515075683,0.2759664550423622,0.15026672333478927,0.12569972947239877,96.39409637451172,0.47776165008544924,43600.0,7014.0,43600.0
2.7783793424110593e-05,2.7783793424110593e-05,0.01436922550201416,0.29815139919519423,0.17818429619073867,0.11996710225939751,96.72160339355469,0.48158266544342043,43650.0,7032.0,43650.0
2.7745576376759688e-05,2.7745576376759688e-05,0.017270374298095702,0.2747520297765732,0.14867060258984566,0.1260814316570759,94.53948211669922,0.48744978904724123,43700.0,7006.0,43700.0
2.7707359329408792e-05,2.7707359329408792e-05,0.013338279724121094,0.33860369622707365,0.1971162185072899,0.14148747846484183,87.50945281982422,0.48056912422180176,43750.0,7051.0,43750.0
2.7669142282057876e-05,2.7669142282057876e-05,0.012979459762573243,0.2808548599481583,0.1540141709148884,0.1268406890332699,95.10862731933594,0.4804960012435913,43800.0,7049.0,43800.0
2.7630925234706973e-05,2.7630925234706973e-05,0.013067102432250977,0.34559279680252075,0.20291821509599686,0.14267458468675615,85.45056915283203,0.47726380825042725,43850.0,7015.0,43850.0
2.7592708187356078e-05,2.7592708187356078e-05,0.013136696815490723,0.3198254734277725,0.1775185599923134,0.142306911945343,91.47286987304688,0.47422587871551514,43900.0,7077.0,43900.0
2.7554491140005172e-05,2.7554491140005172e-05,0.012911748886108399,0.322679340839386,0.18726785928010942,0.13541148602962494,92.2861557006836,0.47569665908813474,43950.0,7029.0,43950.0
2.7516274092654266e-05,2.7516274092654266e-05,0.012853717803955078,0.34746204912662504,0.2004383385181427,0.1470237098634243,93.24394226074219,0.482792067527771,44000.0,7000.0,44000.0
2.747805704530337e-05,2.747805704530337e-05,0.016532111167907714,0.32689418345689775,0.19417374804615975,0.132720435410738,93.45377349853516,0.4989818572998047,44050.0,7014.0,44050.0
2.7439839997952468e-05,2.7439839997952468e-05,0.0160236120223999,0.2779200151562691,0.14746895506978036,0.13045106306672097,95.93650817871094,0.49714739322662355,44100.0,6996.0,44100.0
2.740162295060157e-05,2.740162295060157e-05,0.013935613632202148,0.27847052812576295,0.14986274838447572,0.12860777750611305,94.9900131225586,0.4815099239349365,44150.0,7025.0,44150.0
2.736340590325066e-05,2.736340590325066e-05,0.014321327209472656,0.274900820851326,0.15181411802768707,0.12308670431375504,94.33145904541016,0.4932060956954956,44200.0,6990.0,44200.0
2.7325188855899754e-05,2.7325188855899754e-05,0.012919187545776367,0.3256189376115799,0.1882974736392498,0.13732146844267845,94.65602111816406,0.4767977476119995,44250.0,7053.0,44250.0
2.7286971808548855e-05,2.7286971808548855e-05,0.013800954818725586,0.27077434211969376,0.1418328084051609,0.1289415292441845,93.1619644165039,0.48492000102996824,44300.0,7065.0,44300.0
2.724875476119795e-05,2.724875476119795e-05,0.013808250427246094,0.33907746970653535,0.1973357155919075,0.14174175262451172,94.98993682861328,0.4820250034332275,44350.0,7057.0,44350.0
2.7210537713847043e-05,2.7210537713847043e-05,0.014595389366149902,0.26837089508771894,0.14179742857813835,0.12657347097992896,97.02430725097656,0.47800912857055666,44400.0,7013.0,44400.0
2.7172320666496147e-05,2.7172320666496147e-05,0.015859436988830567,0.2964808866381645,0.17259371280670166,0.12388717234134675,92.25953674316406,0.48951220512390137,44450.0,7018.0,44450.0
2.713410361914522e-05,2.713410361914522e-05,0.013313841819763184,0.3299106925725937,0.19375687465071678,0.13615381643176078,94.35311126708984,0.47781970500946047,44500.0,7016.0,44500.0
2.709588657179433e-05,2.709588657179433e-05,0.012934184074401856,0.30736454725265505,0.16999941393733026,0.13736513406038284,95.95986938476562,0.48300018310546877,44550.0,7017.0,44550.0
2.7057669524443423e-05,2.7057669524443423e-05,0.017402911186218263,0.28507043719291686,0.16221331432461739,0.12285712212324143,94.29834747314453,0.4794980525970459,44600.0,7012.0,44600.0
2.701945247709251e-05,2.701945247709251e-05,0.01307528018951416,0.30070125460624697,0.17169176191091537,0.12900949716567994,93.48960876464844,0.476225471496582,44650.0,7069.0,44650.0
2.698123542974159e-05,2.698123542974159e-05,0.01313014030456543,0.31588865965604784,0.18358098864555358,0.13230767250061035,96.96611022949219,0.4789250612258911,44700.0,7060.0,44700.0
2.694301838239069e-05,2.694301838239069e-05,0.015027356147766114,0.31569466888904574,0.18417397439479827,0.13152069076895714,95.8408432006836,0.49000675678253175,44750.0,7017.0,44750.0
2.690480133503979e-05,2.690480133503979e-05,0.014100050926208496,0.30754789859056475,0.17586283758282661,0.1316850572824478,94.5511245727539,0.4820531368255615,44800.0,7025.0,44800.0
2.686658428768888e-05,2.686658428768888e-05,0.015271496772766114,0.3218437597155571,0.19379367604851722,0.1280500866472721,94.7314453125,0.4802146673202515,44850.0,7032.0,44850.0
2.682836724033798e-05,2.682836724033798e-05,0.014701247215270996,0.3333384543657303,0.18594959676265715,0.14738886207342147,95.04627990722656,0.4815958261489868,44900.0,7000.0,44900.0
2.6790150192987092e-05,2.6790150192987092e-05,0.013073229789733886,0.3091195642948151,0.17660721018910408,0.13251235634088515,95.0224838256836,0.47794878482818604,44950.0,7047.0,44950.0
2.67519331456362e-05,2.67519331456362e-05,0.013253474235534668,0.3074631363153458,0.17853908240795135,0.12892405241727828,94.14806365966797,0.4782435894012451,45000.0,6999.0,45000.0
2.6713716098285294e-05,2.6713716098285294e-05,0.015206122398376464,0.3173324793577194,0.18321917355060577,0.1341133065521717,91.876220703125,0.48412814140319826,45050.0,7042.0,45050.0
2.6675499050934384e-05,2.6675499050934384e-05,0.015666723251342773,0.2827994614839554,0.1487764187157154,0.13402304351329802,93.98715209960938,0.4821028232574463,45100.0,7045.0,45100.0
2.6637282003583482e-05,2.6637282003583482e-05,0.01641714572906494,0.2931366115808487,0.16093072295188904,0.13220589011907577,93.39571380615234,0.48427298069000246,45150.0,7013.0,45150.0
2.6599064956232573e-05,2.6599064956232573e-05,0.015571379661560058,0.33180563896894455,0.1804181270301342,0.1513875149190426,94.64248657226562,0.4840090274810791,45200.0,7030.0,45200.0
2.656084790888168e-05,2.656084790888168e-05,0.012537407875061034,0.26632822304964066,0.13948087394237518,0.12684734910726547,92.72126770019531,0.473797345161438,45250.0,7039.0,45250.0
2.6522630861530785e-05,2.6522630861530785e-05,0.014397621154785156,0.26846406161785125,0.13222980722784997,0.13623425513505935,95.04438018798828,0.47930240631103516,45300.0,7021.0,45300.0
2.648441381417988e-05,2.648441381417988e-05,0.013181471824645996,0.30756115913391113,0.17451386600732804,0.13304729610681534,95.68374633789062,0.47389423847198486,45350.0,7025.0,45350.0
2.6446196766828973e-05,2.6446196766828973e-05,0.012432217597961426,0.2984934836626053,0.16858977898955346,0.1299037054181099,95.04569244384766,0.47139945030212405,45400.0,7034.0,45400.0
2.6407979719478074e-05,2.6407979719478074e-05,0.012468075752258301,0.3060979887843132,0.17279920279979705,0.13329878747463225,94.62883758544922,0.47208120822906496,45450.0,7014.0,45450.0
2.6369762672127185e-05,2.6369762672127185e-05,0.014697957038879394,0.28121824115514754,0.14088380560278893,0.14033444002270698,91.28251647949219,0.4809422969818115,45500.0,7003.0,45500.0
2.6331545624776272e-05,2.6331545624776272e-05,0.014321088790893555,0.2793711796402931,0.1436518095433712,0.13571936562657355,94.20256042480469,0.48704617023468016,45550.0,7052.0,45550.0
2.6293328577425373e-05,2.6293328577425373e-05,0.01251232624053955,0.32995363771915437,0.19059504196047783,0.13935860097408295,95.46516418457031,0.4794387578964233,45600.0,7024.0,45600.0
2.6255111530074488e-05,2.6255111530074488e-05,0.01622898578643799,0.3072079733014107,0.1618289068341255,0.14537906870245934,87.72814178466797,0.4856561183929443,45650.0,7012.0,45650.0
2.6216894482723592e-05,2.6216894482723592e-05,0.015859270095825197,0.3228373914957047,0.19294023513793945,0.1298971526324749,95.40862274169922,0.48035948276519774,45700.0,7019.0,45700.0
2.6178677435372703e-05,2.6178677435372703e-05,0.012579250335693359,0.32402159869670866,0.18984733894467354,0.13417425975203515,92.78955078125,0.4738683938980103,45750.0,7022.0,45750.0
2.614046038802181e-05,2.614046038802181e-05,0.013107109069824218,0.31254683434963226,0.1769995205104351,0.13554731085896493,95.20368957519531,0.4692587375640869,45800.0,7045.0,45800.0
2.610224334067091e-05,2.610224334067091e-05,0.014718437194824218,0.2813608780503273,0.15216683521866797,0.12919403985142708,94.6443099975586,0.473895263671875,45850.0,7011.0,45850.0
2.606402629332001e-05,2.606402629332001e-05,0.01255347728729248,0.3170254334807396,0.17559901028871536,0.14142642244696618,95.45114135742188,0.4807039976119995,45900.0,7013.0,45900.0
2.6025809245969093e-05,2.6025809245969093e-05,0.01257011890411377,0.2836747646331787,0.15203713551163672,0.13163763359189035,93.96797943115234,0.47092690467834475,45950.0,7048.0,45950.0
2.5987592198618194e-05,2.5987592198618194e-05,0.013611960411071777,0.3341696411371231,0.19433572590351106,0.13983391523361205,93.6703109741211,0.47726500034332275,46000.0,7014.0,46000.0
2.594937515126729e-05,2.594937515126729e-05,0.01274120807647705,0.2583128660917282,0.13512284755706788,0.1231900192797184,90.3886489868164,0.4778313636779785,46050.0,7028.0,46050.0
2.5911158103916393e-05,2.5911158103916393e-05,0.012698221206665038,0.3244162142276764,0.18989410474896432,0.13452211245894433,93.52725982666016,0.47507486343383787,46100.0,7017.0,46100.0
2.58729410565655e-05,2.58729410565655e-05,0.014126062393188477,0.2877032428979874,0.15733171105384827,0.13037153109908103,96.17822265625,0.4779622793197632,46150.0,7033.0,46150.0
2.5834724009214608e-05,2.5834724009214608e-05,0.012404060363769532,0.29495601654052733,0.15973813012242316,0.1352178819477558,87.62068176269531,0.4767233610153198,46200.0,7042.0,46200.0
2.5796506961863706e-05,2.5796506961863706e-05,0.015222954750061034,0.2991614267230034,0.1598457783460617,0.1393156483769417,94.16022491455078,0.48193676471710206,46250.0,7025.0,46250.0
2.575828991451279e-05,2.575828991451279e-05,0.014585280418395996,0.27171139419078827,0.14958695322275162,0.12212444171309471,95.4139404296875,0.493448805809021,46300.0,7003.0,46300.0
2.5720072867161894e-05,2.5720072867161894e-05,0.012488460540771485,0.25914031714200975,0.1292572759091854,0.12988304048776628,93.24563598632812,0.47581963539123534,46350.0,7057.0,46350.0
2.5681855819811e-05,2.5681855819811e-05,0.01249237060546875,0.2776595801115036,0.1461051620543003,0.13155441954731942,95.8241958618164,0.47611379623413086,46400.0,7029.0,46400.0
2.564363877246012e-05,2.564363877246012e-05,0.014337491989135743,0.3139231100678444,0.17925210297107697,0.13467100784182548,96.15873718261719,0.47916669845581056,46450.0,7008.0,46450.0
2.5605421725109224e-05,2.5605421725109224e-05,0.012538719177246093,0.3321123093366623,0.19009142890572547,0.14202088117599487,92.54314422607422,0.4766168832778931,46500.0,7047.0,46500.0
2.556720467775833e-05,2.556720467775833e-05,0.013808560371398926,0.3009190812706947,0.16210737824440002,0.13881170079112054,94.71698760986328,0.4806694746017456,46550.0,7015.0,46550.0
2.5528987630407436e-05,2.5528987630407436e-05,0.01338057518005371,0.30522541850805285,0.1761914797127247,0.1290339395403862,94.90548706054688,0.47598345279693605,46600.0,7030.0,46600.0
2.5490770583056533e-05,2.5490770583056533e-05,0.013392186164855957,0.32344644516706467,0.18655949085950851,0.13688695877790452,94.69915771484375,0.47995853424072266,46650.0,7031.0,46650.0
2.545255353570563e-05,2.545255353570563e-05,0.013105082511901855,0.3070217102766037,0.1628169171512127,0.14420479536056519,94.156005859375,0.48037109375,46700.0,7036.0,46700.0
2.5414336488354742e-05,2.5414336488354742e-05,0.012690019607543946,0.33492827266454694,0.20243373923003674,0.13249452859163285,96.43280792236328,0.47405829429626467,46750.0,7006.0,46750.0
2.5376119441003843e-05,2.5376119441003843e-05,0.01482534408569336,0.30296856760978697,0.17619572281837464,0.12677283957600594,93.4390640258789,0.48014814853668214,46800.0,7042.0,46800.0
2.5337902393652947e-05,2.5337902393652947e-05,0.016321372985839844,0.2988070994615555,0.16146326288580895,0.13734383285045623,94.31752014160156,0.48266398906707764,46850.0,7022.0,46850.0
2.5299685346302058e-05,2.5299685346302058e-05,0.015228366851806641,0.33567786663770677,0.1981840193271637,0.13749385103583336,90.79475402832031,0.48593854904174805,46900.0,7032.0,46900.0
2.5261468298951162e-05,2.5261468298951162e-05,0.01353456974029541,0.28225880563259126,0.15094480141997338,0.13131400644779206,95.77680969238281,0.4904130697250366,46950.0,7033.0,46950.0
2.5223251251600267e-05,2.5223251251600267e-05,0.013804793357849121,0.3260662406682968,0.19291443079710008,0.133151812851429,96.52991485595703,0.48028881549835206,47000.0,7016.0,47000.0
2.5185034204249354e-05,2.5185034204249354e-05,0.012659168243408203,0.32228573858737947,0.1961098089814186,0.12617592439055442,94.79993438720703,0.46957988739013673,47050.0,7011.0,47050.0
2.514681715689845e-05,2.514681715689845e-05,0.014050817489624024,0.2778769195079803,0.1540530204772949,0.12382390201091767,96.84990692138672,0.4816328287124634,47100.0,7027.0,47100.0
2.5108600109547546e-05,2.5108600109547546e-05,0.01255629062652588,0.2974493458867073,0.1531605064868927,0.14428884014487267,97.27985382080078,0.4783440589904785,47150.0,7030.0,47150.0
2.5070383062196647e-05,2.5070383062196647e-05,0.013160276412963866,0.2862504363059998,0.1586938925087452,0.12755653858184815,94.61253356933594,0.47838151454925537,47200.0,7025.0,47200.0
2.5032166014845737e-05,2.5032166014845737e-05,0.012690305709838867,0.2967517301440239,0.17298484444618226,0.12376688495278358,90.59700775146484,0.48148484230041505,47250.0,7044.0,47250.0
2.4993948967494825e-05,2.4993948967494825e-05,0.013862705230712891,0.3149291813373566,0.17866628617048264,0.13626289442181588,95.03407287597656,0.4804919481277466,47300.0,6995.0,47300.0
2.495573192014393e-05,2.495573192014393e-05,0.012978124618530273,0.3005215585231781,0.1612569123506546,0.13926464840769767,93.87041473388672,0.4762550115585327,47350.0,7023.0,47350.0
2.4917514872793033e-05,2.4917514872793033e-05,0.015833020210266113,0.29779248535633085,0.176721478253603,0.12107100784778595,94.49858856201172,0.4813904047012329,47400.0,6996.0,47400.0
2.4879297825442144e-05,2.4879297825442144e-05,0.015416312217712402,0.30458955466747284,0.16527899652719497,0.13931056261062622,94.21405792236328,0.4861999273300171,47450.0,7078.0,47450.0
2.484108077809124e-05,2.484108077809124e-05,0.01249837875366211,0.30533629953861235,0.1636926308274269,0.14164367243647574,95.19664764404297,0.47840104103088377,47500.0,7053.0,47500.0
2.4802863730740346e-05,2.4802863730740346e-05,0.013791489601135253,0.342904768884182,0.20377452820539474,0.13913024216890335,93.90531921386719,0.4774055480957031,47550.0,7037.0,47550.0
2.4764646683389447e-05,2.4764646683389447e-05,0.01572744846343994,0.30773985683918,0.17309989482164384,0.1346399664878845,91.9827651977539,0.4846042633056641,47600.0,7022.0,47600.0
2.472642963603854e-05,2.472642963603854e-05,0.013274621963500977,0.292454206943512,0.16448514610528947,0.12796906903386115,91.46021270751953,0.4784281253814697,47650.0,6996.0,47650.0
2.4688212588687635e-05,2.4688212588687635e-05,0.015617012977600098,0.29021924585103986,0.16280698105692865,0.12741226330399513,93.51298522949219,0.4794948577880859,47700.0,7064.0,47700.0
2.4649995541336733e-05,2.4649995541336733e-05,0.014582252502441407,0.30890303254127505,0.17407210022211075,0.13483093082904815,96.15916442871094,0.49213006496429446,47750.0,7022.0,47750.0
2.4611778493985834e-05,2.4611778493985834e-05,0.014809584617614746,0.3048099458217621,0.1658637024462223,0.1389462433755398,92.91532897949219,0.49945988655090334,47800.0,7065.0,47800.0
2.4573561446634925e-05,2.4573561446634925e-05,0.01481468677520752,0.28925553262233733,0.16448173969984053,0.12477379515767098,93.14656066894531,0.4918915510177612,47850.0,7005.0,47850.0
2.4535344399284036e-05,2.4535344399284036e-05,0.015705561637878417,0.28502483367919923,0.15733031705021858,0.12769452184438707,95.83539581298828,0.4798464775085449,47900.0,7010.0,47900.0
2.4497127351933143e-05,2.4497127351933143e-05,0.014109206199645997,0.33011955916881563,0.18210773169994354,0.14801182970404625,96.69053649902344,0.47641355991363527,47950.0,7029.0,47950.0
2.4458910304582248e-05,2.4458910304582248e-05,0.014333510398864746,0.30209170579910277,0.1625182643532753,0.13957344144582748,92.52049255371094,0.4816878795623779,48000.0,7051.0,48000.0
2.4420693257231342e-05,2.4420693257231342e-05,0.012532663345336915,0.34183714985847474,0.20752569064497947,0.13431145995855331,89.86653900146484,0.47871105670928954,48050.0,7025.0,48050.0
2.438247620988045e-05,2.438247620988045e-05,0.01260073184967041,0.2828546568751335,0.15886141285300254,0.12399324700236321,95.68712615966797,0.47582006454467773,48100.0,7002.0,48100.0
2.4344259162529537e-05,2.4344259162529537e-05,0.012528038024902344,0.3141134396195412,0.1765492230653763,0.1375642165541649,94.02840423583984,0.47409489154815676,48150.0,7020.0,48150.0
2.4306042115178645e-05,2.4306042115178645e-05,0.012617778778076173,0.32988000512123106,0.18720422834157943,0.14267577081918717,94.09026336669922,0.47864346504211425,48200.0,7016.0,48200.0
2.426782506782776e-05,2.426782506782776e-05,0.012981247901916505,0.28106285631656647,0.1520905040204525,0.12897235676646232,93.01254272460938,0.47503936290740967,48250.0,7071.0,48250.0
2.4229608020476863e-05,2.4229608020476863e-05,0.012735223770141602,0.3272956281900406,0.18629511669278145,0.14100051522254944,93.31394958496094,0.473533034324646,48300.0,7062.0,48300.0
2.4191390973125964e-05,2.4191390973125964e-05,0.0126570463180542,0.2757095992565155,0.1466405287384987,0.12906907573342324,96.29098510742188,0.47609829902648926,48350.0,7043.0,48350.0
2.4153173925775075e-05,2.4153173925775075e-05,0.012725305557250977,0.30923932492733003,0.16354742050170898,0.1456919051706791,93.3866195678711,0.4772625923156738,48400.0,7018.0,48400.0
2.411495687842418e-05,2.411495687842418e-05,0.012981677055358886,0.2664048790931702,0.1393841989338398,0.12702068239450454,95.48270416259766,0.47882249355316164,48450.0,7035.0,48450.0
2.4076739831073277e-05,2.4076739831073277e-05,0.012639427185058593,0.30619112849235536,0.17453248128294946,0.1316586472094059,96.60148620605469,0.47813777923583983,48500.0,7033.0,48500.0
2.4038522783722385e-05,2.4038522783722385e-05,0.012743806838989258,0.28713303804397583,0.15004278346896172,0.1370902515947819,96.4344482421875,0.471733832359314,48550.0,7048.0,48550.0
2.4000305736371493e-05,2.4000305736371493e-05,0.014799118041992188,0.30805414319038393,0.17753074169158936,0.13052340224385262,96.15428924560547,0.4747102975845337,48600.0,7030.0,48600.0
2.3962088689020607e-05,2.3962088689020607e-05,0.012732648849487304,0.3205362379550934,0.1911182440817356,0.12941799685359,94.44209289550781,0.47217860221862795,48650.0,7054.0,48650.0
2.3923871641669698e-05,2.3923871641669698e-05,0.012793350219726562,0.28804521411657336,0.16795947179198265,0.12008574530482292,90.80329895019531,0.47154808044433594,48700.0,7034.0,48700.0
2.3885654594318795e-05,2.3885654594318795e-05,0.012718892097473145,0.2601521238684654,0.13116835467517377,0.12898377180099488,95.87337493896484,0.47406959533691406,48750.0,7035.0,48750.0
2.3847437546967886e-05,2.3847437546967886e-05,0.012685346603393554,0.28667452931404114,0.15424525886774063,0.13242927119135856,96.6216049194336,0.47135894298553466,48800.0,7044.0,48800.0
2.3809220499617e-05,2.3809220499617e-05,0.013209390640258788,0.340316179394722,0.2066091813147068,0.1337070047855377,90.64007568359375,0.47463531494140626,48850.0,7047.0,48850.0
2.3771003452266115e-05,2.3771003452266115e-05,0.014069747924804688,0.3207716703414917,0.1915643908083439,0.12920728400349618,96.19845581054688,0.47845094203948973,48900.0,7028.0,48900.0
2.3732786404915213e-05,2.3732786404915213e-05,0.013713216781616211,0.31203266233205795,0.16871467232704163,0.1433179885149002,93.69828033447266,0.4789323091506958,48950.0,7039.0,48950.0
2.3694569357564327e-05,2.3694569357564327e-05,0.013374972343444824,0.29843789935112,0.16127314940094947,0.13716474175453186,94.13713836669922,0.47545411586761477,49000.0,7032.0,49000.0
2.3656352310213438e-05,2.3656352310213438e-05,0.01271512508392334,0.30902501940727234,0.17508858814835548,0.13393642902374267,95.52172088623047,0.478304123878479,49050.0,7024.0,49050.0
2.3618135262862515e-05,2.3618135262862515e-05,0.013194847106933593,0.2843591973185539,0.161099723726511,0.12325946986675262,94.96623992919922,0.47869253158569336,49100.0,7028.0,49100.0
2.357991821551162e-05,2.357991821551162e-05,0.012632274627685547,0.2853188991546631,0.1560494437813759,0.12926945388317107,95.919189453125,0.468467116355896,49150.0,7043.0,49150.0
2.3541701168160717e-05,2.3541701168160717e-05,0.012483000755310059,0.2853457272052765,0.16174825504422188,0.12359747439622878,95.85047912597656,0.4697967290878296,49200.0,7030.0,49200.0
2.3503484120809815e-05,2.3503484120809815e-05,0.012497830390930175,0.30213733911514284,0.1680692419409752,0.1340680979192257,88.57027435302734,0.4775186777114868,49250.0,7024.0,49250.0
2.3465267073458922e-05,2.3465267073458922e-05,0.012650537490844726,0.32231840342283247,0.19193209782242776,0.13038630560040473,93.98343658447266,0.4740273475646973,49300.0,7021.0,49300.0
2.3427050026108033e-05,2.3427050026108033e-05,0.013435935974121094,0.31234436482191086,0.17612379565834999,0.13622056990861892,96.86689758300781,0.4812368392944336,49350.0,7012.0,49350.0
2.338883297875713e-05,2.338883297875713e-05,0.012557578086853028,0.305126978456974,0.17627807930111886,0.1288488931953907,93.14938354492188,0.47355825901031495,49400.0,7021.0,49400.0
2.3350615931406222e-05,2.3350615931406222e-05,0.012619233131408692,0.3168306425213814,0.18409068882465363,0.13273995965719224,92.31307983398438,0.4730897665023804,49450.0,7027.0,49450.0
2.331239888405533e-05,2.331239888405533e-05,0.014013409614562988,0.2755672037601471,0.14429394900798798,0.13127325028181075,93.01420593261719,0.4827265739440918,49500.0,7004.0,49500.0
2.3274181836704447e-05,2.3274181836704447e-05,0.013066506385803223,0.29624116271734235,0.1627691976726055,0.13347196578979492,97.136962890625,0.47917513847351073,49550.0,7023.0,49550.0
2.3235964789353545e-05,2.3235964789353545e-05,0.012597203254699707,0.29611174315214156,0.16809454187750816,0.12801719978451728,95.07198333740234,0.4727778911590576,49600.0,7014.0,49600.0
2.319774774200265e-05,2.319774774200265e-05,0.01262040138244629,0.280276857316494,0.1517479009926319,0.1285289503633976,94.43968963623047,0.4796704530715942,49650.0,7032.0,49650.0
2.3159530694651764e-05,2.3159530694651764e-05,0.01504054069519043,0.3361764997243881,0.19969995133578777,0.13647655248641968,98.04854583740234,0.47679355144500735,49700.0,7016.0,49700.0
2.3121313647300875e-05,2.3121313647300875e-05,0.015169453620910645,0.25323323905467987,0.13015394061803817,0.12307929694652557,94.09988403320312,0.4809666872024536,49750.0,7018.0,49750.0
2.3083096599949986e-05,2.3083096599949986e-05,0.01299591064453125,0.26442217230796816,0.13985273167490958,0.12456944733858108,96.55646514892578,0.4716935396194458,49800.0,7004.0,49800.0
2.304487955259909e-05,2.304487955259909e-05,0.012491488456726074,0.2694015517830849,0.14585642963647844,0.1235451228916645,94.99211883544922,0.4754332542419434,49850.0,7067.0,49850.0
2.300666250524819e-05,2.300666250524819e-05,0.012660551071166991,0.2924690663814545,0.1632039353251457,0.12926512509584426,91.54329681396484,0.47596490383148193,49900.0,7006.0,49900.0
2.2968445457897295e-05,2.2968445457897295e-05,0.013420987129211425,0.265437114238739,0.14180614575743675,0.1236309677362442,94.64796447753906,0.4749279022216797,49950.0,7018.0,49950.0
2.293022841054641e-05,2.293022841054641e-05,0.016011619567871095,0.3010710299015045,0.16376171857118607,0.1373093120753765,94.63371276855469,0.4798949956893921,50000.0,7029.0,50000.0
2.289201136319551e-05,2.289201136319551e-05,0.01266324520111084,0.35517891943454744,0.20333033725619315,0.1518485851585865,95.57147216796875,0.48262572288513184,50050.0,7064.0,50050.0
2.2853794315844625e-05,2.2853794315844625e-05,0.012572097778320312,0.2890884056687355,0.15657480359077453,0.13251359686255454,92.30303955078125,0.4698965072631836,50100.0,7025.0,50100.0
2.2815577268493733e-05,2.2815577268493733e-05,0.01478123664855957,0.28899110555648805,0.15433532372117043,0.13465578556060792,92.14986419677734,0.47716574668884276,50150.0,7016.0,50150.0
2.2777360221142834e-05,2.2777360221142834e-05,0.012683844566345215,0.312561871111393,0.18102803751826285,0.13153383359313012,94.87037658691406,0.47008347511291504,50200.0,7051.0,50200.0
2.2739143173791948e-05,2.2739143173791948e-05,0.012537097930908203,0.34421405047178266,0.2037476882338524,0.14046635627746581,93.01238250732422,0.47402429580688477,50250.0,7037.0,50250.0
2.270092612644105e-05,2.270092612644105e-05,0.014994025230407715,0.2787829160690308,0.14769454970955848,0.13108836710453034,96.18424987792969,0.48911128044128416,50300.0,7012.0,50300.0
2.2662709079090167e-05,2.2662709079090167e-05,0.014094066619873048,0.2852564945816994,0.15062795355916023,0.1346285417675972,94.20365142822266,0.47760758399963377,50350.0,7021.0,50350.0
2.2624492031739268e-05,2.2624492031739268e-05,0.014648985862731934,0.27819472551345825,0.1475708916783333,0.13062382861971855,94.31692504882812,0.4763139009475708,50400.0,7030.0,50400.0
2.258627498438838e-05,2.258627498438838e-05,0.015090632438659667,0.2828498274087906,0.15589888393878937,0.126950940489769,95.733642578125,0.480191707611084,50450.0,7031.0,50450.0
2.2548057937037483e-05,2.2548057937037483e-05,0.012684917449951172,0.3181741327047348,0.18333288356661798,0.13484124839305878,92.42156982421875,0.4790980815887451,50500.0,7030.0,50500.0
2.250984088968658e-05,2.250984088968658e-05,0.012717843055725098,0.28460184633731844,0.1513609357178211,0.1332409128546715,96.5421142578125,0.4760018825531006,50550.0,7032.0,50550.0
2.2471623842335685e-05,2.2471623842335685e-05,0.012577629089355469,0.2841297000646591,0.14163725674152375,0.14249243810772896,94.80646514892578,0.47290232181549074,50600.0,7017.0,50600.0
2.243340679498479e-05,2.243340679498479e-05,0.012574291229248047,0.2954292505979538,0.16531859040260316,0.13011065796017646,93.28225708007812,0.47555041313171387,50650.0,7027.0,50650.0
2.2395189747633894e-05,2.2395189747633894e-05,0.014023780822753906,0.2813348531723022,0.15982357561588287,0.12151127830147743,95.1043472290039,0.4783774852752686,50700.0,7010.0,50700.0
2.2356972700282988e-05,2.2356972700282988e-05,0.014782404899597168,0.29419821202754975,0.16122975274920465,0.13296845853328704,95.14282989501953,0.49430036544799805,50750.0,7039.0,50750.0
2.2318755652932082e-05,2.2318755652932082e-05,0.0127549409866333,0.2977953553199768,0.17691058069467544,0.12088476940989494,92.39362335205078,0.4671381235122681,50800.0,7003.0,50800.0
2.228053860558119e-05,2.228053860558119e-05,0.012560486793518066,0.28310623168945315,0.15337840020656585,0.12972783669829369,92.5157241821289,0.47808380126953126,50850.0,7004.0,50850.0
2.2242321558230304e-05,2.2242321558230304e-05,0.01292867660522461,0.30259382277727126,0.18115913346409798,0.12143469415605068,93.54230499267578,0.47431178092956544,50900.0,7046.0,50900.0
2.22041045108794e-05,2.22041045108794e-05,0.016449522972106934,0.2899995297193527,0.1524132914841175,0.13758623525500296,95.29615020751953,0.4849336385726929,50950.0,7002.0,50950.0
2.2165887463528506e-05,2.2165887463528506e-05,0.01306467056274414,0.29901210218667984,0.1643817663192749,0.13463034257292747,93.32091522216797,0.47580044269561766,51000.0,7055.0,51000.0
2.212767041617762e-05,2.212767041617762e-05,0.014652132987976074,0.2998595356941223,0.1568557947874069,0.1430037423968315,94.28716278076172,0.4916656732559204,51050.0,7046.0,51050.0
2.2089453368826738e-05,2.2089453368826738e-05,0.013400101661682129,0.3156094908714294,0.17270772382616997,0.14290176704525948,87.19061279296875,0.4841576337814331,51100.0,7014.0,51100.0
2.205123632147583e-05,2.205123632147583e-05,0.013487291336059571,0.2940394192934036,0.152517694234848,0.14152172580361366,94.20004272460938,0.47940061092376707,51150.0,7056.0,51150.0
2.201301927412494e-05,2.201301927412494e-05,0.01600041389465332,0.36689806878566744,0.21827790439128875,0.14862016215920448,93.91830444335938,0.48827672004699707,51200.0,7032.0,51200.0
2.1974802226774044e-05,2.1974802226774044e-05,0.013918161392211914,0.2521683469414711,0.137528295814991,0.11464005336165428,96.9969482421875,0.47673959732055665,51250.0,7027.0,51250.0
2.1936585179423145e-05,2.1936585179423145e-05,0.013948655128479004,0.3241710960865021,0.19104161560535432,0.13312948122620583,94.63038635253906,0.47701952457427976,51300.0,7041.0,51300.0
2.1898368132072246e-05,2.1898368132072246e-05,0.014152860641479493,0.30924375355243683,0.16932071074843408,0.1399230405688286,94.84107971191406,0.4789015769958496,51350.0,7001.0,51350.0
2.186015108472135e-05,2.186015108472135e-05,0.014179801940917969,0.2954377204179764,0.1615097623318434,0.13392795920372008,95.87646484375,0.473400354385376,51400.0,7036.0,51400.0
2.1821934037370445e-05,2.1821934037370445e-05,0.014036154747009278,0.26435854434967043,0.1504869654774666,0.11387158259749412,95.54226684570312,0.4740022897720337,51450.0,6980.0,51450.0
2.1783716990019552e-05,2.1783716990019552e-05,0.014058351516723633,0.2737365186214447,0.14087905660271643,0.1328574612736702,96.67904663085938,0.47584826946258546,51500.0,7008.0,51500.0
2.1745499942668657e-05,2.1745499942668657e-05,0.01238389015197754,0.30917620956897734,0.17342666760087014,0.1357495404779911,95.60191345214844,0.4756470680236816,51550.0,7062.0,51550.0
2.1707282895317758e-05,2.1707282895317758e-05,0.013980746269226074,0.2929089367389679,0.17393903210759162,0.11896990463137627,94.0040512084961,0.4693913459777832,51600.0,7023.0,51600.0
2.1669065847966862e-05,2.1669065847966862e-05,0.014599823951721191,0.30284018665552137,0.1753821514546871,0.12745803073048592,93.77696990966797,0.47756640911102294,51650.0,7039.0,51650.0
2.1630848800615963e-05,2.1630848800615963e-05,0.01296536922454834,0.312504243850708,0.17958493977785112,0.1329193025827408,92.48084259033203,0.4794795036315918,51700.0,7057.0,51700.0
2.1592631753265067e-05,2.1592631753265067e-05,0.012642335891723634,0.2977144613862038,0.16963698342442513,0.12807747721672058,92.16291809082031,0.4756652593612671,51750.0,7051.0,51750.0
2.1554414705914168e-05,2.1554414705914168e-05,0.014108705520629882,0.27671944797039033,0.1527418427169323,0.12397760525345802,95.1992416381836,0.47812297344207766,51800.0,7002.0,51800.0
2.1516197658563266e-05,2.1516197658563266e-05,0.013728523254394531,0.27250008285045624,0.1455337882041931,0.12696629613637925,92.46440887451172,0.4801462173461914,51850.0,7051.0,51850.0
2.1477980611212363e-05,2.1477980611212363e-05,0.01491541862487793,0.287848573923111,0.15445698350667952,0.1333915926516056,94.03355407714844,0.4817082405090332,51900.0,7017.0,51900.0
2.143976356386147e-05,2.143976356386147e-05,0.014084768295288087,0.31716994792222974,0.18316908553242683,0.13400086835026742,94.74010467529297,0.4798156499862671,51950.0,7027.0,51950.0
2.1401546516510572e-05,2.1401546516510572e-05,0.013564538955688477,0.30494715869426725,0.165085768699646,0.1398613952100277,95.32106018066406,0.48410696983337403,52000.0,7012.0,52000.0
2.1363329469159673e-05,2.1363329469159673e-05,0.014459562301635743,0.3261435702443123,0.18788198679685592,0.13826158493757248,93.64567565917969,0.48308236598968507,52050.0,7027.0,52050.0
2.1325112421808787e-05,2.1325112421808787e-05,0.013661932945251466,0.29284915924072263,0.15932888984680177,0.133520270884037,96.13371276855469,0.4729193449020386,52100.0,7017.0,52100.0
2.128689537445791e-05,2.128689537445791e-05,0.012603354454040528,0.2901602923870087,0.1610115498304367,0.1291487418115139,93.93923950195312,0.48059489727020266,52150.0,7040.0,52150.0
2.124867832710702e-05,2.124867832710702e-05,0.01263113021850586,0.25503057688474656,0.12507156208157538,0.1299590140581131,97.65866088867188,0.4717118263244629,52200.0,7029.0,52200.0
2.121046127975613e-05,2.121046127975613e-05,0.012691521644592285,0.3084303677082062,0.16767971813678742,0.14075065031647682,94.37094116210938,0.47722132205963136,52250.0,7057.0,52250.0
2.1172244232405235e-05,2.1172244232405235e-05,0.012644314765930175,0.2585310980677605,0.14339379742741584,0.11513729989528657,95.4719009399414,0.475345778465271,52300.0,7020.0,52300.0
2.113402718505433e-05,2.113402718505433e-05,0.012604022026062011,0.29474560022354124,0.17016001790761948,0.12458558455109596,93.43644714355469,0.47502970695495605,52350.0,7027.0,52350.0
2.109581013770344e-05,2.109581013770344e-05,0.012414145469665527,0.307012614607811,0.1632152959704399,0.14379731863737105,92.33563995361328,0.4790762186050415,52400.0,7056.0,52400.0
2.1057593090352558e-05,2.1057593090352558e-05,0.012459135055541993,0.29949543476104734,0.1766701839864254,0.1228252500295639,94.3949203491211,0.47490060329437256,52450.0,7046.0,52450.0
2.1019376043001655e-05,2.1019376043001655e-05,0.012554049491882324,0.33900859355926516,0.1921132043004036,0.1468953885138035,89.84050750732422,0.47853312492370603,52500.0,7066.0,52500.0
2.098115899565076e-05,2.098115899565076e-05,0.014276528358459472,0.3125165969133377,0.18437036275863647,0.1281462348997593,95.4510498046875,0.4792679786682129,52550.0,7006.0,52550.0
2.0942941948299874e-05,2.0942941948299874e-05,0.013365435600280761,0.32667879909276965,0.1926425039768219,0.13403630033135414,90.49726867675781,0.47965207099914553,52600.0,7023.0,52600.0
2.0904724900948985e-05,2.0904724900948985e-05,0.01494910717010498,0.2786699146032333,0.15599848404526712,0.12267142906785011,95.54978942871094,0.4860100746154785,52650.0,7001.0,52650.0
2.0866507853598073e-05,2.0866507853598073e-05,0.018008089065551756,0.2809252098202705,0.1489587940275669,0.13196641430258751,94.56663513183594,0.4864169120788574,52700.0,7012.0,52700.0
2.0828290806247187e-05,2.0828290806247187e-05,0.017653536796569825,0.2695341482758522,0.14656332582235337,0.1229708194732666,96.00052642822266,0.4824507474899292,52750.0,7012.0,52750.0
2.0790073758896285e-05,2.0790073758896285e-05,0.013974261283874512,0.3461080461740494,0.2034676529467106,0.1426403857767582,94.79692840576172,0.4752964973449707,52800.0,7034.0,52800.0
2.0751856711545402e-05,2.0751856711545402e-05,0.012885141372680663,0.2613160490989685,0.13488954454660415,0.12642650529742241,94.41073608398438,0.47813279628753663,52850.0,7039.0,52850.0
2.0713639664194503e-05,2.0713639664194503e-05,0.01274406909942627,0.2661077991127968,0.15146301835775375,0.11464477702975273,94.3259048461914,0.46587343215942384,52900.0,7018.0,52900.0
2.0675422616843604e-05,2.0675422616843604e-05,0.012689495086669922,0.28667580187320707,0.1543383203446865,0.1323374815285206,93.41758728027344,0.47433106899261473,52950.0,7021.0,52950.0
2.0637205569492702e-05,2.0637205569492702e-05,0.01309499740600586,0.31306229829788207,0.18053827062249184,0.13252402916550637,95.42498779296875,0.47519052028656006,53000.0,7008.0,53000.0
2.0598988522141826e-05,2.0598988522141826e-05,0.013206219673156739,0.2780997693538666,0.144548549503088,0.13355121985077859,96.2973403930664,0.48062472343444823,53050.0,7026.0,53050.0
2.056077147479094e-05,2.056077147479094e-05,0.013001203536987305,0.30728702545166015,0.17084818929433823,0.13643883913755417,94.35646057128906,0.4762431144714355,53100.0,7058.0,53100.0
2.0522554427440052e-05,2.0522554427440052e-05,0.013095974922180176,0.3019434869289398,0.1714472785592079,0.13049620687961577,95.58395385742188,0.47643992900848386,53150.0,7026.0,53150.0
2.0484337380089166e-05,2.0484337380089166e-05,0.012734127044677735,0.29929687082767487,0.15512502044439316,0.14417185336351396,97.01253509521484,0.47527825832366943,53200.0,7020.0,53200.0
2.0446120332738274e-05,2.0446120332738274e-05,0.012611722946166993,0.2891092270612717,0.15451004728674889,0.1345991775393486,94.73682403564453,0.47449681758880613,53250.0,7048.0,53250.0
2.040790328538738e-05,2.040790328538738e-05,0.013818669319152831,0.2978738650679588,0.16550886556506156,0.13236500024795533,96.47492980957031,0.4749283313751221,53300.0,7022.0,53300.0
2.036968623803649e-05,2.036968623803649e-05,0.012658977508544922,0.2884111166000366,0.1604890391230583,0.12792207524180413,95.27455139160156,0.4740521192550659,53350.0,7004.0,53350.0
2.0331469190685604e-05,2.0331469190685604e-05,0.013085079193115235,0.2810837611556053,0.14691154062747955,0.1341722145676613,94.58482360839844,0.48209152221679685,53400.0,7061.0,53400.0
2.0293252143334722e-05,2.0293252143334722e-05,0.012630653381347657,0.29214136600494384,0.16160678789019584,0.13053457736968993,95.88970184326172,0.47189161777496336,53450.0,7016.0,53450.0
2.0255035095983847e-05,2.0255035095983847e-05,0.012704896926879882,0.29508870393037795,0.16070749312639238,0.1343812108039856,96.56123352050781,0.47486014366149903,53500.0,7034.0,53500.0
2.0216818048632937e-05,2.0216818048632937e-05,0.012796425819396972,0.25927999913692473,0.13442839235067366,0.12485160455107688,93.47147369384766,0.47438361644744875,53550.0,7007.0,53550.0
2.017860100128205e-05,2.017860100128205e-05,0.014537286758422852,0.2906969770789146,0.1490727700293064,0.14162420630455017,93.46659088134766,0.4806993007659912,53600.0,7036.0,53600.0
2.014038395393115e-05,2.014038395393115e-05,0.012622976303100586,0.3125034600496292,0.1648629792034626,0.1476404756307602,93.75054168701172,0.4743706941604614,53650.0,7020.0,53650.0
2.0102166906580257e-05,2.0102166906580257e-05,0.01563904285430908,0.2880016595125198,0.14751460924744605,0.14048705175518988,95.36943817138672,0.4803762674331665,53700.0,7026.0,53700.0
2.006394985922936e-05,2.006394985922936e-05,0.014369058609008788,0.3015412986278534,0.16945781409740449,0.13208348229527472,96.05673217773438,0.4771294355392456,53750.0,7020.0,53750.0
2.0025732811878483e-05,2.0025732811878483e-05,0.013761496543884278,0.26807009279727934,0.13412625789642335,0.1339438334107399,95.17879486083984,0.4785750865936279,53800.0,7026.0,53800.0
1.9987515764527573e-05,1.9987515764527573e-05,0.014714765548706054,0.3112825945019722,0.17853245213627816,0.13275013417005538,90.62120056152344,0.47784473896026614,53850.0,7010.0,53850.0
1.9949298717176667e-05,1.9949298717176667e-05,0.013015961647033692,0.31618467420339585,0.19374032244086264,0.12244435325264931,94.84827423095703,0.4738099813461304,53900.0,7039.0,53900.0
1.991108166982578e-05,1.991108166982578e-05,0.012633061408996582,0.26708477139472964,0.14110712930560113,0.12597763687372207,92.594970703125,0.47231876850128174,53950.0,7037.0,53950.0
1.9872864622474893e-05,1.9872864622474893e-05,0.01370832920074463,0.3137636438012123,0.17846402004361153,0.13529962599277495,94.09603881835938,0.47804598808288573,54000.0,7023.0,54000.0
1.9834647575124e-05,1.9834647575124e-05,0.013285565376281738,0.3041881337761879,0.1755787119269371,0.12860942184925078,95.6690444946289,0.47696681022644044,54050.0,7006.0,54050.0
1.9796430527773098e-05,1.9796430527773098e-05,0.012700581550598144,0.32921581864356997,0.2004457615315914,0.12877005562186242,91.86624908447266,0.4749518156051636,54100.0,7040.0,54100.0
1.97582134804222e-05,1.97582134804222e-05,0.01320955753326416,0.3133275181055069,0.17586058527231216,0.13746692910790442,94.70602416992188,0.4772228717803955,54150.0,7039.0,54150.0
1.971999643307129e-05,1.971999643307129e-05,0.01304471492767334,0.28795434534549713,0.16196352392435073,0.1259908251464367,95.78961944580078,0.4749194383621216,54200.0,7021.0,54200.0
1.9681779385720404e-05,1.9681779385720404e-05,0.012694740295410156,0.3295336484909058,0.18852364495396615,0.1410100020468235,96.19590759277344,0.47460408210754396,54250.0,7013.0,54250.0
1.9643562338369522e-05,1.9643562338369522e-05,0.012568187713623048,0.25494796931743624,0.13288933783769608,0.12205862998962402,96.74728393554688,0.46796040534973143,54300.0,7083.0,54300.0
1.960534529101862e-05,1.960534529101862e-05,0.012703824043273925,0.31185018718242646,0.181781804561615,0.1300683744251728,92.70881652832031,0.4675599098205566,54350.0,7024.0,54350.0
1.956712824366772e-05,1.956712824366772e-05,0.014113831520080566,0.29357241094112396,0.16100705191493034,0.13256535902619362,94.95063018798828,0.4785776615142822,54400.0,7002.0,54400.0
1.9528911196316832e-05,1.9528911196316832e-05,0.012556815147399902,0.28486024439334867,0.1520061455667019,0.132854101061821,95.34979248046875,0.4758296012878418,54450.0,7026.0,54450.0
1.9490694148965936e-05,1.9490694148965936e-05,0.012638235092163086,0.2807003349065781,0.1615264892578125,0.11917384192347527,94.88346862792969,0.4754128694534302,54500.0,7002.0,54500.0
1.9452477101615054e-05,1.9452477101615054e-05,0.012568783760070801,0.32568177580833435,0.18160442411899566,0.1440773531794548,93.71888732910156,0.4806396722793579,54550.0,7037.0,54550.0
1.9414260054264165e-05,1.9414260054264165e-05,0.012600421905517578,0.2800753876566887,0.14601730704307556,0.13405807539820672,95.66293334960938,0.47722678184509276,54600.0,7022.0,54600.0
1.9376043006913262e-05,1.9376043006913262e-05,0.015130281448364258,0.2961171865463257,0.1656884379684925,0.1304287478327751,93.67017364501953,0.49199738502502444,54650.0,7031.0,54650.0
1.9337825959562374e-05,1.9337825959562374e-05,0.014297175407409667,0.2859248325228691,0.14916640147566795,0.13675842732191085,95.06354522705078,0.48051979541778567,54700.0,7039.0,54700.0
1.9299608912211474e-05,1.9299608912211474e-05,0.012552261352539062,0.3675994843244553,0.2385343074798584,0.12906517460942268,94.16704559326172,0.4741590738296509,54750.0,7014.0,54750.0
1.9261391864860586e-05,1.9261391864860586e-05,0.012566304206848145,0.3369182154536247,0.20191708356142044,0.1350011333823204,91.2118148803711,0.47260472774505613,54800.0,7027.0,54800.0
1.9223174817509693e-05,1.9223174817509693e-05,0.014754462242126464,0.27895383834838866,0.1498152032494545,0.12913863360881805,94.95499420166016,0.4973293304443359,54850.0,7012.0,54850.0
1.918495777015879e-05,1.918495777015879e-05,0.014831876754760743,0.27926154881715776,0.1544519379734993,0.12480961307883262,95.14327239990234,0.4979884147644043,54900.0,7058.0,54900.0
1.9146740722807902e-05,1.9146740722807902e-05,0.014851093292236328,0.29011318981647494,0.15974121987819673,0.13037197217345237,92.44867706298828,0.475835919380188,54950.0,6996.0,54950.0
1.9108523675457006e-05,1.9108523675457006e-05,0.014858675003051759,0.2962454453110695,0.16344036385416985,0.13280508294701576,93.11015319824219,0.4820751190185547,55000.0,7055.0,55000.0
1.9070306628106114e-05,1.9070306628106114e-05,0.013721752166748046,0.27470147907733916,0.14552968144416809,0.12917180061340333,96.50236511230469,0.4737814664840698,55050.0,7036.0,55050.0
1.903208958075523e-05,1.903208958075523e-05,0.012611150741577148,0.2853794291615486,0.15871159061789514,0.12666784077882767,95.3338623046875,0.4740088939666748,55100.0,7038.0,55100.0
1.8993872533404336e-05,1.8993872533404336e-05,0.012723779678344727,0.36969250738620757,0.23261838182806968,0.13707412630319596,95.1264419555664,0.4748047351837158,55150.0,6987.0,55150.0
1.8955655486053444e-05,1.8955655486053444e-05,0.01266477108001709,0.28509337157011033,0.16040933951735498,0.12468403577804565,95.76482391357422,0.4750465631484985,55200.0,7038.0,55200.0
1.8917438438702545e-05,1.8917438438702545e-05,0.01450953483581543,0.2786755278706551,0.14761727303266525,0.13105825409293176,95.04298400878906,0.47603323459625246,55250.0,7027.0,55250.0
1.887922139135166e-05,1.887922139135166e-05,0.01499490737915039,0.2826645106077194,0.15757654905319213,0.12508795857429506,92.4686050415039,0.47875664234161375,55300.0,7010.0,55300.0
1.884100434400077e-05,1.884100434400077e-05,0.01287996768951416,0.2426443338394165,0.13374758139252663,0.10889674946665764,95.51679992675781,0.47115073204040525,55350.0,7011.0,55350.0
1.8802787296649888e-05,1.8802787296649888e-05,0.013816428184509278,0.2757255420088768,0.1566492088139057,0.11907633394002914,93.87706756591797,0.4778170347213745,55400.0,7024.0,55400.0
1.8764570249298996e-05,1.8764570249298996e-05,0.014954328536987305,0.2819684162735939,0.1593499153852463,0.12261850237846375,93.77667236328125,0.4797042369842529,55450.0,7017.0,55450.0
1.8726353201948114e-05,1.8726353201948114e-05,0.015490078926086425,0.27901268750429153,0.1517822675406933,0.1272304207086563,90.83641815185547,0.4821609020233154,55500.0,7033.0,55500.0
1.868813615459721e-05,1.868813615459721e-05,0.015540170669555663,0.27214625775814055,0.14999542906880378,0.12215082943439484,95.20772552490234,0.4792707681655884,55550.0,7051.0,55550.0
1.864991910724633e-05,1.864991910724633e-05,0.013821077346801759,0.30702381283044816,0.17488879710435867,0.1321350172162056,96.68090057373047,0.48109047412872313,55600.0,7018.0,55600.0
1.8611702059895447e-05,1.8611702059895447e-05,0.013835716247558593,0.27853050976991656,0.15649693012237548,0.12203357890248298,94.65826416015625,0.4763474464416504,55650.0,7051.0,55650.0
1.8573485012544554e-05,1.8573485012544554e-05,0.0128279447555542,0.3176112323999405,0.18415239974856376,0.13345883414149284,96.0895767211914,0.4750657558441162,55700.0,7044.0,55700.0
1.8535267965193645e-05,1.8535267965193645e-05,0.016144585609436036,0.2599707156419754,0.14153854176402092,0.11843217834830284,96.98123931884766,0.4793628931045532,55750.0,7033.0,55750.0
1.849705091784277e-05,1.849705091784277e-05,0.016130518913269044,0.3122676119208336,0.18150386810302735,0.13076374381780625,92.8704605102539,0.48780059814453125,55800.0,7020.0,55800.0
1.8458833870491888e-05,1.8458833870491888e-05,0.014629983901977539,0.3157371789216995,0.18651807829737663,0.12921910360455513,94.31450653076172,0.48195486068725585,55850.0,7057.0,55850.0
1.842061682314101e-05,1.842061682314101e-05,0.013059353828430176,0.26462591141462327,0.13477176278829575,0.12985415309667586,96.35613250732422,0.4797333002090454,55900.0,7068.0,55900.0
1.8382399775790123e-05,1.8382399775790123e-05,0.012995600700378418,0.32093997299671173,0.18439555466175078,0.1365444168448448,93.09786987304688,0.47723073959350587,55950.0,7007.0,55950.0
1.8344182728439235e-05,1.8344182728439235e-05,0.013719582557678222,0.28750811517238617,0.16802488192915915,0.11948323473334313,89.14232635498047,0.47879509925842284,56000.0,6997.0,56000.0
1.830596568108835e-05,1.830596568108835e-05,0.013243341445922851,0.2648759111762047,0.1369132988154888,0.12796260863542558,96.67304229736328,0.47933216094970704,56050.0,7027.0,56050.0
1.826774863373746e-05,1.826774863373746e-05,0.01403508186340332,0.30525373965501784,0.18100988492369652,0.12424385994672775,96.49324035644531,0.47548136711120603,56100.0,7052.0,56100.0
1.8229531586386575e-05,1.8229531586386575e-05,0.014078783988952636,0.2741747125983238,0.15094619542360305,0.12322851791977882,95.54125213623047,0.47685320377349855,56150.0,6988.0,56150.0
1.819131453903569e-05,1.819131453903569e-05,0.013801789283752442,0.29923123121261597,0.15747958421707153,0.1417516514658928,95.47559356689453,0.4837857007980347,56200.0,7050.0,56200.0
1.8153097491684797e-05,1.8153097491684797e-05,0.01608729362487793,0.28419756293296816,0.16693556681275368,0.11726199761033058,93.82019805908203,0.4791506052017212,56250.0,7023.0,56250.0
1.8114880444333904e-05,1.8114880444333904e-05,0.012871170043945312,0.30907169431447984,0.18977173045277596,0.11929996535182,93.22107696533203,0.473129940032959,56300.0,7006.0,56300.0
1.807666339698301e-05,1.807666339698301e-05,0.013045930862426757,0.27406473606824877,0.15017507672309877,0.12388965934514999,93.86857604980469,0.4738628625869751,56350.0,7025.0,56350.0
1.803844634963212e-05,1.803844634963212e-05,0.014546442031860351,0.2986850321292877,0.1600725047290325,0.13861252889037132,93.63636016845703,0.4808290719985962,56400.0,7052.0,56400.0
1.8000229302281238e-05,1.8000229302281238e-05,0.01253197193145752,0.28689896017313005,0.15856789872050286,0.12833106890320778,96.33792877197266,0.47384617328643797,56450.0,7021.0,56450.0
1.7962012254930345e-05,1.7962012254930345e-05,0.01249086856842041,0.3150672674179077,0.18195437267422676,0.1331128917634487,95.5724868774414,0.46983458995819094,56500.0,7022.0,56500.0
1.792379520757946e-05,1.792379520757946e-05,0.012614870071411132,0.35709417462348936,0.22444234862923623,0.13265182077884674,92.56377410888672,0.47004702091217043,56550.0,7022.0,56550.0
1.7885578160228567e-05,1.7885578160228567e-05,0.012638330459594727,0.268540059030056,0.15099363029003143,0.11754642874002456,95.04003143310547,0.47165420055389407,56600.0,7014.0,56600.0
1.784736111287768e-05,1.784736111287768e-05,0.012644100189208984,0.3421009615063667,0.20668741092085838,0.13541355058550836,93.53707885742188,0.4777393817901611,56650.0,7052.0,56650.0
1.7809144065526793e-05,1.7809144065526793e-05,0.01257760524749756,0.29919171035289766,0.1619218423962593,0.1372698612511158,95.16071319580078,0.47811758518218994,56700.0,7012.0,56700.0
1.7770927018175904e-05,1.7770927018175904e-05,0.014708995819091797,0.34603125154972075,0.20426360592246057,0.1417676441371441,94.01237487792969,0.4826301336288452,56750.0,7038.0,56750.0
1.773270997082501e-05,1.773270997082501e-05,0.012624168395996093,0.2583065122365952,0.1375119797885418,0.12079453766345978,96.44220733642578,0.4740325689315796,56800.0,7024.0,56800.0
1.769449292347413e-05,1.769449292347413e-05,0.012933087348937989,0.3528443604707718,0.2114110380411148,0.14143332615494728,93.60728454589844,0.47685840129852297,56850.0,7034.0,56850.0
1.7656275876123254e-05,1.7656275876123254e-05,0.014853882789611816,0.28034758418798444,0.1645158365368843,0.11583175212144851,95.02455139160156,0.49214131832122804,56900.0,7029.0,56900.0
1.761805882877238e-05,1.761805882877238e-05,0.015183019638061523,0.2833386093378067,0.1563818223774433,0.12695678398013116,95.18779754638672,0.483760142326355,56950.0,7006.0,56950.0
1.7579841781421504e-05,1.7579841781421504e-05,0.013732600212097167,0.2978753626346588,0.16795116886496544,0.12992419376969339,97.38685607910156,0.47212188243865966,57000.0,7021.0,57000.0
1.7541624734070615e-05,1.7541624734070615e-05,0.013611960411071777,0.30593764781951904,0.172184831649065,0.13375281915068626,93.62415313720703,0.47498559951782227,57050.0,7020.0,57050.0
1.750340768671972e-05,1.750340768671972e-05,0.012710881233215333,0.2893592417240143,0.1664361909031868,0.12292305380105972,93.56028747558594,0.4716686010360718,57100.0,7000.0,57100.0
1.746519063936883e-05,1.746519063936883e-05,0.014184308052062989,0.2602245926856995,0.13905627578496932,0.12116831913590431,96.75232696533203,0.47764763832092283,57150.0,7062.0,57150.0
1.7426973592017944e-05,1.7426973592017944e-05,0.01277315616607666,0.2996184825897217,0.16360364928841592,0.13601482883095742,92.85991668701172,0.4777311086654663,57200.0,7032.0,57200.0
1.7388756544667062e-05,1.7388756544667062e-05,0.012804722785949707,0.279781748354435,0.15442807376384735,0.12535367533564568,95.57396697998047,0.4749415874481201,57250.0,7025.0,57250.0
1.7350539497316184e-05,1.7350539497316184e-05,0.01433403491973877,0.2799961343407631,0.15520209372043609,0.12479404285550118,94.62409210205078,0.48003382682800294,57300.0,7081.0,57300.0
1.7312322449965305e-05,1.7312322449965305e-05,0.015127182006835938,0.25715316236019137,0.13552531972527504,0.12162784412503243,94.12232971191406,0.47928605079650877,57350.0,6995.0,57350.0
1.7274105402614423e-05,1.7274105402614423e-05,0.013717198371887207,0.2654384434223175,0.14312090650200843,0.12231753319501877,93.8392105102539,0.47804899215698243,57400.0,7044.0,57400.0
1.723588835526354e-05,1.723588835526354e-05,0.014722347259521484,0.30260117053985597,0.17319260761141778,0.1294085644185543,93.9504623413086,0.4781383514404297,57450.0,7052.0,57450.0
1.7197671307912645e-05,1.7197671307912645e-05,0.012668800354003907,0.28990574181079865,0.15577940940856932,0.13412633314728736,96.35211944580078,0.4728991031646729,57500.0,7022.0,57500.0
1.715945426056175e-05,1.715945426056175e-05,0.012614226341247559,0.2687881141901016,0.1446628250181675,0.12412528842687606,95.64753723144531,0.47379748821258544,57550.0,7029.0,57550.0
1.7121237213210864e-05,1.7121237213210864e-05,0.014055109024047852,0.2799309015274048,0.14989608153700829,0.1300348274409771,96.76432037353516,0.48104755878448485,57600.0,7078.0,57600.0
1.7083020165859965e-05,1.7083020165859965e-05,0.01457831859588623,0.3307106852531433,0.20422339513897897,0.12648728787899016,94.90947723388672,0.4748784065246582,57650.0,7063.0,57650.0
1.704480311850908e-05,1.704480311850908e-05,0.014995169639587403,0.2868178278207779,0.15657050982117654,0.13024731650948523,95.50227355957031,0.4829392910003662,57700.0,7029.0,57700.0
1.700658607115819e-05,1.700658607115819e-05,0.013433051109313966,0.3556537017226219,0.22021370381116867,0.1354399986565113,96.08078002929688,0.47992184162139895,57750.0,7020.0,57750.0
1.6968369023807315e-05,1.6968369023807315e-05,0.013974642753601075,0.3338458687067032,0.19813609421253203,0.1357097715139389,94.6511459350586,0.47978155612945556,57800.0,7008.0,57800.0
1.6930151976456426e-05,1.6930151976456426e-05,0.013085532188415527,0.288913132250309,0.16140722781419753,0.12750590443611146,94.12052917480469,0.4706104040145874,57850.0,7005.0,57850.0
1.6891934929105533e-05,1.6891934929105533e-05,0.012997889518737793,0.2612424835562706,0.13239730149507523,0.1288451835513115,94.48941802978516,0.47378082275390626,57900.0,7027.0,57900.0
1.685371788175465e-05,1.685371788175465e-05,0.014266085624694825,0.2518288180232048,0.13024627566337585,0.12158254384994507,96.37752532958984,0.4783524990081787,57950.0,7000.0,57950.0
1.681550083440375e-05,1.681550083440375e-05,0.01416618824005127,0.28311868757009506,0.14316604733467103,0.13995263651013373,93.4830551147461,0.48268005847930906,58000.0,7036.0,58000.0
1.6777283787052853e-05,1.6777283787052853e-05,0.013959574699401855,0.30872198194265366,0.18678726628422737,0.12193471565842628,94.79961395263672,0.47072269916534426,58050.0,7042.0,58050.0
1.673906673970197e-05,1.673906673970197e-05,0.014006686210632325,0.2911155730485916,0.16229175329208373,0.12882381454110145,96.32252502441406,0.4736411333084106,58100.0,7017.0,58100.0
1.6700849692351092e-05,1.6700849692351092e-05,0.013170337677001953,0.2628893256187439,0.1380283899605274,0.12486094012856483,95.74293518066406,0.4774667739868164,58150.0,7020.0,58150.0
1.666263264500021e-05,1.666263264500021e-05,0.013021636009216308,0.2984509408473969,0.1724751263856888,0.12597581669688224,95.64311981201172,0.47620689868927,58200.0,7009.0,58200.0
1.6624415597649325e-05,1.6624415597649325e-05,0.013138628005981446,0.26394067108631136,0.13716079145669938,0.12677988037467003,95.58767700195312,0.4818681478500366,58250.0,7060.0,58250.0
1.6586198550298432e-05,1.6586198550298432e-05,0.013713717460632324,0.29137652814388276,0.16577038243412973,0.12560614123940467,96.05802917480469,0.47669081687927245,58300.0,7022.0,58300.0
1.654798150294755e-05,1.654798150294755e-05,0.014407038688659668,0.3131941735744476,0.17795360386371611,0.13524057120084762,93.56584930419922,0.4757073402404785,58350.0,7016.0,58350.0
1.650976445559665e-05,1.650976445559665e-05,0.01398921012878418,0.270393206179142,0.15563410595059396,0.11475910097360612,95.8419418334961,0.47351043224334716,58400.0,7024.0,58400.0
1.6471547408245772e-05,1.6471547408245772e-05,0.014403843879699707,0.273728945851326,0.14637352228164674,0.1273554213345051,95.6313247680664,0.4741243362426758,58450.0,7025.0,58450.0
1.6433330360894887e-05,1.6433330360894887e-05,0.013068842887878417,0.25383579879999163,0.1404513344168663,0.11338446512818337,95.5383071899414,0.4724882125854492,58500.0,7006.0,58500.0
1.6395113313544008e-05,1.6395113313544008e-05,0.013730168342590332,0.309446407854557,0.17771365121006966,0.1317327581346035,95.36114501953125,0.48458669185638426,58550.0,7017.0,58550.0
1.6356896266193123e-05,1.6356896266193123e-05,0.01614711284637451,0.2717111900448799,0.13394778072834015,0.1377634085714817,96.3524169921875,0.48471171855926515,58600.0,7044.0,58600.0
1.6318679218842237e-05,1.6318679218842237e-05,0.012354278564453125,0.256528927385807,0.13797202035784722,0.11855690628290176,93.82746124267578,0.4729802370071411,58650.0,7035.0,58650.0
1.628046217149135e-05,1.628046217149135e-05,0.014211368560791016,0.2885315835475922,0.16446176767349244,0.1240698166191578,94.23355102539062,0.4803381681442261,58700.0,7032.0,58700.0
1.624224512414047e-05,1.624224512414047e-05,0.012963628768920899,0.25891259908676145,0.13291587233543395,0.12599672600626946,91.75326538085938,0.4678030490875244,58750.0,7056.0,58750.0
1.6204028076789577e-05,1.6204028076789577e-05,0.014733576774597168,0.3091405496001244,0.17777274996042253,0.1313677966594696,93.3352279663086,0.47773444652557373,58800.0,7026.0,58800.0
1.616581102943869e-05,1.616581102943869e-05,0.015540623664855957,0.2669356182217598,0.1521812379360199,0.11475437954068184,95.31085205078125,0.48444242477416993,58850.0,7017.0,58850.0
1.612759398208781e-05,1.612759398208781e-05,0.014000725746154786,0.282421900331974,0.15385325476527215,0.12856864482164382,92.36254119873047,0.4782089710235596,58900.0,7028.0,58900.0
1.6089376934736917e-05,1.6089376934736917e-05,0.012342500686645507,0.23573009818792343,0.1271804690361023,0.10854963138699532,95.81420135498047,0.4717559337615967,58950.0,7005.0,58950.0
1.6051159887386025e-05,1.6051159887386025e-05,0.012530922889709473,0.24533697217702866,0.11990284025669098,0.12543413564562797,95.5086441040039,0.46988093852996826,59000.0,7013.0,59000.0
1.6012942840035132e-05,1.6012942840035132e-05,0.015002012252807617,0.2673764556646347,0.13813669979572296,0.1292397603392601,97.16014099121094,0.493552565574646,59050.0,7033.0,59050.0
1.5974725792684243e-05,1.5974725792684243e-05,0.013832783699035645,0.26505354791879654,0.13805307149887086,0.12700047269463538,92.36698913574219,0.47935636043548585,59100.0,7002.0,59100.0
1.5936508745333348e-05,1.5936508745333348e-05,0.01489260196685791,0.27175709158182143,0.14894367679953574,0.1228134125471115,93.2140121459961,0.488565993309021,59150.0,7015.0,59150.0
1.5898291697982476e-05,1.5898291697982476e-05,0.01280362606048584,0.3131235152482986,0.18052532225847245,0.1325981944799423,96.25450134277344,0.4741283655166626,59200.0,7041.0,59200.0
1.586007465063159e-05,1.586007465063159e-05,0.012365460395812988,0.32503450810909273,0.19814056158065796,0.12689394876360893,90.64400482177734,0.4733091115951538,59250.0,7023.0,59250.0
1.5821857603280718e-05,1.5821857603280718e-05,0.012407851219177247,0.2904597520828247,0.16446759477257727,0.12599215433001518,94.45098114013672,0.47473328113555907,59300.0,7001.0,59300.0
1.5783640555929826e-05,1.5783640555929826e-05,0.014751315116882324,0.2891935810446739,0.1541035607457161,0.135090022534132,94.90240478515625,0.4782252311706543,59350.0,7019.0,59350.0
1.5745423508578934e-05,1.5745423508578934e-05,0.01569554805755615,0.2875811293721199,0.16278760209679605,0.12479352876543999,95.87877655029297,0.4758462905883789,59400.0,7023.0,59400.0
1.5707206461228058e-05,1.5707206461228058e-05,0.01658341884613037,0.2793423533439636,0.15766128450632094,0.12168106883764267,92.59590911865234,0.48464145660400393,59450.0,7025.0,59450.0
1.5668989413877173e-05,1.5668989413877173e-05,0.01377410888671875,0.27520935982465744,0.15545159801840783,0.11975775957107544,95.63743591308594,0.482517671585083,59500.0,7026.0,59500.0
1.563077236652628e-05,1.563077236652628e-05,0.01480863094329834,0.27339859008789064,0.1463302806019783,0.12706830948591233,96.23918914794922,0.4981297492980957,59550.0,7023.0,59550.0
1.5592555319175395e-05,1.5592555319175395e-05,0.012807655334472656,0.2957636132836342,0.16532133370637894,0.13044227957725524,96.73125457763672,0.475303053855896,59600.0,7025.0,59600.0
1.5554338271824506e-05,1.5554338271824506e-05,0.012615370750427245,0.2851706698536873,0.14762699753046035,0.13754366859793662,95.52194213867188,0.4763969659805298,59650.0,7034.0,59650.0
1.5516121224473614e-05,1.5516121224473614e-05,0.016060137748718263,0.26316594034433366,0.13095420300960542,0.13221173956990243,95.34930419921875,0.48810620307922364,59700.0,7024.0,59700.0
1.5477904177122728e-05,1.5477904177122728e-05,0.013992834091186523,0.30031378120183944,0.16602590680122375,0.13428787142038345,95.6611099243164,0.4739659547805786,59750.0,7022.0,59750.0
1.543968712977184e-05,1.543968712977184e-05,0.013480734825134278,0.29097577184438705,0.1641880080103874,0.12678776159882546,94.66735076904297,0.4768430948257446,59800.0,7029.0,59800.0
1.5401470082420957e-05,1.5401470082420957e-05,0.014607977867126466,0.29691623598337175,0.1682011179625988,0.12871511727571489,96.03409576416016,0.49755244255065917,59850.0,7067.0,59850.0
1.536325303507008e-05,1.536325303507008e-05,0.013268494606018066,0.30869280695915224,0.18850787356495857,0.12018493860960007,93.57559204101562,0.4725234270095825,59900.0,7019.0,59900.0
1.5325035987719196e-05,1.5325035987719196e-05,0.014417576789855956,0.30042886584997175,0.17130939960479735,0.12911946177482606,92.90729522705078,0.4787328243255615,59950.0,7019.0,59950.0
1.5286818940368314e-05,1.5286818940368314e-05,0.013968420028686524,0.2884002298116684,0.16713855117559434,0.12126167416572571,95.21609497070312,0.4816937208175659,60000.0,7073.0,60000.0
1.5248601893017417e-05,1.5248601893017417e-05,0.014172172546386719,0.24949621558189392,0.13072583302855492,0.11877038404345512,95.87653350830078,0.4762446165084839,60050.0,7034.0,60050.0
1.5210384845666497e-05,1.5210384845666497e-05,0.013739371299743652,0.29549163281917573,0.18208759874105454,0.11340403482317925,94.73458862304688,0.4724344491958618,60100.0,7019.0,60100.0
1.5172167798315574e-05,1.5172167798315574e-05,0.01416001319885254,0.3620099127292633,0.2285630263388157,0.1334468863904476,93.30500030517578,0.4756614208221436,60150.0,7067.0,60150.0
1.5133950750964657e-05,1.5133950750964657e-05,0.013375997543334961,0.29946666657924653,0.1667854405939579,0.13268122673034669,96.11479187011719,0.476440954208374,60200.0,7059.0,60200.0
1.509573370361373e-05,1.509573370361373e-05,0.012608718872070313,0.2965976297855377,0.17324715256690978,0.12335048094391823,96.88864135742188,0.4700548887252808,60250.0,7028.0,60250.0
1.5057516656262811e-05,1.5057516656262811e-05,0.013830876350402832,0.33435405790805817,0.1918310545384884,0.14252300187945366,96.35514068603516,0.4762448310852051,60300.0,7040.0,60300.0
1.5019299608911887e-05,1.5019299608911887e-05,0.014060759544372558,0.29078769832849505,0.17332083657383918,0.11746686398983001,92.11530303955078,0.47885708808898925,60350.0,7024.0,60350.0
1.498108256156096e-05,1.498108256156096e-05,0.012464332580566406,0.3238496780395508,0.192578461766243,0.13127121105790138,95.73666381835938,0.47363760471343996,60400.0,7022.0,60400.0
1.494286551421002e-05,1.494286551421002e-05,0.01370236873626709,0.2830941915512085,0.1409236580133438,0.14217053800821305,96.053466796875,0.4915016174316406,60450.0,7012.0,60450.0
1.4904648466859105e-05,1.4904648466859105e-05,0.01446549892425537,0.25101151168346403,0.13067522644996643,0.12033628299832344,98.01190948486328,0.4795905590057373,60500.0,7037.0,60500.0
1.486643141950818e-05,1.486643141950818e-05,0.012301182746887207,0.3074209585785866,0.1701962359249592,0.1372247204184532,96.22362518310547,0.47248215675354005,60550.0,7016.0,60550.0
1.4828214372157257e-05,1.4828214372157257e-05,0.013298535346984863,0.27499072402715685,0.1523519553244114,0.12263877242803574,95.61044311523438,0.4733156204223633,60600.0,7003.0,60600.0
1.478999732480633e-05,1.478999732480633e-05,0.013952326774597169,0.2512947335839272,0.12752464264631272,0.12377008721232415,97.69242095947266,0.4808335304260254,60650.0,7021.0,60650.0
1.4751780277455405e-05,1.4751780277455405e-05,0.013949012756347657,0.3070672497153282,0.17472396716475486,0.13234328478574753,95.83587646484375,0.4917358160018921,60700.0,6996.0,60700.0
1.4713563230104487e-05,1.4713563230104487e-05,0.014391756057739258,0.29862486124038695,0.16397473588585854,0.13465012684464456,94.0307388305664,0.47552077770233153,60750.0,7032.0,60750.0
1.4675346182753563e-05,1.4675346182753563e-05,0.01255643367767334,0.24751295000314713,0.12834152430295945,0.11917142570018768,95.99787902832031,0.4754655361175537,60800.0,7030.0,60800.0
1.463712913540264e-05,1.463712913540264e-05,0.015600776672363282,0.28627678006887436,0.1537823833525181,0.13249439522624015,94.5913314819336,0.4858234405517578,60850.0,7039.0,60850.0
1.4598912088051712e-05,1.4598912088051712e-05,0.014265036582946778,0.2780821233987808,0.15424697399139403,0.12383514493703843,93.00569915771484,0.4795210599899292,60900.0,7029.0,60900.0
1.4560695040700796e-05,1.4560695040700796e-05,0.014079070091247559,0.28456152975559235,0.15072891861200333,0.1338326133787632,95.78850555419922,0.47816162109375,60950.0,7038.0,60950.0
1.4522477993349878e-05,1.4522477993349878e-05,0.01384408473968506,0.284186989068985,0.1514805667102337,0.1327064223587513,96.32791900634766,0.4748035669326782,61000.0,7021.0,61000.0
1.4484260945998956e-05,1.4484260945998956e-05,0.013513016700744628,0.28465706259012225,0.15809787660837174,0.12655918672680855,95.25794982910156,0.47748377323150637,61050.0,7067.0,61050.0
1.4446043898648021e-05,1.4446043898648021e-05,0.016828393936157225,0.31172831505537035,0.18169306069612504,0.13003524988889695,95.75076293945312,0.4931819915771484,61100.0,7011.0,61100.0
1.4407826851297093e-05,1.4407826851297093e-05,0.013349962234497071,0.3288223177194595,0.19748390316963196,0.1313384123146534,95.37532043457031,0.4714446306228638,61150.0,7041.0,61150.0
1.436960980394617e-05,1.436960980394617e-05,0.013975405693054199,0.2792720556259155,0.14422686025500298,0.13504519835114479,91.89220428466797,0.47781009674072267,61200.0,7033.0,61200.0
1.4331392756595247e-05,1.4331392756595247e-05,0.013782548904418945,0.28317314833402635,0.16954952105879784,0.11362362578511238,96.28974914550781,0.4693087100982666,61250.0,7036.0,61250.0
1.4293175709244318e-05,1.4293175709244318e-05,0.014930486679077148,0.2934416443109512,0.15916445814073085,0.13427718579769135,94.4270248413086,0.48196730613708494,61300.0,7033.0,61300.0
1.4254958661893402e-05,1.4254958661893402e-05,0.014675641059875488,0.2612707674503326,0.13646643310785295,0.12480433732271194,95.19837951660156,0.49434866905212405,61350.0,7014.0,61350.0
1.4216741614542484e-05,1.4216741614542484e-05,0.014638566970825195,0.291446727514267,0.16261283233761786,0.12883389443159105,95.31370544433594,0.47779150009155275,61400.0,7025.0,61400.0
1.417852456719156e-05,1.417852456719156e-05,0.015008497238159179,0.2843109413981438,0.15191264003515242,0.13239830508828163,94.19979858398438,0.48128066062927244,61450.0,7018.0,61450.0
1.414030751984063e-05,1.414030751984063e-05,0.015749907493591307,0.2683138489723206,0.14396566525101662,0.124348184466362,93.94329833984375,0.48770484924316404,61500.0,7034.0,61500.0
1.4102090472489706e-05,1.4102090472489706e-05,0.012860512733459473,0.2728268414735794,0.14361436143517495,0.12921248376369476,91.05664825439453,0.47986321449279784,61550.0,7022.0,61550.0
1.4063873425138778e-05,1.4063873425138778e-05,0.01418149471282959,0.30192402452230455,0.1659904509782791,0.13593356907367707,96.02128601074219,0.4891258001327515,61600.0,7050.0,61600.0
1.402565637778786e-05,1.402565637778786e-05,0.012509536743164063,0.26529988646507263,0.1432904340326786,0.12200945168733597,94.27339935302734,0.47562148571014407,61650.0,7044.0,61650.0
1.3987439330436942e-05,1.3987439330436942e-05,0.014361190795898437,0.27831140607595445,0.15066182240843773,0.12764958292245865,96.62779998779297,0.4894512891769409,61700.0,7017.0,61700.0
1.3949222283086026e-05,1.3949222283086026e-05,0.014186882972717285,0.2594826862215996,0.14288911446928979,0.11659357100725173,94.61636352539062,0.4741199016571045,61750.0,7023.0,61750.0
1.39110052357351e-05,1.39110052357351e-05,0.01550755500793457,0.28356062024831774,0.16143444776535035,0.12212616875767708,95.50205993652344,0.47520933151245115,61800.0,7048.0,61800.0
1.3872788188384177e-05,1.3872788188384177e-05,0.01368088722229004,0.2626372009515762,0.14528729394078255,0.1173499047756195,94.83045959472656,0.47849771976470945,61850.0,7038.0,61850.0
1.383457114103326e-05,1.383457114103326e-05,0.014118576049804687,0.3297011718153954,0.1969602294266224,0.13274094089865685,90.10153198242188,0.49358842372894285,61900.0,7034.0,61900.0
1.3796354093682337e-05,1.3796354093682337e-05,0.015105247497558594,0.2948491096496582,0.15954807996749878,0.13530103266239166,92.79698944091797,0.47940826416015625,61950.0,7007.0,61950.0
1.3758137046331414e-05,1.3758137046331414e-05,0.014501214027404785,0.2786671221256256,0.1538281887769699,0.12483893409371376,94.01676177978516,0.47812063694000245,62000.0,7037.0,62000.0
1.371991999898049e-05,1.371991999898049e-05,0.014222359657287598,0.2935451865196228,0.16350778192281723,0.13003740459680557,95.12451171875,0.48023123741149903,62050.0,7034.0,62050.0
1.3681702951629572e-05,1.3681702951629572e-05,0.015189051628112793,0.33249922692775724,0.18899760469794274,0.1435016207396984,96.27532196044922,0.48566441535949706,62100.0,7061.0,62100.0
1.3643485904278642e-05,1.3643485904278642e-05,0.01245276927947998,0.2885109558701515,0.15797339156270027,0.13053756579756737,94.72893524169922,0.47133336067199705,62150.0,7012.0,62150.0
1.3605268856927723e-05,1.3605268856927723e-05,0.013437294960021972,0.29454695582389834,0.16405400782823562,0.13049295023083687,95.94683837890625,0.4775084495544434,62200.0,7017.0,62200.0
1.3567051809576805e-05,1.3567051809576805e-05,0.014765238761901856,0.2573185503482819,0.13888835534453392,0.11843019798398018,93.31871795654297,0.47544660568237307,62250.0,7035.0,62250.0
1.352883476222589e-05,1.352883476222589e-05,0.013824462890625,0.2923450320959091,0.15659555941820144,0.1357494719326496,94.97394561767578,0.4797325134277344,62300.0,7016.0,62300.0
1.3490617714874978e-05,1.3490617714874978e-05,0.014902281761169433,0.27392058074474335,0.14674776419997215,0.12717282250523568,92.93179321289062,0.4953410863876343,62350.0,7002.0,62350.0
1.3452400667524043e-05,1.3452400667524043e-05,0.01614980697631836,0.28131309151649475,0.15822486877441405,0.12308821827173233,95.11823272705078,0.48503808975219725,62400.0,7029.0,62400.0
1.3414183620173126e-05,1.3414183620173126e-05,0.015903663635253907,0.2960071340203285,0.16858624666929245,0.127420886605978,92.45565795898438,0.48006110191345214,62450.0,7002.0,62450.0
1.3375966572822208e-05,1.3375966572822208e-05,0.012671804428100586,0.26997007578611376,0.14305955916643143,0.12691051810979842,92.489013671875,0.47800745964050295,62500.0,6999.0,62500.0
1.3337749525471287e-05,1.3337749525471287e-05,0.01469573974609375,0.30012647807598114,0.17287155836820603,0.12725491523742677,95.44469451904297,0.49552488327026367,62550.0,7056.0,62550.0
1.3299532478120366e-05,1.3299532478120366e-05,0.013460612297058106,0.3003229171037674,0.17350343018770217,0.12681948617100716,93.03770446777344,0.47813680171966555,62600.0,7030.0,62600.0
1.3261315430769436e-05,1.3261315430769436e-05,0.012647485733032227,0.3285444527864456,0.1872316427528858,0.14131281152367592,91.05946350097656,0.4764803171157837,62650.0,7022.0,62650.0
1.3223098383418515e-05,1.3223098383418515e-05,0.012914252281188966,0.30032617449760435,0.17147345021367072,0.1288527265191078,95.21117401123047,0.47570583820343015,62700.0,7003.0,62700.0
1.3184881336067592e-05,1.3184881336067592e-05,0.012522506713867187,0.3032249271869659,0.15556496530771255,0.14765997007489204,95.66777801513672,0.47606501579284666,62750.0,7028.0,62750.0
1.3146664288716681e-05,1.3146664288716681e-05,0.012446904182434082,0.2895979478955269,0.15775016099214553,0.1318477801978588,94.62350463867188,0.47211029529571535,62800.0,7030.0,62800.0
1.3108447241365755e-05,1.3108447241365755e-05,0.013856220245361327,0.27605014592409133,0.15090081691741944,0.12514932975172996,91.59373474121094,0.47681336402893065,62850.0,7043.0,62850.0
1.3070230194014824e-05,1.3070230194014824e-05,0.012319207191467285,0.2463546022772789,0.12467434853315354,0.12168025225400925,95.71000671386719,0.4705913782119751,62900.0,6995.0,62900.0
1.3032013146663904e-05,1.3032013146663904e-05,0.01241762638092041,0.28845526874065397,0.1614375427365303,0.127017729729414,91.29006958007812,0.47514686584472654,62950.0,7023.0,62950.0
1.2993796099312973e-05,1.2993796099312973e-05,0.012416601181030273,0.28137015998363496,0.160846708714962,0.12052345424890518,95.23102569580078,0.47002553939819336,63000.0,7044.0,63000.0
1.2955579051962052e-05,1.2955579051962052e-05,0.013148999214172364,0.29611057192087176,0.16958297714591025,0.12652759850025178,94.6760025024414,0.4803850889205933,63050.0,7033.0,63050.0
1.2917362004611128e-05,1.2917362004611128e-05,0.012315845489501953,0.26778644174337385,0.14656219780445098,0.12122424393892288,94.62850189208984,0.47337026596069337,63100.0,7049.0,63100.0
1.2879144957260206e-05,1.2879144957260206e-05,0.012539029121398926,0.2772072941064835,0.14749631136655808,0.12971099019050597,95.12081146240234,0.47278447151184083,63150.0,7021.0,63150.0
1.2840927909909284e-05,1.2840927909909284e-05,0.012516427040100097,0.2729900717735291,0.1385493256151676,0.13444074913859366,96.22323608398438,0.47180182933807374,63200.0,7026.0,63200.0
1.2802710862558352e-05,1.2802710862558352e-05,0.015574073791503907,0.2761102542281151,0.1540012240409851,0.12210902646183967,94.29271697998047,0.48481619358062744,63250.0,7043.0,63250.0
1.2764493815207431e-05,1.2764493815207431e-05,0.012598943710327149,0.2830389976501465,0.15416635051369668,0.128872649371624,96.13182067871094,0.4758976221084595,63300.0,7033.0,63300.0
1.2726276767856512e-05,1.2726276767856512e-05,0.01285238265991211,0.3028184801340103,0.1762211725115776,0.12659730538725852,95.19953918457031,0.47522308826446535,63350.0,6980.0,63350.0
1.268805972050558e-05,1.268805972050558e-05,0.012623476982116699,0.30410631000995636,0.1696939669549465,0.1344123438000679,95.33439636230469,0.4711684942245483,63400.0,7022.0,63400.0
1.264984267315465e-05,1.264984267315465e-05,0.012612032890319824,0.2754416882991791,0.14121531397104264,0.13422637656331063,96.0226058959961,0.47261645793914797,63450.0,7052.0,63450.0
1.2611625625803728e-05,1.2611625625803728e-05,0.013217973709106445,0.2938369572162628,0.1572541393339634,0.1365828238427639,95.3313980102539,0.4730869770050049,63500.0,7002.0,63500.0
1.2573408578452809e-05,1.2573408578452809e-05,0.012319540977478028,0.2733655259013176,0.14471218287944793,0.1286533445119858,95.59929656982422,0.476061487197876,63550.0,7025.0,63550.0
1.2535191531101876e-05,1.2535191531101876e-05,0.015189933776855468,0.2997300773859024,0.16672152429819107,0.13300855457782745,92.92626953125,0.4765321254730225,63600.0,7044.0,63600.0
1.2496974483750953e-05,1.2496974483750953e-05,0.013866686820983886,0.29716626852750777,0.17561659812927247,0.1215496689081192,96.40072631835938,0.47057523727416994,63650.0,7017.0,63650.0
1.2458757436400023e-05,1.2458757436400023e-05,0.016933369636535644,0.29087464660406115,0.1583216205239296,0.13255302608013153,95.1473388671875,0.47751293182373045,63700.0,7006.0,63700.0
1.2420540389049094e-05,1.2420540389049094e-05,0.015269279479980469,0.3131199464201927,0.18277303799986838,0.1303469069302082,92.62853240966797,0.4786918878555298,63750.0,7005.0,63750.0
1.2382323341698174e-05,1.2382323341698174e-05,0.012428069114685058,0.2564440488815308,0.14649320021271706,0.10995085015892983,94.35447692871094,0.4670900344848633,63800.0,7030.0,63800.0
1.2344106294347255e-05,1.2344106294347255e-05,0.01499192714691162,0.28573943823575976,0.1683591641485691,0.11738027557730675,94.3475112915039,0.4779639482498169,63850.0,7004.0,63850.0
1.230588924699633e-05,1.230588924699633e-05,0.012364006042480469,0.2839786171913147,0.1612059846520424,0.12277263030409813,92.64437103271484,0.47266056537628176,63900.0,7030.0,63900.0
1.2267672199645406e-05,1.2267672199645406e-05,0.015591883659362793,0.26478809118270874,0.13827285096049308,0.12651523873209952,93.4553451538086,0.4823157548904419,63950.0,7052.0,63950.0
1.2229455152294488e-05,1.2229455152294488e-05,0.015105128288269043,0.275430428981781,0.15852874740958214,0.11690167859196662,94.6499252319336,0.4832784175872803,64000.0,7025.0,64000.0
1.2191238104943567e-05,1.2191238104943567e-05,0.0155592679977417,0.3072484523057938,0.18008220866322516,0.12716624066233634,94.98200988769531,0.4748128652572632,64050.0,6986.0,64050.0
1.2153021057592646e-05,1.2153021057592646e-05,0.019101619720458984,0.35244078785181043,0.22218767777085305,0.130253104865551,95.05847930908203,0.4953446626663208,64100.0,7039.0,64100.0
1.2114804010241715e-05,1.2114804010241715e-05,0.016277623176574708,0.28149016946554184,0.15160366743803025,0.12988650649785996,96.62490844726562,0.4824967861175537,64150.0,6995.0,64150.0
1.2076586962890795e-05,1.2076586962890795e-05,0.01670536994934082,0.2699996650218964,0.1373863499611616,0.13261331394314765,95.75598907470703,0.4855539083480835,64200.0,7025.0,64200.0
1.2038369915539873e-05,1.2038369915539873e-05,0.013983917236328126,0.26917058527469634,0.13492101281881333,0.13424957543611526,95.13632202148438,0.47971482276916505,64250.0,7026.0,64250.0
1.2000152868188946e-05,1.2000152868188946e-05,0.016634488105773927,0.254376719892025,0.12848131135106086,0.12589540630578994,95.5760269165039,0.4815167188644409,64300.0,7025.0,64300.0
1.1961935820838017e-05,1.1961935820838017e-05,0.014614176750183106,0.2865187168121338,0.1725270427763462,0.11399167254567147,91.60919952392578,0.47356116771698,64350.0,7006.0,64350.0
1.1923718773487089e-05,1.1923718773487089e-05,0.012630558013916016,0.2935486018657684,0.1630628876388073,0.13048571720719337,96.2082748413086,0.47382173538208006,64400.0,7056.0,64400.0
1.188550172613616e-05,1.188550172613616e-05,0.0124525785446167,0.26674497723579405,0.15351018011569978,0.11323479935526848,90.69209289550781,0.4699896812438965,64450.0,7024.0,64450.0
1.1847284678785237e-05,1.1847284678785237e-05,0.012448263168334962,0.28827002495527265,0.15685863196849822,0.13141139596700668,94.55083465576172,0.47249412536621094,64500.0,7009.0,64500.0
1.1809067631434319e-05,1.1809067631434319e-05,0.01576187610626221,0.2940463855862617,0.16652134656906128,0.1275250419974327,94.46308135986328,0.4816413640975952,64550.0,7033.0,64550.0
1.1770850584083401e-05,1.1770850584083401e-05,0.015356159210205078,0.27767257392406464,0.15453836992383002,0.12313420623540879,96.00991821289062,0.4802959680557251,64600.0,7012.0,64600.0
1.1732633536732472e-05,1.1732633536732472e-05,0.014636015892028809,0.2510629460215569,0.13704286515712738,0.11402008086442947,94.7047348022461,0.495454216003418,64650.0,7007.0,64650.0
1.1694416489381545e-05,1.1694416489381545e-05,0.01290595531463623,0.27264806926250457,0.14718096628785132,0.12546710669994354,93.19393157958984,0.47360222339630126,64700.0,7024.0,64700.0
1.1656199442030628e-05,1.1656199442030628e-05,0.01267411708831787,0.2866748183965683,0.1568314850330353,0.12984333857893943,96.18775177001953,0.4755817651748657,64750.0,7010.0,64750.0
1.1617982394679703e-05,1.1617982394679703e-05,0.013166093826293945,0.2990859538316727,0.16748646199703215,0.1315994992852211,90.76567840576172,0.48071837425231934,64800.0,7008.0,64800.0
1.1579765347328774e-05,1.1579765347328774e-05,0.014753389358520507,0.33597531616687776,0.20390731394290923,0.13206800296902657,94.63111877441406,0.4805271625518799,64850.0,7019.0,64850.0
1.1541548299977847e-05,1.1541548299977847e-05,0.014332175254821777,0.26786580234766005,0.14771872162818908,0.12014708071947097,93.49230194091797,0.48089625835418703,64900.0,7032.0,64900.0
1.1503331252626926e-05,1.1503331252626926e-05,0.012945270538330078,0.27468983829021454,0.1507475957274437,0.12394223958253861,97.47525024414062,0.47439711093902587,64950.0,7007.0,64950.0
1.1465114205276e-05,1.1465114205276e-05,0.012689328193664551,0.2814315140247345,0.16285029351711272,0.118581223487854,94.57057189941406,0.4747096061706543,65000.0,7030.0,65000.0
1.1426897157925079e-05,1.1426897157925079e-05,0.013179278373718262,0.28027760833501814,0.15802417024970056,0.12225343883037568,95.09892272949219,0.47759222984313965,65050.0,7035.0,65050.0
1.1388680110574158e-05,1.1388680110574158e-05,0.01660902500152588,0.29560885578393936,0.16734088212251663,0.12826797366142273,95.52884674072266,0.4921654462814331,65100.0,7021.0,65100.0
1.1350463063223238e-05,1.1350463063223238e-05,0.014088034629821777,0.2550514355301857,0.13774524480104447,0.11730619221925735,95.7199478149414,0.4742687225341797,65150.0,6994.0,65150.0
1.1312246015872302e-05,1.1312246015872302e-05,0.012644004821777344,0.2817299127578735,0.1563367500901222,0.12539316490292549,95.08807373046875,0.4766004800796509,65200.0,7037.0,65200.0
1.1274028968521386e-05,1.1274028968521386e-05,0.014833664894104004,0.2972439870238304,0.17174547240138055,0.12549851536750795,94.05850982666016,0.47574851512908933,65250.0,7057.0,65250.0
1.1235811921170468e-05,1.1235811921170468e-05,0.01269204616546631,0.31199795603752134,0.1868264853954315,0.12517147064208983,95.04816436767578,0.4743444204330444,65300.0,6997.0,65300.0
1.1197594873819544e-05,1.1197594873819544e-05,0.012706899642944336,0.2750343754887581,0.1422434888780117,0.1327908866107464,96.98247528076172,0.47529537677764894,65350.0,7020.0,65350.0
1.1159377826468628e-05,1.1159377826468628e-05,0.014613199234008788,0.33848038613796233,0.20218977108597755,0.13629061728715897,92.61139678955078,0.47903904914855955,65400.0,7031.0,65400.0
1.112116077911771e-05,1.112116077911771e-05,0.014622068405151368,0.3025058448314667,0.16551047265529634,0.136995367705822,93.78990173339844,0.48355808258056643,65450.0,7081.0,65450.0
1.1082943731766789e-05,1.1082943731766789e-05,0.014490079879760743,0.30859813988208773,0.18076656237244607,0.12783157974481582,90.22628784179688,0.4804098606109619,65500.0,7019.0,65500.0
1.1044726684415866e-05,1.1044726684415866e-05,0.012251019477844238,0.280692894756794,0.14618304818868638,0.13450984433293342,96.25952911376953,0.4720686674118042,65550.0,7002.0,65550.0
1.1006509637064955e-05,1.1006509637064955e-05,0.012802958488464355,0.3066609337925911,0.1790787935256958,0.127582136541605,96.38276672363281,0.480063796043396,65600.0,7016.0,65600.0
1.096829258971403e-05,1.096829258971403e-05,0.01572263240814209,0.26840275526046753,0.14592214897274972,0.12248061299324035,93.55853271484375,0.48734948635101316,65650.0,7034.0,65650.0
1.0930075542363113e-05,1.0930075542363113e-05,0.013062310218811036,0.2645633012056351,0.1471489153802395,0.11741438731551171,95.36674499511719,0.47279527187347414,65700.0,7036.0,65700.0
1.0891858495012192e-05,1.0891858495012192e-05,0.014891767501831054,0.2520091623067856,0.12825375497341157,0.12375541105866432,96.20048522949219,0.48073108196258546,65750.0,7029.0,65750.0
1.085364144766127e-05,1.085364144766127e-05,0.01352376937866211,0.30000169575214386,0.17310168221592903,0.1269000142812729,95.34283447265625,0.4777953624725342,65800.0,7031.0,65800.0
1.0815424400310345e-05,1.0815424400310345e-05,0.01590263843536377,0.31645826399326327,0.17870525121688843,0.13775301352143288,91.94739532470703,0.4912912368774414,65850.0,6999.0,65850.0
1.077720735295942e-05,1.077720735295942e-05,0.01256096363067627,0.29249671697616575,0.1634976662695408,0.12899905294179917,93.03929901123047,0.47465829849243163,65900.0,7000.0,65900.0
1.0738990305608504e-05,1.0738990305608504e-05,0.012175345420837402,0.3202191203832626,0.18149410039186478,0.13872501626610756,92.82181549072266,0.4766594648361206,65950.0,7025.0,65950.0
1.0700773258257573e-05,1.0700773258257573e-05,0.015752077102661133,0.3032430842518806,0.1699766404926777,0.1332664407789707,93.76688385009766,0.49911184310913087,66000.0,7004.0,66000.0
1.066255621090665e-05,1.066255621090665e-05,0.01387932300567627,0.32546726018190386,0.18710746392607688,0.13835979104042054,96.1899642944336,0.48597700595855714,66050.0,6989.0,66050.0
1.0624339163555729e-05,1.0624339163555729e-05,0.014219045639038086,0.26774911433458326,0.14292621985077858,0.12482289597392082,94.27706146240234,0.47875912189483644,66100.0,7026.0,66100.0
1.0586122116204803e-05,1.0586122116204803e-05,0.014308452606201172,0.28370166271924974,0.1647530108690262,0.11894865334033966,93.53018951416016,0.4794670343399048,66150.0,7037.0,66150.0
1.0547905068853882e-05,1.0547905068853882e-05,0.013454222679138183,0.27996728718280794,0.1599146194756031,0.12005266472697258,95.24964904785156,0.47574217319488527,66200.0,7008.0,66200.0
1.0509688021502949e-05,1.0509688021502949e-05,0.013486504554748535,0.25530502647161485,0.13252627067267894,0.12277875542640686,94.74571228027344,0.47880585193634034,66250.0,7035.0,66250.0
1.0471470974152022e-05,1.0471470974152022e-05,0.015145421028137207,0.2698122262954712,0.1532665990293026,0.11654562577605247,93.02722930908203,0.49670188426971434,66300.0,7029.0,66300.0
1.0433253926801091e-05,1.0433253926801091e-05,0.014656519889831543,0.32329071611166,0.19851480275392533,0.12477590814232827,94.8792724609375,0.4879345655441284,66350.0,7044.0,66350.0
1.0395036879450172e-05,1.0395036879450172e-05,0.013920450210571289,0.29295092821121216,0.1623932510614395,0.13055767640471458,95.66421508789062,0.47838282585144043,66400.0,7023.0,66400.0
1.0356819832099246e-05,1.0356819832099246e-05,0.012577629089355469,0.25779696404933927,0.12575207874178887,0.13204488456249236,95.81656646728516,0.4743889331817627,66450.0,7032.0,66450.0
1.0318602784748323e-05,1.0318602784748323e-05,0.016835880279541016,0.2755314528942108,0.15761981308460235,0.1179116390645504,93.84526062011719,0.47898671627044676,66500.0,7001.0,66500.0
1.0280385737397392e-05,1.0280385737397392e-05,0.01256701946258545,0.28196860700845716,0.1558704175055027,0.1260981872677803,94.31230926513672,0.472407603263855,66550.0,7007.0,66550.0
1.0242168690046474e-05,1.0242168690046474e-05,0.014636635780334473,0.2694839879870415,0.14290314614772798,0.12658083960413932,95.06743621826172,0.47846648693084715,66600.0,7055.0,66600.0
1.0203951642695553e-05,1.0203951642695553e-05,0.013959336280822753,0.31010540276765824,0.17550397291779518,0.13460142761468888,93.72412109375,0.48050215244293215,66650.0,7028.0,66650.0
1.0165734595344628e-05,1.0165734595344628e-05,0.01447887420654297,0.27121912091970446,0.1500335715711117,0.12118554562330246,94.26395416259766,0.4891843795776367,66700.0,7003.0,66700.0
1.0127517547993704e-05,1.0127517547993704e-05,0.012894916534423827,0.3055474847555161,0.17871617153286934,0.1268313132226467,93.172119140625,0.4748850345611572,66750.0,7010.0,66750.0
1.008930050064277e-05,1.008930050064277e-05,0.014435648918151855,0.3056953951716423,0.17194827646017075,0.13374711871147155,96.94231414794922,0.4870491027832031,66800.0,7011.0,66800.0
1.0051083453291848e-05,1.0051083453291848e-05,0.014308953285217285,0.27983175963163376,0.1499241881072521,0.1299075737595558,93.74422454833984,0.47796103954315183,66850.0,6996.0,66850.0
1.0012866405940925e-05,1.0012866405940925e-05,0.014649319648742675,0.26527179777622223,0.1469286285340786,0.11834317296743393,94.68948364257812,0.4805360078811646,66900.0,7001.0,66900.0
9.974649358590002e-06,9.974649358590002e-06,0.015867733955383302,0.29677863121032716,0.16852893754839898,0.128249691426754,90.74227142333984,0.47941701412200927,66950.0,7010.0,66950.0
9.936432311239071e-06,9.936432311239071e-06,0.01573617458343506,0.2810114219784737,0.15294272378087043,0.12806870117783548,95.48844909667969,0.4848758697509766,67000.0,7031.0,67000.0
9.898215263888143e-06,9.898215263888143e-06,0.0140061616897583,0.2590316578745842,0.14188777059316635,0.11714388430118561,95.84610748291016,0.47802412509918213,67050.0,7010.0,67050.0
9.859998216537224e-06,9.859998216537224e-06,0.015814447402954103,0.2612899973988533,0.14145176634192466,0.11983823552727699,93.67185974121094,0.4868406534194946,67100.0,7016.0,67100.0
9.821781169186304e-06,9.821781169186304e-06,0.015412187576293946,0.2585657238960266,0.13462739810347557,0.1239383265376091,93.64340209960938,0.48163352012634275,67150.0,7032.0,67150.0
9.783564121835378e-06,9.783564121835378e-06,0.014281153678894043,0.25275360345840453,0.13519463390111924,0.11755896881222724,96.05358123779297,0.47437856197357176,67200.0,7027.0,67200.0
9.745347074484452e-06,9.745347074484452e-06,0.01610257625579834,0.30812875032424925,0.1802113614976406,0.12791738361120225,94.51795196533203,0.48882503509521485,67250.0,7004.0,67250.0
9.707130027133517e-06,9.707130027133517e-06,0.015961575508117675,0.2853252589702606,0.17519454509019852,0.11013071537017823,94.16436767578125,0.4746028184890747,67300.0,7052.0,67300.0
9.668912979782608e-06,9.668912979782608e-06,0.013875865936279297,0.27961994111537936,0.1453523851931095,0.13426755666732787,95.86053466796875,0.472802472114563,67350.0,7025.0,67350.0
9.630695932431684e-06,9.630695932431684e-06,0.014319920539855957,0.2962689444422722,0.1640884518623352,0.13218049257993697,95.25296783447266,0.47694969177246094,67400.0,7049.0,67400.0
9.592478885080766e-06,9.592478885080766e-06,0.012752437591552734,0.2967443376779556,0.16054862290620803,0.13619571551680565,95.88230895996094,0.4728947877883911,67450.0,7026.0,67450.0
9.554261837729845e-06,9.554261837729845e-06,0.017564034461975096,0.28251097947359083,0.14626959040760995,0.1362413875758648,94.81179809570312,0.48502316474914553,67500.0,7038.0,67500.0
9.51604479037892e-06,9.51604479037892e-06,0.013384723663330078,0.29473063349723816,0.16601459607481955,0.12871604412794113,94.91386413574219,0.47358088493347167,67550.0,7038.0,67550.0
9.477827743027997e-06,9.477827743027997e-06,0.012701630592346191,0.239824578166008,0.12102782130241393,0.11879675313830376,96.25580596923828,0.4727252244949341,67600.0,7036.0,67600.0
9.439610695677078e-06,9.439610695677078e-06,0.012842798233032226,0.3070695295929909,0.17413633316755295,0.13293319270014764,96.51396942138672,0.4765804290771484,67650.0,7001.0,67650.0
9.401393648326154e-06,9.401393648326154e-06,0.014409780502319336,0.3201132118701935,0.18382424339652062,0.13628896996378898,94.89305114746094,0.48385474681854246,67700.0,7086.0,67700.0
9.363176600975224e-06,9.363176600975224e-06,0.014123296737670899,0.25702105164527894,0.13661352246999742,0.12040752470493317,96.10626220703125,0.4808133840560913,67750.0,7003.0,67750.0
9.324959553624294e-06,9.324959553624294e-06,0.014386558532714843,0.28747483640909194,0.15404979586601258,0.13342504128813742,95.37458801269531,0.479554271697998,67800.0,7030.0,67800.0
9.286742506273368e-06,9.286742506273368e-06,0.012619209289550782,0.2654240220785141,0.14441608041524887,0.12100794091820717,94.11134338378906,0.46964781284332274,67850.0,7060.0,67850.0
9.248525458922452e-06,9.248525458922452e-06,0.012633943557739257,0.3155715525150299,0.18685412928462028,0.12871742621064186,96.23876953125,0.47336013317108155,67900.0,7092.0,67900.0
9.21030841157153e-06,9.21030841157153e-06,0.0123138427734375,0.2859328866004944,0.15580562204122544,0.13012725710868836,96.3764877319336,0.4709846019744873,67950.0,7029.0,67950.0
9.172091364220612e-06,9.172091364220612e-06,0.01551070213317871,0.258917336165905,0.1394630528986454,0.11945428401231765,93.68099975585938,0.4725598096847534,68000.0,7006.0,68000.0
9.133874316869687e-06,9.133874316869687e-06,0.017824840545654298,0.255503448843956,0.14300976693630219,0.11249367967247963,95.35964965820312,0.48631069660186765,68050.0,7012.0,68050.0
9.095657269518763e-06,9.095657269518763e-06,0.012904930114746093,0.2663605108857155,0.13838157430291176,0.1279789350926876,95.44157409667969,0.4712626218795776,68100.0,7026.0,68100.0
9.057440222167833e-06,9.057440222167833e-06,0.014098405838012695,0.2600376337766647,0.1430344022810459,0.11700323447585106,94.08224487304688,0.46961729526519774,68150.0,6997.0,68150.0
9.019223174816907e-06,9.019223174816907e-06,0.013164138793945313,0.30355033874511717,0.17207997739315034,0.13147036284208297,94.9697036743164,0.4746234893798828,68200.0,6994.0,68200.0
8.981006127465972e-06,8.981006127465972e-06,0.013818025588989258,0.2598783552646637,0.1490214616060257,0.11085689142346382,93.75422668457031,0.47364728450775145,68250.0,7048.0,68250.0
8.94278908011505e-06,8.94278908011505e-06,0.01422412395477295,0.3723615437746048,0.2431640625,0.12919748574495316,96.4808578491211,0.47732295989990237,68300.0,7043.0,68300.0
8.904572032764137e-06,8.904572032764137e-06,0.01369333267211914,0.25213818699121476,0.12982794344425203,0.12231024503707885,96.69325256347656,0.4700957775115967,68350.0,7043.0,68350.0
8.866354985413216e-06,8.866354985413216e-06,0.013527750968933105,0.2627122953534126,0.13948856815695762,0.12322372943162918,94.57852172851562,0.47485854625701907,68400.0,7016.0,68400.0
8.828137938062295e-06,8.828137938062295e-06,0.014804935455322266,0.29403354972600937,0.16519002988934517,0.12884352281689643,94.50911712646484,0.4789946794509888,68450.0,7046.0,68450.0
8.78992089071137e-06,8.78992089071137e-06,0.013367581367492675,0.2471663922071457,0.1254613220691681,0.1217050738632679,96.5355453491211,0.47570977210998533,68500.0,7025.0,68500.0
8.751703843360449e-06,8.751703843360449e-06,0.012712240219116211,0.2942310214042664,0.17007191181182862,0.12415910959243774,93.24842071533203,0.47429447174072265,68550.0,7034.0,68550.0
8.713486796009523e-06,8.713486796009523e-06,0.012791013717651368,0.28802495151758195,0.15603011548519136,0.1319948397576809,96.34521484375,0.47662360668182374,68600.0,7046.0,68600.0
8.675269748658593e-06,8.675269748658593e-06,0.01285557746887207,0.2751628175377846,0.13938689082860947,0.1357759267091751,93.3630599975586,0.4777776479721069,68650.0,7002.0,68650.0
8.637052701307665e-06,8.637052701307665e-06,0.016120052337646483,0.2545440122485161,0.13938525170087815,0.1151587650179863,93.44839477539062,0.4738854646682739,68700.0,7015.0,68700.0
8.598835653956746e-06,8.598835653956746e-06,0.012782979011535644,0.29872100353240966,0.1678982838988304,0.13082271963357925,94.72332763671875,0.47687134742736814,68750.0,7059.0,68750.0
8.560618606605818e-06,8.560618606605818e-06,0.012822604179382325,0.2554949581623077,0.143746455013752,0.11174850016832352,95.85733032226562,0.4685560941696167,68800.0,7049.0,68800.0
8.522401559254895e-06,8.522401559254895e-06,0.012808680534362793,0.2693624675273895,0.14432632848620414,0.12503613382577897,95.61432647705078,0.4711446762084961,68850.0,7031.0,68850.0
8.48418451190398e-06,8.48418451190398e-06,0.012660765647888183,0.24929760694503783,0.1287745513021946,0.12052305713295937,92.90313720703125,0.47081263065338136,68900.0,7063.0,68900.0
8.445967464553075e-06,8.445967464553075e-06,0.012757062911987305,0.315137991309166,0.17941049709916115,0.1357274942100048,91.4178237915039,0.47909562587738036,68950.0,7014.0,68950.0
8.40775041720215e-06,8.40775041720215e-06,0.015579938888549805,0.28748212903738024,0.15603364929556846,0.1314484789967537,96.72675323486328,0.4840450048446655,69000.0,7043.0,69000.0
8.369533369851235e-06,8.369533369851235e-06,0.015087437629699708,0.27262834161520005,0.14789656400680543,0.12473178058862686,95.11393737792969,0.49207773208618166,69050.0,7029.0,69050.0
8.331316322500313e-06,8.331316322500313e-06,0.014573383331298827,0.253616563975811,0.1351832501590252,0.11843331232666969,93.36030578613281,0.48021512031555175,69100.0,7036.0,69100.0
8.293099275149394e-06,8.293099275149394e-06,0.01288454532623291,0.27111446112394333,0.15095268711447715,0.12016177400946618,94.871337890625,0.47183034420013426,69150.0,7009.0,69150.0
8.254882227798478e-06,8.254882227798478e-06,0.014221715927124023,0.2561336174607277,0.12951354756951333,0.1266200676560402,96.02911376953125,0.47861969470977783,69200.0,7026.0,69200.0
8.21666518044755e-06,8.21666518044755e-06,0.014603710174560547,0.2978044167160988,0.16590421497821808,0.1319001980125904,96.5818099975586,0.47514801025390624,69250.0,7012.0,69250.0
8.178448133096632e-06,8.178448133096632e-06,0.01408092975616455,0.2644988730549812,0.13710587918758393,0.1273929938673973,95.64073944091797,0.48026623725891116,69300.0,7032.0,69300.0
8.140231085745703e-06,8.140231085745703e-06,0.012775707244873046,0.2809322953224182,0.14931913018226622,0.13161316588521005,95.08837127685547,0.4767839193344116,69350.0,7065.0,69350.0
8.102014038394785e-06,8.102014038394785e-06,0.014057564735412597,0.23917634785175323,0.12175474390387535,0.117421605437994,95.28225708007812,0.47192771434783937,69400.0,7013.0,69400.0
8.06379699104387e-06,8.06379699104387e-06,0.015474486351013183,0.28271983563899994,0.16557798571884633,0.1171418510377407,98.33976745605469,0.4801034450531006,69450.0,7020.0,69450.0
8.025579943692953e-06,8.025579943692953e-06,0.015020108222961426,0.31628938764333725,0.1877095118165016,0.12857987657189368,96.17688751220703,0.48356947898864744,69500.0,7024.0,69500.0
7.98736289634203e-06,7.98736289634203e-06,0.013806939125061035,0.2711719885468483,0.1496336966753006,0.1215382881462574,93.84906768798828,0.4800352811813354,69550.0,7024.0,69550.0
7.949145848991102e-06,7.949145848991102e-06,0.013625121116638184,0.26726082861423495,0.15567099824547767,0.11158983409404755,93.63799285888672,0.46983468532562256,69600.0,7020.0,69600.0
7.910928801640191e-06,7.910928801640191e-06,0.014595675468444824,0.27311138063669205,0.15231322273612022,0.120798160135746,93.52130126953125,0.47612197399139405,69650.0,7023.0,69650.0
7.87271175428927e-06,7.87271175428927e-06,0.014275145530700684,0.30852257609367373,0.17225978821516036,0.13626278266310693,93.78659057617188,0.479593825340271,69700.0,7035.0,69700.0
7.834494706938346e-06,7.834494706938346e-06,0.012825345993041993,0.3036509245634079,0.1721598155796528,0.1314911089837551,95.93925476074219,0.4752388000488281,69750.0,7048.0,69750.0
7.796277659587423e-06,7.796277659587423e-06,0.014678359031677246,0.2628838449716568,0.13276580348610878,0.13011803701519967,96.13318634033203,0.4815272569656372,69800.0,6992.0,69800.0
7.758060612236495e-06,7.758060612236495e-06,0.015336298942565918,0.26724042147397997,0.13561802431941034,0.13162239789962768,95.85344696044922,0.47702224254608155,69850.0,6997.0,69850.0
7.719843564885564e-06,7.719843564885564e-06,0.014231014251708984,0.2561393603682518,0.13856194019317628,0.11757741868495941,96.8793716430664,0.48130362033843993,69900.0,7021.0,69900.0
7.681626517534641e-06,7.681626517534641e-06,0.013294601440429687,0.24508566558361053,0.13207572251558303,0.1130099430680275,93.158447265625,0.47094643115997314,69950.0,7028.0,69950.0
7.643409470183717e-06,7.643409470183717e-06,0.01591923236846924,0.2850353062152863,0.1598389096558094,0.1251963920891285,94.45650482177734,0.48157587051391604,70000.0,7054.0,70000.0
7.605192422832796e-06,7.605192422832796e-06,0.014993524551391602,0.30011430382728577,0.16114405542612076,0.13897024914622308,95.25519561767578,0.48452329635620117,70050.0,7032.0,70050.0
7.56697537548188e-06,7.56697537548188e-06,0.012856245040893555,0.27142981588840487,0.1482621006667614,0.1231677144765854,92.8204116821289,0.47577872276306155,70100.0,7037.0,70100.0
7.528758328130963e-06,7.528758328130963e-06,0.012756013870239257,0.27294782400131223,0.1550937034189701,0.11785412430763245,96.3299560546875,0.4727015018463135,70150.0,7053.0,70150.0
7.490541280780045e-06,7.490541280780045e-06,0.012871026992797852,0.31443004608154296,0.17746972665190697,0.13696032613515854,96.3473892211914,0.47908868789672854,70200.0,7048.0,70200.0
7.452324233429126e-06,7.452324233429126e-06,0.015984654426574707,0.2346867650747299,0.11756302118301391,0.11712374985218048,94.8118896484375,0.4874704599380493,70250.0,7039.0,70250.0
7.4141071860782086e-06,7.4141071860782086e-06,0.01386089324951172,0.27792564779520035,0.1480888955295086,0.12983675077557563,93.58829498291016,0.4773374319076538,70300.0,7001.0,70300.0
7.375890138727291e-06,7.375890138727291e-06,0.014444923400878907,0.27518696039915086,0.14681746438145638,0.12836949303746223,93.12032318115234,0.4781726598739624,70350.0,7042.0,70350.0
7.337673091376372e-06,7.337673091376372e-06,0.014329290390014649,0.29605248272418977,0.17477338910102844,0.12127909287810326,85.84485626220703,0.47301018238067627,70400.0,7010.0,70400.0
7.2994560440254546e-06,7.2994560440254546e-06,0.014126825332641601,0.2439594864845276,0.12250450700521469,0.12145497724413871,95.55876159667969,0.4771304130554199,70450.0,7012.0,70450.0
7.261238996674538e-06,7.261238996674538e-06,0.014236211776733398,0.2806030482053757,0.1548008032143116,0.12580224201083184,94.80421447753906,0.4776653051376343,70500.0,7043.0,70500.0
7.2230219493236225e-06,7.2230219493236225e-06,0.014277482032775879,0.29165943413972856,0.1797481060028076,0.11191132292151451,96.03852081298828,0.4738232374191284,70550.0,7032.0,70550.0
7.184804901972705e-06,7.184804901972705e-06,0.012576556205749512,0.28111549764871596,0.15293339192867278,0.12818210572004318,95.08960723876953,0.471723747253418,70600.0,6994.0,70600.0
7.146587854621785e-06,7.146587854621785e-06,0.012575697898864747,0.2674452766776085,0.14364455714821817,0.12380072101950645,92.79853057861328,0.474298882484436,70650.0,7030.0,70650.0
7.108370807270869e-06,7.108370807270869e-06,0.012615180015563965,0.26671001613140105,0.13737448304891586,0.12933553010225296,92.95645141601562,0.48004004955291746,70700.0,7041.0,70700.0
7.0701537599199525e-06,7.0701537599199525e-06,0.012838935852050782,0.2765890181064606,0.15504323840141296,0.12154577821493148,96.77391815185547,0.4760541200637817,70750.0,6999.0,70750.0
7.031936712569036e-06,7.031936712569036e-06,0.012770342826843261,0.29181002378463744,0.16362059712409974,0.12818942442536355,97.55414581298828,0.4788959980010986,70800.0,7033.0,70800.0
6.99371966521812e-06,6.99371966521812e-06,0.013742995262145997,0.27685037106275556,0.14704848676919938,0.12980188578367233,96.51033020019531,0.4828510761260986,70850.0,7006.0,70850.0
6.9555026178672036e-06,6.9555026178672036e-06,0.012909340858459472,0.26697534024715425,0.14957466572523118,0.11740067675709724,96.15316009521484,0.47080607414245607,70900.0,7032.0,70900.0
6.917285570516286e-06,6.917285570516286e-06,0.01276094913482666,0.2897734045982361,0.15775998011231424,0.13201342672109603,95.20963287353516,0.4756943702697754,70950.0,7029.0,70950.0
6.879068523165371e-06,6.879068523165371e-06,0.012802052497863769,0.2650303155183792,0.14143469035625458,0.12359562963247299,94.67816925048828,0.47887656688690183,71000.0,6990.0,71000.0
6.8408514758144555e-06,6.8408514758144555e-06,0.013433885574340821,0.27609379440546034,0.15650025978684426,0.11959353014826775,95.56298065185547,0.4770625352859497,71050.0,7008.0,71050.0
6.80263442846354e-06,6.80263442846354e-06,0.013802695274353027,0.2507030352950096,0.13220372572541236,0.11849931478500367,96.0242691040039,0.47712247371673583,71100.0,6986.0,71100.0
6.7644173811126234e-06,6.7644173811126234e-06,0.014179253578186035,0.2776144653558731,0.15656688064336777,0.12104758396744728,97.32833862304688,0.4777702569961548,71150.0,7031.0,71150.0
6.726200333761706e-06,6.726200333761706e-06,0.012955880165100098,0.31043496131896975,0.18161070048809053,0.12882426157593727,95.49484252929688,0.4759551525115967,71200.0,7002.0,71200.0
6.68798328641079e-06,6.68798328641079e-06,0.014233255386352539,0.2737034410238266,0.14743740931153299,0.1262660339474678,94.38272857666016,0.47837913036346436,71250.0,7036.0,71250.0
6.649766239059874e-06,6.649766239059874e-06,0.012764501571655273,0.27276906967163084,0.14648960828781127,0.12627946212887764,96.36620330810547,0.47325451374053956,71300.0,7027.0,71300.0
6.611549191708958e-06,6.611549191708958e-06,0.012805008888244629,0.2545380264520645,0.13863150104880334,0.11590652838349343,92.83340454101562,0.47175767421722414,71350.0,7001.0,71350.0
6.573332144358039e-06,6.573332144358039e-06,0.01285092830657959,0.2618491411209106,0.13900069817900657,0.12284844368696213,95.84138488769531,0.4769699811935425,71400.0,6987.0,71400.0
6.535115097007124e-06,6.535115097007124e-06,0.012775516510009766,0.2675039768218994,0.14742285683751105,0.12008111849427223,95.46639251708984,0.47826931476593015,71450.0,7067.0,71450.0
6.496898049656207e-06,6.496898049656207e-06,0.014010953903198241,0.2553005635738373,0.14193582460284232,0.11336473897099494,95.31157684326172,0.4757894277572632,71500.0,7022.0,71500.0
6.458681002305292e-06,6.458681002305292e-06,0.013261914253234863,0.2362883910536766,0.12113267481327057,0.11515571698546409,94.9417953491211,0.47647550106048586,71550.0,7049.0,71550.0
6.4204639549543775e-06,6.4204639549543775e-06,0.01297147274017334,0.25942708253860475,0.130733410269022,0.12869367524981498,96.15084838867188,0.48120167255401614,71600.0,7029.0,71600.0
6.3822469076034615e-06,6.3822469076034615e-06,0.012821578979492187,0.24195657968521117,0.13735781908035277,0.10459876134991646,94.02169036865234,0.4705085277557373,71650.0,6981.0,71650.0
6.344029860252546e-06,6.344029860252546e-06,0.013197016716003419,0.2272368386387825,0.11739788427948952,0.10983895435929299,96.4622802734375,0.4773745059967041,71700.0,6996.0,71700.0
6.305812812901632e-06,6.305812812901632e-06,0.0128570556640625,0.23991255909204484,0.1261129505932331,0.11379960998892784,95.90435791015625,0.47100324630737306,71750.0,7004.0,71750.0
6.267595765550717e-06,6.267595765550717e-06,0.012859082221984864,0.25918983221054076,0.13845964893698692,0.1207301825284958,97.13805389404297,0.4746190071105957,71800.0,7033.0,71800.0
6.229378718199801e-06,6.229378718199801e-06,0.013187527656555176,0.2787936270236969,0.1514679178595543,0.12732571139931678,94.20628356933594,0.4768304586410522,71850.0,7030.0,71850.0
6.191161670848885e-06,6.191161670848885e-06,0.012822890281677246,0.2846775516867638,0.1657714292407036,0.11890612095594406,96.90678405761719,0.4745858907699585,71900.0,7044.0,71900.0
6.152944623497968e-06,6.152944623497968e-06,0.014261269569396972,0.2854689136147499,0.1585123784840107,0.12695653289556502,94.61296081542969,0.47520174980163576,71950.0,7021.0,71950.0
6.114727576147052e-06,6.114727576147052e-06,0.016274547576904295,0.2528943881392479,0.13240511082112788,0.12048927620053292,95.81571960449219,0.4836262226104736,72000.0,7032.0,72000.0
6.0765105287961375e-06,6.0765105287961375e-06,0.014559698104858399,0.27268953770399096,0.15824069529771806,0.11444884613156318,94.61546325683594,0.48187520503997805,72050.0,7041.0,72050.0
6.038293481445222e-06,6.038293481445222e-06,0.016245198249816895,0.2865238472819328,0.15268772542476655,0.13383612111210824,95.20269012451172,0.49537110328674316,72100.0,7031.0,72100.0
6.000076434094308e-06,6.000076434094308e-06,0.01324930191040039,0.27694918513298034,0.15944385528564453,0.11750533059239388,94.26459503173828,0.46964738368988035,72150.0,7018.0,72150.0
5.961859386743394e-06,5.961859386743394e-06,0.012971329689025878,0.27119352519512174,0.15589351654052735,0.11530000865459442,96.31279754638672,0.47316043376922606,72200.0,7002.0,72200.0
5.9236423393924785e-06,5.9236423393924785e-06,0.01643400192260742,0.2943700075149536,0.16480610370635987,0.12956390380859376,88.52542114257812,0.4790832281112671,72250.0,7020.0,72250.0
5.885425292041564e-06,5.885425292041564e-06,0.01522390842437744,0.27693710923194886,0.1598134756088257,0.11712362915277481,94.39735412597656,0.47532079219818113,72300.0,6998.0,72300.0
5.84720824469065e-06,5.84720824469065e-06,0.013844990730285644,0.2891972064971924,0.17756685838103295,0.11163035407662392,97.22071838378906,0.4742874622344971,72350.0,7027.0,72350.0
5.8089911973397355e-06,5.8089911973397355e-06,0.015390706062316895,0.26469152271747587,0.14074394330382348,0.12394758090376853,97.18470764160156,0.49711105823516843,72400.0,7017.0,72400.0
5.770774149988821e-06,5.770774149988821e-06,0.013707852363586426,0.24881049990653992,0.1322715949267149,0.1165389023721218,92.09295654296875,0.47043862342834475,72450.0,7003.0,72450.0
5.732557102637907e-06,5.732557102637907e-06,0.017425680160522462,0.2924744725227356,0.16648660823702813,0.12598786130547523,96.03691864013672,0.48481318950653074,72500.0,7064.0,72500.0
5.6943400552869925e-06,5.6943400552869925e-06,0.013576483726501465,0.2820481210947037,0.14805824905633927,0.13398986980319022,92.47335815429688,0.48148322105407715,72550.0,7055.0,72550.0
5.656123007936078e-06,5.656123007936078e-06,0.012939524650573731,0.27472599148750304,0.15473173037171364,0.11999426037073135,94.92433166503906,0.47250094413757326,72600.0,7016.0,72600.0
5.617905960585164e-06,5.617905960585164e-06,0.013361096382141113,0.25967648476362226,0.13373171761631966,0.12594476491212844,96.17630767822266,0.47953481674194337,72650.0,7000.0,72650.0
5.5796889132342495e-06,5.5796889132342495e-06,0.015169405937194824,0.28050707280635834,0.15870820730924606,0.12179886624217033,95.28219604492188,0.4846107244491577,72700.0,7040.0,72700.0
5.541471865883335e-06,5.541471865883335e-06,0.01499922275543213,0.2921281188726425,0.17022697404026985,0.12190113887190819,94.84188842773438,0.4798935651779175,72750.0,7030.0,72750.0
5.503254818532421e-06,5.503254818532421e-06,0.014324784278869629,0.3089533135294914,0.18196196854114532,0.12699134796857833,96.31900787353516,0.4772979497909546,72800.0,7035.0,72800.0
5.4650377711815065e-06,5.4650377711815065e-06,0.015518283843994141,0.283153823018074,0.14696158617734909,0.1361922413110733,96.6881103515625,0.47812485694885254,72850.0,7013.0,72850.0
5.426820723830592e-06,5.426820723830592e-06,0.013024544715881348,0.2500106513500214,0.13362815380096435,0.11638249717652797,94.31026458740234,0.46957404613494874,72900.0,7021.0,72900.0
5.388603676479678e-06,5.388603676479678e-06,0.016887521743774413,0.2781265988945961,0.15198855698108674,0.1261380396783352,94.06492614746094,0.48748025894165037,72950.0,7015.0,72950.0
5.3503866291287636e-06,5.3503866291287636e-06,0.01292107105255127,0.27221870273351667,0.16068882569670678,0.11152987852692604,92.95862579345703,0.4713296413421631,73000.0,7025.0,73000.0
5.312169581777849e-06,5.312169581777849e-06,0.013883185386657716,0.2830650508403778,0.14465267732739448,0.13841237425804137,94.84208679199219,0.47719886302948,73050.0,7061.0,73050.0
5.273952534426935e-06,5.273952534426935e-06,0.013046932220458985,0.27741113752126695,0.15172056183218957,0.12569057568907738,95.53334045410156,0.47880003452301023,73100.0,7091.0,73100.0
5.2357354870760206e-06,5.2357354870760206e-06,0.015894246101379395,0.2526662737131119,0.138295029848814,0.11437124535441398,96.57890319824219,0.47635664939880373,73150.0,6993.0,73150.0
5.197518439725106e-06,5.197518439725106e-06,0.015354204177856445,0.2503852009773254,0.13462914898991585,0.11575605273246765,93.25817108154297,0.48404812812805176,73200.0,7037.0,73200.0
5.159301392374192e-06,5.159301392374192e-06,0.016027545928955077,0.24339670091867446,0.1370828278362751,0.10631387233734131,95.94763946533203,0.47775936126708984,73250.0,7045.0,73250.0
5.1210843450232776e-06,5.1210843450232776e-06,0.013295769691467285,0.2578993022441864,0.14278649315237998,0.11511280685663224,95.57357025146484,0.4773188829421997,73300.0,7007.0,73300.0
5.082867297672363e-06,5.082867297672363e-06,0.015053439140319824,0.2781600013375282,0.15036017671227456,0.12779982686042785,95.04734802246094,0.4836715221405029,73350.0,7022.0,73350.0
5.044650250321449e-06,5.044650250321449e-06,0.014358901977539062,0.2678682342171669,0.13749648183584212,0.13037175089120864,95.38658142089844,0.4765960216522217,73400.0,7005.0,73400.0
5.006433202970535e-06,5.006433202970535e-06,0.016454029083251952,0.25240476727485656,0.12989939302206038,0.12250537872314453,95.91102600097656,0.47409121990203856,73450.0,7000.0,73450.0
4.96821615561962e-06,4.96821615561962e-06,0.016241908073425293,0.28710529655218125,0.1577459879219532,0.12935930564999581,95.8497314453125,0.4837386131286621,73500.0,7066.0,73500.0
4.929999108268706e-06,4.929999108268706e-06,0.012984156608581543,0.31274769753217696,0.17593585774302484,0.1368118405342102,91.47891235351562,0.4793830394744873,73550.0,7049.0,73550.0
4.891782060917792e-06,4.891782060917792e-06,0.01376204490661621,0.29841096699237823,0.16487828269600868,0.13353268355131148,94.2530746459961,0.4854194402694702,73600.0,7033.0,73600.0
4.853565013566877e-06,4.853565013566877e-06,0.012950396537780762,0.28466562628746034,0.1659224309027195,0.11874319240450859,95.61487579345703,0.4734156847000122,73650.0,7032.0,73650.0
4.815347966215963e-06,4.815347966215963e-06,0.014300680160522461,0.25569161474704744,0.12904343530535697,0.1266481786966324,95.79154205322266,0.4787769317626953,73700.0,7054.0,73700.0
4.777130918865049e-06,4.777130918865049e-06,0.014363980293273926,0.27396349906921386,0.15847598761320114,0.11548751443624497,93.4285659790039,0.4755742311477661,73750.0,7031.0,73750.0
4.738913871514134e-06,4.738913871514134e-06,0.014513325691223145,0.28497537076473234,0.164471860229969,0.12050351276993751,95.44629669189453,0.4801852464675903,73800.0,7031.0,73800.0
4.70069682416322e-06,4.70069682416322e-06,0.015929365158081056,0.2437339335680008,0.1324031140655279,0.11133082173764705,93.17250061035156,0.49096643924713135,73850.0,7024.0,73850.0
4.662479776812306e-06,4.662479776812306e-06,0.014961171150207519,0.25575418770313263,0.13379814624786376,0.12195604369044304,96.76023864746094,0.49668524265289304,73900.0,7068.0,73900.0
4.624262729461391e-06,4.624262729461391e-06,0.014173531532287597,0.27355124801397324,0.15159784108400345,0.12195340543985367,92.06365966796875,0.47805285453796387,73950.0,7050.0,73950.0
4.586045682110477e-06,4.586045682110477e-06,0.012965583801269531,0.28220964670181276,0.15699129179120064,0.12521835491061212,92.83798217773438,0.4750978946685791,74000.0,7030.0,74000.0
4.547828634759563e-06,4.547828634759563e-06,0.015276598930358886,0.2819951608777046,0.1466440111398697,0.13535114824771882,94.69657135009766,0.4800355672836304,74050.0,7032.0,74050.0
4.509611587408648e-06,4.509611587408648e-06,0.012830162048339843,0.2760124772787094,0.14670674800872802,0.12930572628974915,92.2922592163086,0.4763565301895142,74100.0,7031.0,74100.0
4.471394540057734e-06,4.471394540057734e-06,0.012756156921386718,0.28196107149124144,0.1500684402883053,0.13189262822270392,94.93794250488281,0.47944490909576415,74150.0,7056.0,74150.0
4.43317749270682e-06,4.43317749270682e-06,0.014882707595825195,0.30951038002967834,0.16952719986438752,0.1399831771850586,92.1320571899414,0.47838468551635743,74200.0,7027.0,74200.0
4.394960445355905e-06,4.394960445355905e-06,0.012750840187072754,0.2685395091772079,0.14772968888282775,0.12080981656908989,96.00430297851562,0.4735636949539185,74250.0,7017.0,74250.0
4.356743398004991e-06,4.356743398004991e-06,0.012805438041687012,0.2904368668794632,0.16396439746022223,0.12647246941924095,95.71895599365234,0.47574625015258787,74300.0,7053.0,74300.0
4.318526350654077e-06,4.318526350654077e-06,0.014810276031494141,0.2611152768135071,0.13029838353395462,0.13081689551472664,95.71497344970703,0.4977258205413818,74350.0,7014.0,74350.0
4.280309303303162e-06,4.280309303303162e-06,0.018155622482299804,0.2687605395913124,0.14249243587255478,0.12626810222864152,95.82093811035156,0.48469679355621337,74400.0,7034.0,74400.0
4.242092255952248e-06,4.242092255952248e-06,0.01670658588409424,0.258079095184803,0.13139717802405357,0.1266819179058075,94.84028625488281,0.48151981830596924,74450.0,7034.0,74450.0
4.203875208601334e-06,4.203875208601334e-06,0.013600301742553712,0.27004947811365126,0.15285945162177086,0.11719002723693847,93.9065170288086,0.4780799150466919,74500.0,7040.0,74500.0
4.165658161250419e-06,4.165658161250419e-06,0.012518000602722169,0.28682701587677,0.17150349766016007,0.11532351896166801,94.93865966796875,0.4705298662185669,74550.0,6994.0,74550.0
4.127441113899505e-06,4.127441113899505e-06,0.012473082542419434,0.2899537459015846,0.1612233527004719,0.12873039543628692,94.78913879394531,0.4737383842468262,74600.0,7020.0,74600.0
4.089224066548591e-06,4.089224066548591e-06,0.01259617805480957,0.2766409292817116,0.1481407143175602,0.1285002164542675,95.88614654541016,0.4708380222320557,74650.0,7027.0,74650.0
4.051007019197676e-06,4.051007019197676e-06,0.012616848945617676,0.2575262740254402,0.13684259504079818,0.12068367823958397,94.30535888671875,0.4738842725753784,74700.0,7021.0,74700.0
4.012789971846762e-06,4.012789971846762e-06,0.012899827957153321,0.2595209002494812,0.13536322265863418,0.12415767908096313,95.84745788574219,0.4749441385269165,74750.0,7018.0,74750.0
3.974572924495848e-06,3.974572924495848e-06,0.012539100646972657,0.24516705721616744,0.133590966463089,0.11157608889043331,95.72550964355469,0.46961915493011475,74800.0,7026.0,74800.0
3.936355877144933e-06,3.936355877144933e-06,0.012553238868713379,0.2566546335816383,0.13350247219204903,0.12315216138958932,95.93971252441406,0.4760046720504761,74850.0,7060.0,74850.0
3.898138829794019e-06,3.898138829794019e-06,0.013652586936950683,0.26007587015628814,0.13792967423796654,0.12214619815349578,93.87358093261719,0.48668339252471926,74900.0,7013.0,74900.0
3.859921782443105e-06,3.859921782443105e-06,0.013365507125854492,0.2901904881000519,0.16295094713568686,0.12723953947424888,95.20941925048828,0.4903393030166626,74950.0,7025.0,74950.0
3.82170473509219e-06,3.82170473509219e-06,0.01469581127166748,0.2749807178974152,0.14359078258275987,0.13138993680477143,96.0219497680664,0.4931540250778198,75000.0,7011.0,75000.0
3.783487687741271e-06,3.783487687741271e-06,0.01429288387298584,0.23316164910793305,0.12577952146530152,0.10738213062286377,97.546630859375,0.4725151300430298,75050.0,7030.0,75050.0
3.745270640390349e-06,3.745270640390349e-06,0.015033245086669922,0.2480061247944832,0.13099875301122665,0.11700737252831458,91.10894012451172,0.49241037368774415,75100.0,7000.0,75100.0
3.7070535930394295e-06,3.7070535930394295e-06,0.014789009094238281,0.25122478008270266,0.1302965559065342,0.12092822417616844,98.16522216796875,0.49439952373504636,75150.0,7008.0,75150.0
3.668836545688508e-06,3.668836545688508e-06,0.012752485275268555,0.27471238523721697,0.15056224390864373,0.1241501361131668,91.69454956054688,0.4817873239517212,75200.0,7034.0,75200.0
3.6306194983375865e-06,3.6306194983375865e-06,0.012702131271362304,0.2763772949576378,0.14978427216410636,0.1265930227935314,96.61782836914062,0.4756746768951416,75250.0,7021.0,75250.0
3.5924024509866633e-06,3.5924024509866633e-06,0.012812638282775879,0.28697373867034914,0.1640900857746601,0.12288365215063095,94.92231750488281,0.4723351001739502,75300.0,7033.0,75300.0
3.5541854036357426e-06,3.5541854036357426e-06,0.012894010543823243,0.26824607998132705,0.1416030153632164,0.1266430623829365,92.91169738769531,0.47874879837036133,75350.0,7025.0,75350.0
3.5159683562848198e-06,3.5159683562848198e-06,0.012342238426208496,0.25642862170934677,0.12749375998973847,0.1289348617196083,94.88797760009766,0.47310605049133303,75400.0,7055.0,75400.0
3.4777513089338974e-06,3.4777513089338974e-06,0.015911173820495606,0.25482972264289855,0.13273752704262734,0.12209219411015511,96.57709503173828,0.4806243419647217,75450.0,7011.0,75450.0
3.4395342615829746e-06,3.4395342615829746e-06,0.014174795150756836,0.2677593529224396,0.13852822557091712,0.12923112511634827,92.42926025390625,0.47796657085418703,75500.0,7012.0,75500.0
3.401317214232052e-06,3.401317214232052e-06,0.014665913581848145,0.2904812216758728,0.16230021566152572,0.12818100601434707,93.80719757080078,0.4953667640686035,75550.0,7060.0,75550.0
3.363100166881129e-06,3.363100166881129e-06,0.015910625457763672,0.25059266984462736,0.1313684694468975,0.11922420412302018,97.68338775634766,0.4772680997848511,75600.0,7010.0,75600.0
3.32488311953021e-06,3.32488311953021e-06,0.014196419715881347,0.25495545715093615,0.14051250219345093,0.11444295421242714,93.86172485351562,0.4758144855499268,75650.0,7021.0,75650.0
3.286666072179288e-06,3.286666072179288e-06,0.014127111434936524,0.24343324452638626,0.1387995272874832,0.10463371574878692,92.2931900024414,0.47031567096710203,75700.0,7008.0,75700.0
3.248449024828367e-06,3.248449024828367e-06,0.01258101463317871,0.2709915041923523,0.14856109991669655,0.12243040427565574,95.08016204833984,0.47365498542785645,75750.0,7022.0,75750.0
3.2102319774774433e-06,3.2102319774774433e-06,0.015579128265380859,0.3108649909496307,0.17414654418826103,0.13671844378113746,91.05624389648438,0.48176825046539307,75800.0,7025.0,75800.0
3.1720149301265213e-06,3.1720149301265213e-06,0.016402220726013182,0.27365677803754807,0.1613511137664318,0.11230566278100014,94.08916473388672,0.48406031131744387,75850.0,7059.0,75850.0
3.1337978827756002e-06,3.1337978827756002e-06,0.016606855392456054,0.25941071659326553,0.13743737936019898,0.12197333872318268,96.22444915771484,0.4802249431610107,75900.0,7028.0,75900.0
3.0955808354246804e-06,3.0955808354246804e-06,0.014961934089660645,0.33274583518505096,0.20501372516155242,0.1277321107685566,93.54835510253906,0.4832842588424683,75950.0,6993.0,75950.0
3.0573637880737576e-06,3.0573637880737576e-06,0.013019204139709473,0.25593861788511274,0.13922248929738998,0.11671612784266472,95.51177978515625,0.4730231285095215,76000.0,6999.0,76000.0
3.0191467407228373e-06,3.0191467407228373e-06,0.014067745208740235,0.274715718626976,0.14388483464717866,0.1308308832347393,95.45124816894531,0.47488267421722413,76050.0,7010.0,76050.0
2.9809296933719145e-06,2.9809296933719145e-06,0.01641089916229248,0.280518639087677,0.15843616425991058,0.12208248004317283,94.86629486083984,0.4819399118423462,76100.0,7006.0,76100.0
2.942712646020993e-06,2.942712646020993e-06,0.015516400337219238,0.292858698964119,0.17058561816811563,0.12227307930588723,92.19432067871094,0.4817264318466187,76150.0,7019.0,76150.0
2.904495598670071e-06,2.904495598670071e-06,0.014499735832214356,0.27739855647087097,0.15864861831068994,0.11874993219971657,93.91304779052734,0.4729230642318726,76200.0,7021.0,76200.0
2.8662785513191474e-06,2.8662785513191474e-06,0.017214512825012206,0.2583386763930321,0.13034429587423801,0.1279943823814392,96.98816680908203,0.48323397636413573,76250.0,7022.0,76250.0
2.828061503968227e-06,2.828061503968227e-06,0.015294408798217774,0.26980599761009216,0.14282820373773575,0.12697778791189193,96.05158996582031,0.478717303276062,76300.0,7032.0,76300.0
2.789844456617307e-06,2.789844456617307e-06,0.015698337554931642,0.3180683314800262,0.18417449295520782,0.13389383554458617,90.94477081298828,0.4826046943664551,76350.0,7039.0,76350.0
2.7516274092663858e-06,2.7516274092663858e-06,0.014705848693847657,0.24363306313753127,0.12858057245612145,0.11505248919129371,95.71055603027344,0.490993595123291,76400.0,7024.0,76400.0
2.713410361915467e-06,2.713410361915467e-06,0.013565850257873536,0.30857042223215103,0.18198056519031525,0.126589860022068,94.41098022460938,0.4810987710952759,76450.0,6988.0,76450.0
2.6751933145645457e-06,2.6751933145645457e-06,0.012786293029785156,0.2840098857879639,0.16303262636065483,0.12097726240754128,94.0750503540039,0.4720937252044678,76500.0,7023.0,76500.0
2.636976267213626e-06,2.636976267213626e-06,0.014558124542236327,0.2686132907867432,0.15203577950596808,0.11657751053571701,94.51927185058594,0.48571903705596925,76550.0,7019.0,76550.0
2.5987592198627047e-06,2.5987592198627047e-06,0.014495944976806641,0.2621272712945938,0.14266328662633895,0.11946398168802261,95.07907104492188,0.49261438846588135,76600.0,7051.0,76600.0
2.560542172511785e-06,2.560542172511785e-06,0.012747931480407714,0.25872511267662046,0.13428834229707717,0.12443677186965943,91.95877838134766,0.47735276222229006,76650.0,7039.0,76650.0
2.522325125160865e-06,2.522325125160865e-06,0.013002157211303711,0.24537588953971862,0.13383725099265575,0.11153864189982414,95.09879302978516,0.4715083599090576,76700.0,7017.0,76700.0
2.4841080778099456e-06,2.4841080778099456e-06,0.014931440353393555,0.29363244622945783,0.16337963342666625,0.13025281131267546,96.08240509033203,0.49383392333984377,76750.0,7025.0,76750.0
2.4458910304590245e-06,2.4458910304590245e-06,0.01427474021911621,0.2423499718308449,0.12128753066062928,0.12106244266033173,95.48417663574219,0.4916684150695801,76800.0,7036.0,76800.0
2.4076739831081034e-06,2.4076739831081034e-06,0.01403059959411621,0.2525916934013367,0.13773919343948365,0.11485250219702721,96.10249328613281,0.4875280141830444,76850.0,7011.0,76850.0
2.36945693575718e-06,2.36945693575718e-06,0.014546346664428712,0.2882719859480858,0.1686602920293808,0.11961169689893722,90.3520736694336,0.47715890407562256,76900.0,7031.0,76900.0
2.3312398884062616e-06,2.3312398884062616e-06,0.014411091804504395,0.29195121973752974,0.16279335245490073,0.12915786132216453,91.9448013305664,0.48419110774993895,76950.0,7004.0,76950.0
2.29302284105534e-06,2.29302284105534e-06,0.014545965194702148,0.29368532747030257,0.16603177934885024,0.12765354812145233,93.82957458496094,0.47492079734802245,77000.0,7032.0,77000.0
2.25480579370442e-06,2.25480579370442e-06,0.01255018711090088,0.2828670844435692,0.15226444825530053,0.13060263991355897,93.7531509399414,0.47731776237487794,77050.0,7044.0,77050.0
2.2165887463535e-06,2.2165887463535e-06,0.013792085647583007,0.2805908814072609,0.1593896709382534,0.12120120972394943,91.34828186035156,0.48698887825012205,77100.0,7017.0,77100.0
2.178371699002581e-06,2.178371699002581e-06,0.013555335998535156,0.291822224855423,0.16531711146235467,0.12650511637330056,94.83480072021484,0.4727726936340332,77150.0,7017.0,77150.0
2.140154651651662e-06,2.140154651651662e-06,0.012899518013000488,0.268255515396595,0.1430134057998657,0.12524210959672927,96.07882690429688,0.4745200157165527,77200.0,7063.0,77200.0
2.101937604300743e-06,2.101937604300743e-06,0.012830853462219238,0.30891980826854704,0.18314747735857964,0.12577233612537383,94.29891204833984,0.4705789566040039,77250.0,7017.0,77250.0
2.063720556949823e-06,2.063720556949823e-06,0.014037799835205079,0.28010419607162473,0.16788096949458123,0.11222322657704353,96.11017608642578,0.4741594552993774,77300.0,7048.0,77300.0
2.0255035095989017e-06,2.0255035095989017e-06,0.012803912162780762,0.329266220331192,0.18882640302181244,0.14043981730937957,95.26038360595703,0.474991774559021,77350.0,7051.0,77350.0
1.987286462247983e-06,1.987286462247983e-06,0.012772941589355468,0.27922626584768295,0.15349701121449472,0.1257292538881302,94.95761108398438,0.4741762638092041,77400.0,7007.0,77400.0
1.9490694148970607e-06,1.9490694148970607e-06,0.013040900230407715,0.25834428817033767,0.14267131686210632,0.11567296795547008,93.44711303710938,0.4746675491333008,77450.0,7038.0,77450.0
1.9108523675461396e-06,1.9108523675461396e-06,0.013712692260742187,0.22248948961496354,0.11376595199108124,0.10872353501617908,96.39997100830078,0.4677658796310425,77500.0,7004.0,77500.0
1.872635320195217e-06,1.872635320195217e-06,0.013340520858764648,0.28882979452610014,0.16013978123664857,0.1286900132894516,95.8298568725586,0.4775253772735596,77550.0,7020.0,77550.0
1.8344182728442936e-06,1.8344182728442936e-06,0.012596035003662109,0.263792572915554,0.13938090950250626,0.12441166266798973,97.04617309570312,0.47638235092163084,77600.0,7032.0,77600.0
1.7962012254933708e-06,1.7962012254933708e-06,0.013837218284606934,0.3352222010493279,0.21345799118280412,0.12176420837640763,94.66909790039062,0.471635103225708,77650.0,7009.0,77650.0
1.7579841781424476e-06,1.7579841781424476e-06,0.012619519233703613,0.2611891269683838,0.14205997213721275,0.11912915334105492,97.34410095214844,0.47023658752441405,77700.0,7032.0,77700.0
1.7197671307915254e-06,1.7197671307915254e-06,0.012937116622924804,0.27479985952377317,0.14587084352970123,0.1289290189743042,94.20606231689453,0.47567222118377683,77750.0,7032.0,77750.0
1.681550083440602e-06,1.681550083440602e-06,0.01599292755126953,0.2702306240797043,0.13398990854620935,0.136240716278553,92.01182556152344,0.4855023384094238,77800.0,7026.0,77800.0
1.6433330360896781e-06,1.6433330360896781e-06,0.012689518928527831,0.2649702176451683,0.13933227583765984,0.125637935847044,95.03807830810547,0.47406692504882814,77850.0,7021.0,77850.0
1.6051159887387545e-06,1.6051159887387545e-06,0.01600344181060791,0.27588991075754166,0.15000786557793616,0.1258820466697216,96.669677734375,0.48534531593322755,77900.0,7032.0,77900.0
1.566898941387831e-06,1.566898941387831e-06,0.014657115936279297,0.29468911439180373,0.16870498806238174,0.12598412558436395,93.09801483154297,0.4815222978591919,77950.0,7044.0,77950.0
1.5286818940369072e-06,1.5286818940369072e-06,0.014803934097290038,0.2632132455706596,0.13894112557172775,0.12427211925387383,95.80329895019531,0.48545117378234864,78000.0,7010.0,78000.0
1.4904648466859842e-06,1.4904648466859842e-06,0.014676189422607422,0.26129269003868105,0.14952350854873658,0.11176918596029281,97.3833236694336,0.4937177896499634,78050.0,7021.0,78050.0
1.4522477993350603e-06,1.4522477993350603e-06,0.012639880180358887,0.3102057665586472,0.18369714841246604,0.12650861591100693,92.57073211669922,0.474589467048645,78100.0,7023.0,78100.0
1.4140307519841369e-06,1.4140307519841369e-06,0.013768577575683593,0.28134345561265944,0.14852365031838416,0.13281980976462365,93.06380462646484,0.47929232120513915,78150.0,7031.0,78150.0
1.3758137046332136e-06,1.3758137046332136e-06,0.013908028602600098,0.26217314004898074,0.14660216718912125,0.11557097211480141,96.9200668334961,0.474226188659668,78200.0,7021.0,78200.0
1.3375966572822891e-06,1.3375966572822891e-06,0.013960886001586913,0.24885540902614595,0.13578552529215812,0.11306988298892975,94.21085357666016,0.47731475830078124,78250.0,7033.0,78250.0
1.2993796099313646e-06,1.2993796099313646e-06,0.01411747932434082,0.25938681066036223,0.13901989832520484,0.12036691159009934,97.15625,0.4786484479904175,78300.0,7038.0,78300.0
1.2611625625804406e-06,1.2611625625804406e-06,0.013636279106140136,0.25697780698537825,0.13944030553102493,0.11753749921917915,96.53096771240234,0.47053720951080324,78350.0,7012.0,78350.0
1.222945515229516e-06,1.222945515229516e-06,0.013685464859008789,0.29061114490032197,0.17420926466584205,0.11640187576413155,97.08538055419922,0.48045549392700193,78400.0,7025.0,78400.0
1.1847284678785916e-06,1.1847284678785916e-06,0.015744352340698244,0.2762213036417961,0.15027436837553979,0.12594693303108215,94.89356994628906,0.4789337873458862,78450.0,6990.0,78450.0
1.146511420527667e-06,1.146511420527667e-06,0.014646434783935547,0.26975297927856445,0.13876073956489562,0.13099223971366883,96.01274108886719,0.4815373420715332,78500.0,7036.0,78500.0
1.108294373176743e-06,1.108294373176743e-06,0.01545698642730713,0.2914036884903908,0.15856558755040168,0.1328381009399891,96.20526123046875,0.4910996913909912,78550.0,6985.0,78550.0
1.0700773258258185e-06,1.0700773258258185e-06,0.014490175247192382,0.2566573828458786,0.13478409498929977,0.12187329158186913,96.10808563232422,0.49321670532226564,78600.0,7044.0,78600.0
1.0318602784748949e-06,1.0318602784748949e-06,0.014026594161987305,0.24037914127111434,0.12649113610386847,0.11388800293207169,95.10942077636719,0.48171029090881345,78650.0,7025.0,78650.0
9.936432311239704e-07,9.936432311239704e-07,0.013586306571960449,0.28494167476892474,0.15710616409778594,0.12783551216125488,95.4435043334961,0.47843940258026124,78700.0,7036.0,78700.0
9.55426183773047e-07,9.55426183773047e-07,0.01361377239227295,0.25423418581485746,0.1390281818807125,0.11520600616931916,94.9710464477539,0.4742346048355103,78750.0,7011.0,78750.0
9.172091364221247e-07,9.172091364221247e-07,0.013386058807373046,0.29107188135385514,0.17426284551620483,0.11680903807282447,92.04682159423828,0.47396552562713623,78800.0,7012.0,78800.0
8.78992089071203e-07,8.78992089071203e-07,0.012594890594482423,0.26693399250507355,0.14306874051690102,0.12386525422334671,95.45417785644531,0.47082791328430174,78850.0,7051.0,78850.0
8.407750417202808e-07,8.407750417202808e-07,0.014220309257507325,0.3170287236571312,0.18616914004087448,0.13085958436131478,88.32434844970703,0.48213417530059816,78900.0,7010.0,78900.0
8.025579943693587e-07,8.025579943693587e-07,0.0127638578414917,0.27850504219532013,0.15438629761338235,0.1241187408566475,93.65431213378906,0.46999430656433105,78950.0,7034.0,78950.0
7.643409470184373e-07,7.643409470184373e-07,0.012864232063293457,0.2561405450105667,0.14211502224206923,0.11402552425861359,95.8638687133789,0.4711173057556152,79000.0,7004.0,79000.0
7.261238996675158e-07,7.261238996675158e-07,0.012821698188781738,0.2510353744029999,0.14257769882678986,0.10845767632126808,95.00257110595703,0.469976544380188,79050.0,7032.0,79050.0
6.879068523165939e-07,6.879068523165939e-07,0.012868070602416992,0.24327152967453003,0.1298856906592846,0.11338584199547767,95.55921936035156,0.4708550453186035,79100.0,7035.0,79100.0
6.496898049656722e-07,6.496898049656722e-07,0.012969899177551269,0.2514262586832047,0.13938510417938232,0.11204114928841591,96.56497955322266,0.4701486349105835,79150.0,7032.0,79150.0
6.114727576147504e-07,6.114727576147504e-07,0.012802600860595703,0.28359987437725065,0.1513729453086853,0.13222692757844925,97.54093933105469,0.48052947521209716,79200.0,7031.0,79200.0
5.732557102638286e-07,5.732557102638286e-07,0.014303016662597656,0.27684393972158433,0.1594141848385334,0.1174297533929348,95.29756927490234,0.47970080375671387,79250.0,7004.0,79250.0
5.350386629129074e-07,5.350386629129074e-07,0.014095830917358398,0.28961218148469925,0.16413296088576318,0.12547922357916833,95.41834259033203,0.4846938133239746,79300.0,7002.0,79300.0
4.968216155619856e-07,4.968216155619856e-07,0.013233327865600586,0.27599186152219773,0.1499043196439743,0.1260875403881073,94.34615325927734,0.4744779109954834,79350.0,7049.0,79350.0
4.586045682110638e-07,4.586045682110638e-07,0.014816212654113769,0.3085122615098953,0.17582986280322074,0.13268239721655845,96.1822509765625,0.4908773183822632,79400.0,7008.0,79400.0
4.2038752086014176e-07,4.2038752086014176e-07,0.01667609214782715,0.27097767740488055,0.14940210059285164,0.12157557755708695,93.27214813232422,0.4855506896972656,79450.0,7040.0,79450.0
3.8217047350921965e-07,3.8217047350921965e-07,0.013906097412109375,0.28181795179843905,0.1480769120156765,0.13374103903770446,96.54071807861328,0.4756113290786743,79500.0,6996.0,79500.0
3.4395342615829743e-07,3.4395342615829743e-07,0.012576723098754882,0.2793578252196312,0.15094737708568573,0.12841045036911963,95.74772644042969,0.4743337631225586,79550.0,6984.0,79550.0
3.0573637880737516e-07,3.0573637880737516e-07,0.013909459114074707,0.3105609744787216,0.17901627942919732,0.13154469132423402,94.45272827148438,0.47999498844146726,79600.0,7027.0,79600.0
2.675193314564529e-07,2.675193314564529e-07,0.012973332405090332,0.2502152413129807,0.13536620065569877,0.11484904065728188,95.8104019165039,0.4720947742462158,79650.0,7018.0,79650.0
2.2930228410553075e-07,2.2930228410553075e-07,0.013758206367492675,0.2553345084190369,0.12885820493102074,0.1264763019979,96.10562133789062,0.47193217277526855,79700.0,7003.0,79700.0
1.9108523675460874e-07,1.9108523675460874e-07,0.012756013870239257,0.29862636476755144,0.16789919286966323,0.13072717264294625,94.1742935180664,0.47527830600738524,79750.0,7009.0,79750.0
1.5286818940368697e-07,1.5286818940368697e-07,0.01274261474609375,0.2588721364736557,0.13997211903333664,0.11890001967549324,95.05314636230469,0.4707622766494751,79800.0,7054.0,79800.0
1.1465114205276517e-07,1.1465114205276517e-07,0.012805008888244629,0.2660210967063904,0.14081350043416024,0.1252075918018818,96.50707244873047,0.47459847927093507,79850.0,7030.0,79850.0
7.643409470184351e-08,7.643409470184351e-08,0.014024043083190918,0.259012508392334,0.13719271942973138,0.12181978970766068,94.32649993896484,0.4688315153121948,79900.0,7028.0,79900.0
3.8217047350921795e-08,3.8217047350921795e-08,0.013661646842956543,0.2681232765316963,0.14609136283397675,0.12203191295266151,96.10137939453125,0.4736208915710449,79950.0,7031.0,79950.0
0.0,0.0,0.013622331619262695,0.26224963217973707,0.14209262356162072,0.12015700861811637,96.55020904541016,0.4732920408248901,80000.0,6983.0,80000.0
