{"lr": 0.009956325915795412, "data_time": 0.0014963388442993165, "loss": 1.8483109831809998, "decode.loss_ce": 1.331848531961441, "decode.acc_seg": 55.11040496826172, "aux.loss_ce": 0.5164624512195587, "aux.acc_seg": 54.60165023803711, "time": 0.2458038806915283, "iter": 50, "memory": 5384, "step": 50}
{"lr": 0.009911738346653688, "data_time": 0.0018981456756591796, "loss": 1.7798760533332825, "decode.loss_ce": 1.2660165190696717, "decode.acc_seg": 60.45057678222656, "aux.loss_ce": 0.5138595402240753, "aux.acc_seg": 55.04605484008789, "time": 0.24889967441558838, "iter": 100, "memory": 2587, "step": 100}
{"lr": 0.00986712825274952, "data_time": 0.001594853401184082, "loss": 1.469244086742401, "decode.loss_ce": 1.0635598838329314, "decode.acc_seg": 26.753650665283203, "aux.loss_ce": 0.4056842252612114, "aux.acc_seg": 26.451040267944336, "time": 0.2512951850891113, "iter": 150, "memory": 2587, "step": 150}
{"lr": 0.009822495508277105, "data_time": 0.0017933607101440429, "loss": 1.652230405807495, "decode.loss_ce": 1.1677141427993774, "decode.acc_seg": 92.75970458984375, "aux.loss_ce": 0.4845162361860275, "aux.acc_seg": 88.23814392089844, "time": 0.24930007457733155, "iter": 200, "memory": 2587, "step": 200}
{"lr": 0.009777839986082375, "data_time": 0.0018972635269165039, "loss": 1.7426161170005798, "decode.loss_ce": 1.242832350730896, "decode.acc_seg": 35.18968200683594, "aux.loss_ce": 0.4997837543487549, "aux.acc_seg": 36.35024642944336, "time": 0.24720261096954346, "iter": 250, "memory": 2587, "step": 250}
{"lr": 0.009733161557641541, "data_time": 0.0016873836517333984, "loss": 1.7750420808792113, "decode.loss_ce": 1.2641595244407653, "decode.acc_seg": 51.3336181640625, "aux.loss_ce": 0.5108825579285622, "aux.acc_seg": 50.34294128417969, "time": 0.2465996265411377, "iter": 300, "memory": 2587, "step": 300}
{"lr": 0.009688460093039194, "data_time": 0.0016015291213989258, "loss": 1.5984993934631349, "decode.loss_ce": 1.1397104918956757, "decode.acc_seg": 41.68910217285156, "aux.loss_ce": 0.45878891050815584, "aux.acc_seg": 42.146915435791016, "time": 0.25299999713897703, "iter": 350, "memory": 2587, "step": 350}
{"lr": 0.00964373546094596, "data_time": 0.0019739151000976564, "loss": 1.6246522903442382, "decode.loss_ce": 1.1605128169059753, "decode.acc_seg": 30.549545288085938, "aux.loss_ce": 0.46413945555686953, "aux.acc_seg": 30.147533416748047, "time": 0.24690301418304444, "iter": 400, "memory": 2587, "step": 400}
{"lr": 0.00959898752859566, "data_time": 0.001487588882446289, "loss": 1.526848030090332, "decode.loss_ce": 1.070116752386093, "decode.acc_seg": 52.57813262939453, "aux.loss_ce": 0.4567312777042389, "aux.acc_seg": 48.80602264404297, "time": 0.24590039253234863, "iter": 450, "memory": 2587, "step": 450}
{"lr": 0.00955421616176195, "data_time": 0.001691436767578125, "loss": 1.663446056842804, "decode.loss_ce": 1.189036226272583, "decode.acc_seg": 52.478668212890625, "aux.loss_ce": 0.47440982460975645, "aux.acc_seg": 54.40152359008789, "time": 0.25449705123901367, "iter": 500, "memory": 2587, "step": 500}
{"lr": 0.009509421224734563, "data_time": 0.001596975326538086, "loss": 1.534231722354889, "decode.loss_ce": 1.0875837922096252, "decode.acc_seg": 68.75947570800781, "aux.loss_ce": 0.44664795100688937, "aux.acc_seg": 61.43279266357422, "time": 0.24980769157409669, "iter": 550, "memory": 2587, "step": 550}
{"lr": 0.009464602580294901, "data_time": 0.0015931844711303711, "loss": 1.5610044479370118, "decode.loss_ce": 1.1060758352279663, "decode.acc_seg": 34.6115608215332, "aux.loss_ce": 0.4549286276102066, "aux.acc_seg": 37.333518981933594, "time": 0.2553726673126221, "iter": 600, "memory": 2587, "step": 600}
{"lr": 0.009419760089691176, "data_time": 0.0018996953964233398, "loss": 1.8132813215255736, "decode.loss_ce": 1.2893516719341278, "decode.acc_seg": 63.0634651184082, "aux.loss_ce": 0.5239296466112137, "aux.acc_seg": 56.206905364990234, "time": 0.2556624174118042, "iter": 650, "memory": 2587, "step": 650}
{"lr": 0.009374893612612987, "data_time": 0.0019935846328735353, "loss": 1.6011447191238404, "decode.loss_ce": 1.140962392091751, "decode.acc_seg": 72.65570831298828, "aux.loss_ce": 0.4601823061704636, "aux.acc_seg": 74.06935119628906, "time": 0.2698070049285889, "iter": 700, "memory": 2587, "step": 700}
{"lr": 0.009330003007165345, "data_time": 0.0015872001647949218, "loss": 1.4671159982681274, "decode.loss_ce": 1.0412031412124634, "decode.acc_seg": 41.42755889892578, "aux.loss_ce": 0.42591287195682526, "aux.acc_seg": 38.16446304321289, "time": 0.2525432586669922, "iter": 750, "memory": 2587, "step": 750}
{"lr": 0.009285088129842075, "data_time": 0.0016985416412353515, "loss": 1.394591635465622, "decode.loss_ce": 0.9959990620613098, "decode.acc_seg": 61.12147903442383, "aux.loss_ce": 0.3985925644636154, "aux.acc_seg": 63.33033752441406, "time": 0.2574275016784668, "iter": 800, "memory": 2587, "step": 800}
{"lr": 0.009240148835498715, "data_time": 0.0017954349517822266, "loss": 1.516526460647583, "decode.loss_ce": 1.073928713798523, "decode.acc_seg": 65.7623291015625, "aux.loss_ce": 0.4425977647304535, "aux.acc_seg": 65.62881469726562, "time": 0.2461031436920166, "iter": 850, "memory": 2587, "step": 850}
{"lr": 0.00919518497732474, "data_time": 0.0017021656036376952, "loss": 1.7347020149230956, "decode.loss_ce": 1.2246545135974884, "decode.acc_seg": 15.923140525817871, "aux.loss_ce": 0.5100474938750267, "aux.acc_seg": 15.270829200744629, "time": 0.24547343254089354, "iter": 900, "memory": 2587, "step": 900}
{"lr": 0.00915019640681514, "data_time": 0.0015999555587768554, "loss": 1.5745571613311768, "decode.loss_ce": 1.1177685618400575, "decode.acc_seg": 39.89980697631836, "aux.loss_ce": 0.45678859651088716, "aux.acc_seg": 55.42552185058594, "time": 0.24549696445465088, "iter": 950, "memory": 2587, "step": 950}
{"lr": 0.00910518297374144, "data_time": 0.0016979455947875976, "loss": 1.5936469912528992, "decode.loss_ce": 1.1279878973960877, "decode.acc_seg": 46.0363655090332, "aux.loss_ce": 0.4656590908765793, "aux.acc_seg": 33.853878021240234, "time": 0.24690001010894774, "iter": 1000, "memory": 2587, "step": 1000}
{"aAcc": 67.94, "mIoU": 20.42, "mAcc": 30.79, "data_time": 0.27614890656820157, "time": 0.4028909206390381, "step": 1000}
{"lr": 0.009060144526121966, "data_time": 0.0019908905029296874, "loss": 1.5069906949996947, "decode.loss_ce": 1.0807127058506012, "decode.acc_seg": 78.76979064941406, "aux.loss_ce": 0.42627801895141604, "aux.acc_seg": 72.85470581054688, "time": 0.2511117696762085, "iter": 1050, "memory": 2629, "step": 1050}
{"lr": 0.009015080910191509, "data_time": 0.0014915227890014648, "loss": 1.552755320072174, "decode.loss_ce": 1.1136592268943786, "decode.acc_seg": 44.44182205200195, "aux.loss_ce": 0.43909611105918883, "aux.acc_seg": 47.56122970581055, "time": 0.24670305252075195, "iter": 1100, "memory": 2587, "step": 1100}
{"lr": 0.00896999197037022, "data_time": 0.0019944429397583006, "loss": 1.4123474478721618, "decode.loss_ce": 0.9987741887569428, "decode.acc_seg": 50.289154052734375, "aux.loss_ce": 0.41357325613498686, "aux.acc_seg": 49.09515380859375, "time": 0.2503194808959961, "iter": 1150, "memory": 2587, "step": 1150}
{"lr": 0.00892487754923187, "data_time": 0.001791667938232422, "loss": 1.7090246260166169, "decode.loss_ce": 1.2115990698337555, "decode.acc_seg": 83.90699005126953, "aux.loss_ce": 0.497425539791584, "aux.acc_seg": 82.83170318603516, "time": 0.25871968269348145, "iter": 1200, "memory": 2587, "step": 1200}
{"lr": 0.008879737487471246, "data_time": 0.0018030405044555664, "loss": 1.606858992576599, "decode.loss_ce": 1.1459410548210145, "decode.acc_seg": 46.450286865234375, "aux.loss_ce": 0.46091793179512025, "aux.acc_seg": 45.86579132080078, "time": 0.2465970516204834, "iter": 1250, "memory": 2587, "step": 1250}
{"lr": 0.008834571623870927, "data_time": 0.0017983675003051757, "loss": 1.3737645387649535, "decode.loss_ce": 0.972719156742096, "decode.acc_seg": 43.790733337402344,