{"lr": 0.009989084308262066, "data_time": 0.0038670063018798827, "loss": 0.6592155277729035, "decode.loss_ce": 0.47149578332901, "decode.acc_seg": 89.7125244140625, "aux.loss_ce": 0.18771974593400956, "aux.acc_seg": 89.7125244140625, "time": 0.39728693962097167, "iter": 50, "memory": 1717, "step": 50}
{"lr": 0.00997794446709763, "data_time": 0.003805875778198242, "loss": 0.6025463283061981, "decode.loss_ce": 0.4323257476091385, "decode.acc_seg": 93.8629150390625, "aux.loss_ce": 0.17022058442234994, "aux.acc_seg": 93.8629150390625, "time": 0.3980520725250244, "iter": 100, "memory": 784, "step": 100}
{"lr": 0.009966803229875268, "data_time": 0.0038983821868896484, "loss": 0.6277212738990784, "decode.loss_ce": 0.448396360874176, "decode.acc_seg": 76.31072998046875, "aux.loss_ce": 0.17932491898536682, "aux.acc_seg": 75.860595703125, "time": 0.3982886791229248, "iter": 150, "memory": 784, "step": 150}
