{"lr": 0.009956325915795412, "data_time": 0.0019856929779052735, "loss": 1.4917661011219026, "decode.loss_ce": 1.0774178504943848, "decode.acc_seg": 28.853071212768555, "aux.loss_ce": 0.41434821486473083, "aux.acc_seg": 27.412687301635742, "time": 0.15990304946899414, "iter": 50, "memory": 5333, "step": 50}
{"lr": 0.009911738346653688, "data_time": 0.0018914222717285156, "loss": 1.7780531525611878, "decode.loss_ce": 1.3381518483161927, "decode.acc_seg": 44.7864875793457, "aux.loss_ce": 0.4399012625217438, "aux.acc_seg": 58.39480972290039, "time": 0.15970003604888916, "iter": 100, "memory": 2026, "step": 100}
{"lr": 0.00986712825274952, "data_time": 0.0018882989883422852, "loss": 1.7831645488739014, "decode.loss_ce": 1.3502689361572267, "decode.acc_seg": 53.84635925292969, "aux.loss_ce": 0.4328956037759781, "aux.acc_seg": 71.783447265625, "time": 0.16029999256134034, "iter": 150, "memory": 2026, "step": 150}
{"lr": 0.009822495508277105, "data_time": 0.001996755599975586, "loss": 1.6858153462409973, "decode.loss_ce": 1.2507937788963317, "decode.acc_seg": 61.574554443359375, "aux.loss_ce": 0.4350215882062912, "aux.acc_seg": 51.27716064453125, "time": 0.16009950637817383, "iter": 200, "memory": 2026, "step": 200}
